0 0.695312 0.796875 0.695312 0.803125 0.6875 0.810938 0.685938 0.810938 0.682813 0.814062 0.678125 0.814062 0.678125 0.83125 0.684375 0.83125 0.685938 0.832812 0.685938 0.834375 0.6875 0.835938 0.6875 0.8375 0.690625 0.840625 0.690625 0.848437 0.692187 0.85 0.692187 0.851562 0.696875 0.85625 0.698438 0.85625 0.7 0.857813 0.73125 0.857813 0.732813 0.85625 0.734375 0.85625 0.739062 0.851562 0.739062 0.85 0.740625 0.848437 0.745313 0.848437 0.745313 0.820312 0.740625 0.820312 0.7375 0.817187 0.7375 0.815625 0.735937 0.814062 0.735937 0.8125 0.734375 0.810938 0.734375 0.809375 0.728125 0.803125 0.726562 0.803125 0.725 0.801562 0.725 0.796875 0.924166
0 0.695312 0.546875 0.695312 0.551562 0.692187 0.554688 0.689062 0.554688 0.685938 0.557813 0.685938 0.559375 0.684375 0.560938 0.684375 0.5625 0.679688 0.567187 0.679688 0.56875 0.675 0.573438 0.673437 0.573438 0.673437 0.575 0.670313 0.578125 0.665625 0.578125 0.665625 0.585938 0.670313 0.585938 0.675 0.590625 0.675 0.592188 0.678125 0.595312 0.678125 0.601562 0.679688 0.603125 0.679688 0.604688 0.68125 0.60625 0.68125 0.607813 0.682813 0.609375 0.682813 0.610937 0.684375 0.6125 0.684375 0.614062 0.690625 0.620313 0.690625 0.621875 0.69375 0.625 0.695312 0.625 0.696875 0.626562 0.7 0.626562 0.701563 0.625 0.704687 0.625 0.70625 0.623438 0.707812 0.623438 0.709375 0.621875 0.7125 0.621875 0.714063 0.620313 0.717188 0.620313 0.71875 0.61875 0.7375 0.61875 0.739062 0.617188 0.740625 0.617188 0.742188 0.615625 0.74375 0.615625 0.746875 0.6125 0.746875 0.610937 0.75 0.607813 0.75 0.604688 0.751562 0.603125 0.751562 0.601562 0.75 0.6 0.75 0.598437 0.746875 0.595312 0.745313 0.595312 0.739062 0.589063 0.739062 0.5875 0.735937 0.584375 0.735937 0.576563 0.7375 0.575 0.7375 0.570312 0.735937 0.56875 0.734375 0.56875 0.73125 0.565625 0.73125 0.559375 0.734375 0.55625 0.735937 0.55625 0.7375 0.554688 0.74375 0.554688 0.746875 0.557813 0.746875 0.559375 0.742188 0.564062 0.742188 0.570312 0.74375 0.571875 0.764063 0.571875 0.764063 0.546875 0.893701
0 0.948438 0.065625 0.948438 0.0703125 0.945312 0.0734375 0.94375 0.0734375 0.9375 0.0796875 0.9375 0.08125 0.935938 0.0828125 0.935938 0.0859375 0.934375 0.0875 0.934375 0.0921875 0.932813 0.09375 0.932813 0.096875 0.93125 0.0984375 0.93125 0.101562 0.926562 0.10625 0.921875 0.10625 0.921875 0.123438 0.928125 0.123438 0.93125 0.126563 0.934375 0.126563 0.935938 0.128125 0.939062 0.128125 0.940625 0.129688 0.948438 0.129688 0.95 0.13125 0.953125 0.13125 0.954687 0.132812 0.954687 0.134375 0.95625 0.134375 0.957812 0.135937 0.957812 0.1375 0.960938 0.140625 0.9625 0.140625 0.965625 0.14375 0.967188 0.14375 0.970312 0.146875 0.970312 0.151562 0.978125 0.151562 0.978125 0.145313 0.979688 0.14375 0.98125 0.14375 0.98125 0.142188 0.990625 0.132812 0.998438 0.132812 0.998438 0.084375 0.99375 0.084375 0.992188 0.0828125 0.990625 0.0828125 0.989062 0.08125 0.9875 0.08125 0.985937 0.0796875 0.984375 0.0796875 0.982813 0.078125 0.98125 0.078125 0.978125 0.075 0.976562 0.075 0.975 0.0734375 0.975 0.071875 0.973437 0.0703125 0.973437 0.065625 0.883005
0 0.523438 0.409375 0.523438 0.414062 0.515625 0.421875 0.515625 0.423438 0.514063 0.425 0.514063 0.426562 0.5125 0.428125 0.5125 0.43125 0.514063 0.432813 0.510938 0.435937 0.510938 0.4375 0.50625 0.442187 0.50625 0.44375 0.504687 0.445312 0.504687 0.446875 0.501562 0.45 0.496875 0.45 0.496875 0.470313 0.501562 0.470313 0.503125 0.471875 0.504687 0.471875 0.510938 0.478125 0.5125 0.478125 0.515625 0.48125 0.517187 0.48125 0.51875 0.482812 0.521875 0.482812 0.523438 0.484375 0.526563 0.484375 0.528125 0.485938 0.532812 0.485938 0.534375 0.4875 0.546875 0.4875 0.548437 0.485938 0.553125 0.485938 0.554688 0.484375 0.55625 0.484375 0.5625 0.478125 0.564062 0.478125 0.565625 0.476562 0.56875 0.476562 0.570312 0.475 0.571875 0.475 0.571875 0.473437 0.575 0.470313 0.575 0.467187 0.576563 0.465625 0.576563 0.464063 0.575 0.4625 0.575 0.45625 0.573438 0.454688 0.573438 0.445312 0.575 0.44375 0.575 0.442187 0.576563 0.440625 0.576563 0.434375 0.570312 0.428125 0.56875 0.428125 0.567187 0.426562 0.565625 0.426562 0.564062 0.425 0.5625 0.425 0.560938 0.423438 0.557813 0.423438 0.551562 0.417188 0.545313 0.417188 0.54375 0.41875 0.5375 0.41875 0.535937 0.417188 0.532812 0.417188 0.529688 0.414062 0.529688 0.409375 0.879929
0 0.0234375 0.534375 0.0234375 0.540625 0.015625 0.548437 0.015625 0.55 0.0109375 0.554688 0.009375 0.554688 0.0078125 0.55625 0.003125 0.55625 0.003125 0.582812 0.0078125 0.582812 0.009375 0.584375 0.009375 0.5875 0.0109375 0.589063 0.0109375 0.592188 0.0125 0.59375 0.0125 0.595312 0.0171875 0.6 0.0171875 0.601562 0.01875 0.603125 0.01875 0.604688 0.0203125 0.60625 0.0234375 0.60625 0.025 0.604688 0.046875 0.604688 0.0515625 0.609375 0.0515625 0.614062 0.0578125 0.614062 0.0578125 0.609375 0.0640625 0.603125 0.065625 0.603125 0.0671875 0.601562 0.06875 0.601562 0.0734375 0.596875 0.0734375 0.592188 0.075 0.590625 0.075 0.557813 0.065625 0.548437 0.0640625 0.548437 0.0625 0.546875 0.053125 0.546875 0.0515625 0.545313 0.0484375 0.545313 0.046875 0.54375 0.0453125 0.54375 0.04375 0.542188 0.0421875 0.542188 0.0390625 0.539062 0.0390625 0.534375 0.875721
0 0.46875 0.321875 0.467187 0.323438 0.464063 0.323438 0.460938 0.326562 0.459375 0.326562 0.45625 0.329688 0.454688 0.329688 0.45 0.334375 0.448438 0.334375 0.446875 0.335938 0.446875 0.3375 0.44375 0.340625 0.44375 0.342187 0.439063 0.346875 0.434375 0.346875 0.434375 0.354688 0.439063 0.354688 0.440625 0.35625 0.440625 0.357812 0.442187 0.359375 0.442187 0.371875 0.44375 0.373437 0.44375 0.376563 0.445312 0.378125 0.445312 0.379687 0.446875 0.38125 0.446875 0.382812 0.448438 0.384375 0.45 0.384375 0.451562 0.385938 0.453125 0.385938 0.454688 0.3875 0.45625 0.3875 0.457812 0.389062 0.460938 0.389062 0.4625 0.390625 0.464063 0.390625 0.465625 0.392188 0.467187 0.392188 0.473437 0.398438 0.475 0.398438 0.476562 0.4 0.478125 0.398438 0.48125 0.398438 0.482812 0.396875 0.4875 0.396875 0.489062 0.395312 0.496875 0.395312 0.498437 0.39375 0.501562 0.39375 0.504687 0.390625 0.50625 0.390625 0.507812 0.389062 0.507812 0.3875 0.514063 0.38125 0.515625 0.38125 0.517187 0.379687 0.51875 0.379687 0.521875 0.376563 0.521875 0.375 0.523438 0.373437 0.523438 0.364062 0.521875 0.3625 0.521875 0.359375 0.51875 0.35625 0.51875 0.354688 0.517187 0.353125 0.517187 0.351562 0.515625 0.35 0.514063 0.35 0.5125 0.348437 0.510938 0.348437 0.509375 0.346875 0.507812 0.346875 0.504687 0.34375 0.504687 0.342187 0.501562 0.339063 0.501562 0.3375 0.5 0.335938 0.498437 0.335938 0.496875 0.334375 0.495313 0.334375 0.49375 0.332812 0.489062 0.332812 0.4875 0.33125 0.485938 0.33125 0.484375 0.329688 0.482812 0.329688 0.48125 0.328125 0.479688 0.328125 0.476562 0.325 0.475 0.325 0.471875 0.321875 0.870167
0 0.135937 0.903125 0.135937 0.907812 0.134375 0.909375 0.129688 0.909375 0.128125 0.910937 0.125 0.910937 0.114063 0.921875 0.109375 0.921875 0.109375 0.95 0.115625 0.95 0.117188 0.951563 0.120312 0.951563 0.121875 0.953125 0.123438 0.953125 0.125 0.954687 0.126563 0.954687 0.128125 0.95625 0.129688 0.95625 0.13125 0.957812 0.132812 0.957812 0.134375 0.959375 0.1375 0.959375 0.139062 0.960938 0.140625 0.960938 0.142188 0.959375 0.14375 0.959375 0.145313 0.957812 0.146875 0.957812 0.15625 0.948438 0.157813 0.948438 0.159375 0.946875 0.160938 0.946875 0.1625 0.945312 0.164062 0.945312 0.165625 0.94375 0.167187 0.94375 0.171875 0.939062 0.176563 0.939062 0.176563 0.929688 0.171875 0.929688 0.164062 0.921875 0.164062 0.920313 0.1625 0.91875 0.1625 0.917188 0.160938 0.915625 0.160938 0.914062 0.157813 0.910937 0.157813 0.909375 0.15625 0.907812 0.15625 0.903125 0.869988
0 0.785937 0.253125 0.784375 0.254687 0.78125 0.254687 0.779688 0.25625 0.778125 0.25625 0.776563 0.257812 0.775 0.257812 0.773438 0.259375 0.771875 0.259375 0.770312 0.260938 0.76875 0.260938 0.765625 0.264062 0.765625 0.265625 0.760938 0.270312 0.760938 0.279687 0.7625 0.28125 0.7625 0.284375 0.760938 0.285937 0.760938 0.290625 0.757812 0.29375 0.753125 0.29375 0.753125 0.307813 0.759375 0.307813 0.760938 0.309375 0.7625 0.309375 0.770312 0.317187 0.770312 0.320312 0.771875 0.321875 0.773438 0.321875 0.775 0.323438 0.776563 0.323438 0.778125 0.325 0.779688 0.325 0.78125 0.326562 0.782812 0.326562 0.784375 0.328125 0.785937 0.328125 0.7875 0.329688 0.789062 0.329688 0.790625 0.33125 0.796875 0.33125 0.8 0.334375 0.8 0.339063 0.810938 0.339063 0.810938 0.334375 0.815625 0.329688 0.817187 0.329688 0.823438 0.323438 0.823438 0.321875 0.826563 0.31875 0.826563 0.317187 0.828125 0.315625 0.828125 0.3125 0.829687 0.310937 0.829687 0.307813 0.83125 0.30625 0.83125 0.3 0.832812 0.298438 0.832812 0.290625 0.823438 0.28125 0.823438 0.279687 0.807813 0.264062 0.807813 0.2625 0.80625 0.260938 0.804688 0.260938 0.798437 0.254687 0.796875 0.254687 0.795313 0.253125 0.869929
0 0.114063 0.309375 0.114063 0.320312 0.110937 0.323438 0.109375 0.323438 0.107813 0.325 0.10625 0.325 0.103125 0.328125 0.101562 0.328125 0.0953125 0.334375 0.090625 0.334375 0.090625 0.357812 0.096875 0.357812 0.1 0.360938 0.1 0.3625 0.103125 0.365625 0.103125 0.367188 0.107813 0.371875 0.107813 0.373437 0.1125 0.378125 0.1125 0.382812 0.11875 0.382812 0.11875 0.376563 0.120312 0.375 0.126563 0.375 0.129688 0.371875 0.13125 0.371875 0.132812 0.370313 0.134375 0.370313 0.135937 0.36875 0.140625 0.36875 0.142188 0.367188 0.145313 0.367188 0.146875 0.365625 0.148438 0.365625 0.15 0.364062 0.151562 0.364062 0.159375 0.35625 0.159375 0.354688 0.160938 0.353125 0.160938 0.348437 0.159375 0.346875 0.159375 0.345313 0.15625 0.342187 0.15625 0.340625 0.153125 0.3375 0.153125 0.335938 0.142188 0.325 0.140625 0.325 0.139062 0.323438 0.128125 0.323438 0.126563 0.321875 0.121875 0.321875 0.120312 0.320312 0.120312 0.31875 0.117188 0.315625 0.117188 0.309375 0.867906
0 0.970312 0.003125 0.970312 0.0078125 0.965625 0.0125 0.959375 0.0125 0.959375 0.04375 0.964063 0.04375 0.971875 0.0515625 0.971875 0.053125 0.973437 0.0546875 0.973437 0.05625 0.975 0.0578125 0.975 0.059375 0.976562 0.0609375 0.976562 0.0625 0.978125 0.0625 0.979688 0.0640625 0.982813 0.0640625 0.984375 0.065625 0.985937 0.065625 0.9875 0.0671875 0.989062 0.0671875 0.990625 0.06875 0.99375 0.06875 0.995313 0.0703125 0.995313 0.0765625 0.998438 0.0765625 0.998438 0.003125 0.867724
0 0.246875 0.528125 0.246875 0.532812 0.24375 0.535937 0.242188 0.535937 0.239063 0.539062 0.234375 0.539062 0.234375 0.573438 0.239063 0.573438 0.245312 0.579687 0.246875 0.579687 0.251563 0.584375 0.253125 0.584375 0.254687 0.585938 0.25625 0.585938 0.257812 0.5875 0.270312 0.5875 0.271875 0.585938 0.273438 0.585938 0.275 0.584375 0.278125 0.584375 0.28125 0.58125 0.28125 0.579687 0.282813 0.578125 0.282813 0.576563 0.290625 0.56875 0.292188 0.56875 0.295312 0.565625 0.301562 0.565625 0.301562 0.554688 0.296875 0.554688 0.289062 0.546875 0.289062 0.542188 0.2875 0.540625 0.2875 0.528125 0.86619
0 0.478125 0.178125 0.478125 0.184375 0.476562 0.185937 0.476562 0.1875 0.473437 0.190625 0.471875 0.190625 0.471875 0.192188 0.464063 0.2 0.464063 0.201562 0.4625 0.203125 0.464063 0.204688 0.464063 0.20625 0.465625 0.207813 0.465625 0.209375 0.4625 0.2125 0.4625 0.214062 0.460938 0.215625 0.460938 0.217187 0.457812 0.220313 0.453125 0.220313 0.453125 0.234375 0.460938 0.234375 0.4625 0.235938 0.464063 0.235938 0.46875 0.240625 0.470313 0.240625 0.475 0.245312 0.476562 0.245312 0.479688 0.248437 0.504687 0.248437 0.50625 0.246875 0.507812 0.246875 0.5125 0.242188 0.5125 0.240625 0.514063 0.239063 0.514063 0.234375 0.5125 0.232812 0.5125 0.228125 0.510938 0.226562 0.510938 0.21875 0.5125 0.217187 0.5125 0.214062 0.514063 0.2125 0.514063 0.210938 0.515625 0.209375 0.515625 0.20625 0.517187 0.204688 0.517187 0.203125 0.515625 0.201562 0.515625 0.198437 0.514063 0.196875 0.514063 0.195312 0.5125 0.195312 0.509375 0.192188 0.509375 0.190625 0.507812 0.189063 0.507812 0.1875 0.503125 0.182812 0.503125 0.178125 0.864461
0 0.189063 0.865625 0.189063 0.870313 0.184375 0.875 0.184375 0.876562 0.182812 0.878125 0.178125 0.878125 0.178125 0.914062 0.182812 0.914062 0.185937 0.917188 0.185937 0.91875 0.1875 0.920313 0.1875 0.921875 0.19375 0.928125 0.195312 0.928125 0.196875 0.929688 0.220313 0.929688 0.221875 0.928125 0.226562 0.928125 0.234375 0.920313 0.234375 0.91875 0.235938 0.917188 0.235938 0.914062 0.2375 0.9125 0.2375 0.903125 0.239063 0.901563 0.239063 0.898438 0.240625 0.896875 0.240625 0.884375 0.239063 0.882812 0.239063 0.88125 0.2375 0.879687 0.2375 0.876562 0.235938 0.875 0.235938 0.865625 0.861967
0 0.159375 0.746875 0.159375 0.751562 0.157813 0.753125 0.151562 0.753125 0.146875 0.757812 0.146875 0.759375 0.142188 0.764063 0.142188 0.770312 0.140625 0.771875 0.140625 0.776563 0.139062 0.778125 0.134375 0.778125 0.134375 0.803125 0.140625 0.803125 0.148438 0.810938 0.148438 0.8125 0.151562 0.815625 0.153125 0.815625 0.154687 0.817187 0.160938 0.817187 0.1625 0.81875 0.18125 0.81875 0.182812 0.817187 0.184375 0.817187 0.1875 0.814062 0.189063 0.814062 0.189063 0.8125 0.19375 0.807813 0.19375 0.80625 0.196875 0.803125 0.196875 0.801562 0.198437 0.8 0.198437 0.798437 0.2 0.796875 0.2 0.784375 0.201562 0.782812 0.201562 0.770312 0.2 0.76875 0.2 0.765625 0.195312 0.760938 0.195312 0.759375 0.19375 0.757812 0.192188 0.757812 0.185937 0.751562 0.185937 0.746875 0.857644
0 0.003125 0.396875 0.003125 0.454688 0.0109375 0.454688 0.0125 0.45625 0.0140625 0.45625 0.015625 0.457812 0.0171875 0.457812 0.01875 0.45625 0.0234375 0.45625 0.025 0.454688 0.0265625 0.454688 0.028125 0.453125 0.03125 0.453125 0.0328125 0.451562 0.0359375 0.451562 0.0375 0.45 0.040625 0.45 0.0421875 0.448438 0.04375 0.448438 0.0484375 0.44375 0.0484375 0.442187 0.05 0.440625 0.05 0.428125 0.0484375 0.426562 0.0484375 0.425 0.046875 0.423438 0.046875 0.421875 0.0453125 0.420312 0.0453125 0.417188 0.04375 0.415625 0.04375 0.410937 0.0421875 0.409375 0.0421875 0.40625 0.040625 0.404687 0.040625 0.396875 0.854324
0 0.123438 0.646875 0.123438 0.65625 0.121875 0.657812 0.121875 0.664062 0.120312 0.665625 0.115625 0.665625 0.115625 0.7 0.120312 0.7 0.121875 0.701563 0.123438 0.701563 0.126563 0.704687 0.128125 0.704687 0.129688 0.70625 0.13125 0.70625 0.134375 0.709375 0.142188 0.709375 0.14375 0.707812 0.145313 0.707812 0.146875 0.70625 0.148438 0.70625 0.15 0.704687 0.151562 0.704687 0.153125 0.703125 0.154687 0.703125 0.157813 0.7 0.159375 0.7 0.160938 0.698438 0.164062 0.698438 0.165625 0.696875 0.167187 0.696875 0.170312 0.69375 0.170312 0.684375 0.171875 0.682813 0.171875 0.679688 0.173438 0.678125 0.173438 0.675 0.175 0.673437 0.175 0.66875 0.173438 0.667188 0.173438 0.665625 0.171875 0.664062 0.171875 0.6625 0.165625 0.65625 0.165625 0.654688 0.164062 0.653125 0.164062 0.646875 0.853295
0 0.857813 0.753125 0.857813 0.757812 0.85625 0.759375 0.854688 0.759375 0.85 0.764063 0.85 0.776563 0.845312 0.78125 0.840625 0.78125 0.840625 0.803125 0.848437 0.803125 0.85 0.804688 0.851562 0.804688 0.853125 0.80625 0.854688 0.80625 0.857813 0.809375 0.859375 0.809375 0.860937 0.810938 0.8625 0.810938 0.867188 0.815625 0.867188 0.820312 0.879687 0.820312 0.879687 0.815625 0.890625 0.804688 0.892187 0.804688 0.895312 0.801562 0.896875 0.801562 0.9 0.798437 0.9 0.796875 0.901563 0.795313 0.9 0.79375 0.9 0.784375 0.901563 0.782812 0.901563 0.778125 0.889063 0.765625 0.889063 0.760938 0.8875 0.759375 0.8875 0.753125 0.846792
0 0.05 0.940625 0.05 0.946875 0.046875 0.95 0.046875 0.951563 0.0421875 0.95625 0.0421875 0.957812 0.0390625 0.960938 0.0390625 0.9625 0.0359375 0.965625 0.0359375 0.96875 0.0328125 0.971875 0.028125 0.971875 0.028125 0.9875 0.0359375 0.9875 0.0375 0.989062 0.040625 0.989062 0.04375 0.992188 0.0453125 0.992188 0.05 0.996875 0.05 0.998438 0.0828125 0.998438 0.0828125 0.996875 0.090625 0.989062 0.0921875 0.989062 0.0953125 0.985937 0.096875 0.985937 0.0984375 0.984375 0.0984375 0.982813 0.1 0.98125 0.1 0.960938 0.0984375 0.959375 0.0984375 0.957812 0.0953125 0.954687 0.09375 0.954687 0.0921875 0.953125 0.090625 0.953125 0.0875 0.95 0.0875 0.948438 0.0859375 0.946875 0.0859375 0.940625 0.844899
0 0.279687 0.821875 0.279687 0.826563 0.276563 0.829687 0.275 0.829687 0.26875 0.835938 0.267188 0.835938 0.264062 0.839063 0.2625 0.839063 0.260938 0.840625 0.259375 0.840625 0.25625 0.84375 0.25625 0.845312 0.251563 0.85 0.246875 0.85 0.246875 0.867188 0.253125 0.867188 0.254687 0.86875 0.25625 0.86875 0.2625 0.875 0.2625 0.876562 0.264062 0.878125 0.264062 0.879687 0.267188 0.882812 0.267188 0.884375 0.273438 0.890625 0.273438 0.895312 0.289062 0.895312 0.289062 0.890625 0.290625 0.889063 0.292188 0.889063 0.29375 0.8875 0.295312 0.8875 0.296875 0.885938 0.298438 0.885938 0.3 0.884375 0.301562 0.884375 0.303125 0.882812 0.30625 0.882812 0.307813 0.88125 0.3125 0.88125 0.314063 0.879687 0.315625 0.879687 0.317187 0.878125 0.31875 0.878125 0.31875 0.875 0.320312 0.873438 0.320312 0.870313 0.31875 0.86875 0.31875 0.867188 0.317187 0.865625 0.317187 0.864062 0.315625 0.8625 0.315625 0.860937 0.314063 0.859375 0.314063 0.85625 0.315625 0.854688 0.315625 0.85 0.317187 0.848437 0.317187 0.846875 0.31875 0.845312 0.31875 0.84375 0.320312 0.842188 0.320312 0.840625 0.321875 0.839063 0.321875 0.83125 0.320312 0.829687 0.320312 0.821875 0.844523
0 0.09375 0.565625 0.09375 0.570312 0.0921875 0.571875 0.090625 0.571875 0.0875 0.575 0.0859375 0.575 0.0765625 0.584375 0.071875 0.584375 0.071875 0.614062 0.078125 0.614062 0.0796875 0.615625 0.08125 0.615625 0.0828125 0.617188 0.084375 0.617188 0.0859375 0.61875 0.0875 0.61875 0.090625 0.621875 0.0921875 0.621875 0.09375 0.623438 0.0984375 0.623438 0.1 0.625 0.109375 0.625 0.110937 0.623438 0.1125 0.623438 0.114063 0.621875 0.115625 0.621875 0.117188 0.620313 0.11875 0.620313 0.120312 0.61875 0.121875 0.61875 0.123438 0.617188 0.125 0.617188 0.126563 0.615625 0.128125 0.615625 0.132812 0.610937 0.132812 0.609375 0.135937 0.60625 0.135937 0.604688 0.1375 0.603125 0.1375 0.6 0.135937 0.598437 0.135937 0.590625 0.134375 0.589063 0.134375 0.585938 0.132812 0.584375 0.132812 0.582812 0.129688 0.579687 0.129688 0.578125 0.128125 0.576563 0.128125 0.575 0.126563 0.573438 0.126563 0.565625 0.843756
0 0.845312 0.571875 0.845312 0.576563 0.842188 0.579687 0.840625 0.579687 0.839063 0.58125 0.832812 0.58125 0.83125 0.582812 0.826563 0.582812 0.825 0.584375 0.820312 0.584375 0.815625 0.589063 0.814062 0.589063 0.8125 0.590625 0.8125 0.592188 0.810938 0.59375 0.809375 0.59375 0.807813 0.595312 0.803125 0.595312 0.803125 0.63125 0.809375 0.63125 0.8125 0.634375 0.8125 0.635938 0.815625 0.639063 0.817187 0.639063 0.81875 0.640625 0.820312 0.640625 0.821875 0.642187 0.825 0.642187 0.826563 0.64375 0.839063 0.64375 0.840625 0.645312 0.84375 0.645312 0.845312 0.64375 0.854688 0.64375 0.857813 0.640625 0.859375 0.640625 0.859375 0.639063 0.860937 0.6375 0.860937 0.635938 0.8625 0.634375 0.8625 0.632812 0.864062 0.63125 0.864062 0.629687 0.865625 0.628125 0.865625 0.626562 0.867188 0.625 0.867188 0.623438 0.873438 0.617188 0.873438 0.615625 0.875 0.614062 0.875 0.59375 0.865625 0.584375 0.865625 0.582812 0.864062 0.58125 0.864062 0.571875 0.84273
0 0.476562 0.159375 0.473437 0.15625 0.471875 0.15625 0.46875 0.153125 0.467187 0.153125 0.4625 0.148438 0.460938 0.148438 0.457812 0.145313 0.45625 0.145313 0.454688 0.14375 0.453125 0.14375 0.45 0.140625 0.448438 0.140625 0.445312 0.1375 0.44375 0.1375 0.442187 0.135937 0.4375 0.135937 0.435937 0.134375 0.426562 0.134375 0.425 0.135937 0.421875 0.135937 0.41875 0.139062 0.41875 0.140625 0.417188 0.142188 0.417188 0.14375 0.414062 0.146875 0.4125 0.146875 0.410937 0.148438 0.407813 0.148438 0.40625 0.15 0.404687 0.15 0.403125 0.151562 0.396875 0.151562 0.396875 0.167187 0.401563 0.167187 0.403125 0.16875 0.404687 0.16875 0.407813 0.171875 0.407813 0.173438 0.409375 0.175 0.409375 0.176563 0.414062 0.18125 0.414062 0.182812 0.415625 0.184375 0.415625 0.185937 0.417188 0.1875 0.417188 0.189063 0.420312 0.192188 0.420312 0.195312 0.421875 0.196875 0.421875 0.198437 0.425 0.201562 0.426562 0.201562 0.428125 0.203125 0.439063 0.203125 0.440625 0.204688 0.442187 0.204688 0.44375 0.20625 0.445312 0.20625 0.446875 0.207813 0.448438 0.207813 0.45 0.209375 0.45 0.214062 0.45625 0.214062 0.45625 0.209375 0.459375 0.20625 0.459375 0.204688 0.460938 0.203125 0.4625 0.203125 0.4625 0.201562 0.464063 0.2 0.464063 0.198437 0.465625 0.196875 0.465625 0.195312 0.467187 0.19375 0.467187 0.190625 0.46875 0.189063 0.46875 0.185937 0.470313 0.184375 0.470313 0.171875 0.476562 0.165625 0.476562 0.159375 0.484375 0.148438 0.489062 0.148438 0.489062 0.128125 0.48125 0.128125 0.48125 0.139062 0.482812 0.140625 0.482812 0.145313 0.484375 0.146875 0.484375 0.148438 0.842187
0 0.959375 0.715625 0.959375 0.720312 0.95625 0.723437 0.954687 0.723437 0.95 0.728125 0.95 0.729688 0.945312 0.734375 0.940625 0.734375 0.940625 0.759375 0.945312 0.759375 0.960938 0.775 0.9625 0.775 0.964063 0.776563 0.964063 0.782812 0.970312 0.782812 0.970312 0.778125 0.973437 0.775 0.976562 0.775 0.982813 0.76875 0.984375 0.76875 0.9875 0.765625 0.989062 0.765625 0.990625 0.764063 0.995313 0.764063 0.996875 0.7625 0.998438 0.7625 0.998438 0.734375 0.996875 0.734375 0.992188 0.729688 0.992188 0.728125 0.989062 0.725 0.989062 0.723437 0.9875 0.721875 0.9875 0.715625 0.841735
0 0.6875 0.215625 0.6875 0.221875 0.68125 0.228125 0.68125 0.23125 0.679688 0.232812 0.679688 0.234375 0.678125 0.235938 0.667188 0.235938 0.665625 0.2375 0.664062 0.2375 0.6625 0.239063 0.660937 0.239063 0.659375 0.240625 0.657812 0.240625 0.653125 0.245312 0.646875 0.245312 0.646875 0.25625 0.653125 0.25625 0.654688 0.257812 0.654688 0.259375 0.65625 0.260938 0.65625 0.2625 0.657812 0.264062 0.657812 0.265625 0.654688 0.26875 0.654688 0.276563 0.653125 0.278125 0.653125 0.279687 0.651563 0.28125 0.646875 0.28125 0.646875 0.290625 0.651563 0.290625 0.657812 0.296875 0.657812 0.298438 0.660937 0.301562 0.660937 0.303125 0.664062 0.30625 0.664062 0.307813 0.665625 0.309375 0.665625 0.314063 0.671875 0.314063 0.671875 0.309375 0.675 0.30625 0.676562 0.30625 0.678125 0.304688 0.679688 0.304688 0.68125 0.303125 0.684375 0.303125 0.685938 0.301562 0.69375 0.301562 0.695312 0.3 0.701563 0.3 0.703125 0.298438 0.70625 0.298438 0.707812 0.296875 0.710938 0.296875 0.7125 0.295312 0.714063 0.295312 0.717188 0.292188 0.71875 0.292188 0.720312 0.290625 0.721875 0.290625 0.723437 0.289062 0.726562 0.289062 0.728125 0.2875 0.729688 0.2875 0.73125 0.285937 0.732813 0.285937 0.734375 0.284375 0.735937 0.284375 0.739062 0.28125 0.740625 0.28125 0.74375 0.278125 0.745313 0.278125 0.748438 0.275 0.748438 0.273438 0.75 0.271875 0.75 0.2625 0.748438 0.260938 0.748438 0.259375 0.746875 0.257812 0.746875 0.25625 0.745313 0.25625 0.742188 0.253125 0.739062 0.253125 0.7375 0.251563 0.734375 0.251563 0.728125 0.245312 0.728125 0.235938 0.726562 0.234375 0.726562 0.232812 0.725 0.232812 0.71875 0.226562 0.717188 0.226562 0.715625 0.225 0.714063 0.225 0.7125 0.223438 0.709375 0.223438 0.707812 0.221875 0.70625 0.223438 0.704687 0.223438 0.703125 0.225 0.701563 0.225 0.698438 0.221875 0.698438 0.215625 0.841475
0 0.440625 0.003125 0.440625 0.0078125 0.435937 0.0125 0.432813 0.0125 0.43125 0.0140625 0.429688 0.0140625 0.428125 0.015625 0.426562 0.015625 0.421875 0.0203125 0.415625 0.0203125 0.415625 0.0515625 0.420312 0.0515625 0.426562 0.0578125 0.428125 0.0578125 0.432813 0.0625 0.434375 0.0625 0.435937 0.0640625 0.439063 0.0640625 0.445312 0.0703125 0.446875 0.0703125 0.451562 0.075 0.467187 0.075 0.46875 0.0734375 0.470313 0.0734375 0.470313 0.071875 0.471875 0.0703125 0.471875 0.065625 0.473437 0.0640625 0.473437 0.0625 0.475 0.0609375 0.475 0.059375 0.476562 0.0578125 0.476562 0.053125 0.478125 0.0515625 0.478125 0.046875 0.479688 0.0453125 0.479688 0.04375 0.482812 0.040625 0.482812 0.0375 0.484375 0.0359375 0.484375 0.028125 0.475 0.01875 0.475 0.0171875 0.471875 0.0140625 0.471875 0.0125 0.46875 0.009375 0.46875 0.003125 0.840365
0 0.217187 0.353125 0.217187 0.357812 0.2125 0.3625 0.210938 0.3625 0.209375 0.364062 0.204688 0.364062 0.203125 0.365625 0.2 0.365625 0.190625 0.375 0.190625 0.376563 0.189063 0.378125 0.189063 0.390625 0.190625 0.392188 0.190625 0.396875 0.192188 0.398438 0.192188 0.40625 0.190625 0.407813 0.190625 0.409375 0.1875 0.4125 0.1875 0.415625 0.190625 0.41875 0.190625 0.420312 0.192188 0.421875 0.192188 0.423438 0.19375 0.425 0.19375 0.426562 0.195312 0.428125 0.195312 0.435937 0.196875 0.4375 0.198437 0.4375 0.2 0.439063 0.201562 0.439063 0.203125 0.440625 0.203125 0.445312 0.214062 0.445312 0.214062 0.440625 0.220313 0.434375 0.223438 0.434375 0.225 0.432813 0.226562 0.432813 0.23125 0.428125 0.23125 0.426562 0.234375 0.423438 0.235938 0.423438 0.239063 0.420312 0.240625 0.420312 0.242188 0.41875 0.24375 0.41875 0.245312 0.417188 0.246875 0.417188 0.248437 0.415625 0.248437 0.414062 0.25 0.4125 0.25 0.40625 0.248437 0.404687 0.248437 0.4 0.25 0.398438 0.25 0.395312 0.251563 0.39375 0.251563 0.390625 0.253125 0.389062 0.253125 0.385938 0.254687 0.384375 0.253125 0.382812 0.253125 0.38125 0.248437 0.376563 0.246875 0.376563 0.245312 0.375 0.24375 0.375 0.240625 0.371875 0.239063 0.371875 0.235938 0.36875 0.235938 0.367188 0.234375 0.365625 0.234375 0.364062 0.232812 0.3625 0.232812 0.360938 0.23125 0.359375 0.23125 0.353125 0.839418
0 0.703125 0.140625 0.703125 0.145313 0.701563 0.146875 0.7 0.146875 0.696875 0.15 0.696875 0.153125 0.695312 0.154687 0.695312 0.157813 0.69375 0.159375 0.69375 0.167187 0.692187 0.16875 0.692187 0.171875 0.689062 0.175 0.684375 0.175 0.684375 0.201562 0.689062 0.201562 0.690625 0.203125 0.692187 0.203125 0.69375 0.204688 0.695312 0.204688 0.698438 0.207813 0.698438 0.209375 0.701563 0.2125 0.701563 0.214062 0.70625 0.21875 0.710938 0.21875 0.7125 0.220313 0.714063 0.220313 0.715625 0.21875 0.717188 0.21875 0.721875 0.214062 0.725 0.214062 0.726562 0.2125 0.7375 0.2125 0.739062 0.214062 0.740625 0.214062 0.742188 0.2125 0.745313 0.2125 0.746875 0.210938 0.748438 0.210938 0.748438 0.209375 0.75 0.207813 0.75 0.1875 0.751562 0.185937 0.751562 0.182812 0.753125 0.18125 0.753125 0.167187 0.751562 0.165625 0.751562 0.1625 0.75 0.160938 0.75 0.159375 0.748438 0.157813 0.748438 0.154687 0.746875 0.153125 0.746875 0.151562 0.745313 0.15 0.745313 0.146875 0.74375 0.145313 0.74375 0.140625 0.835165
0 0.728125 0.284375 0.726562 0.285937 0.725 0.285937 0.720312 0.290625 0.71875 0.290625 0.717188 0.289062 0.715625 0.289062 0.707812 0.296875 0.701563 0.296875 0.7 0.298438 0.695312 0.298438 0.69375 0.3 0.692187 0.3 0.690625 0.301562 0.689062 0.301562 0.684375 0.30625 0.684375 0.307813 0.678125 0.314063 0.671875 0.314063 0.671875 0.326562 0.678125 0.326562 0.679688 0.328125 0.679688 0.329688 0.684375 0.334375 0.684375 0.339063 0.685938 0.340625 0.685938 0.34375 0.6875 0.345313 0.6875 0.346875 0.698438 0.357812 0.7 0.357812 0.703125 0.360938 0.70625 0.360938 0.707812 0.3625 0.715625 0.3625 0.717188 0.360938 0.729688 0.360938 0.73125 0.359375 0.732813 0.359375 0.734375 0.357812 0.735937 0.357812 0.7375 0.35625 0.739062 0.35625 0.74375 0.351562 0.74375 0.35 0.745313 0.348437 0.745313 0.346875 0.746875 0.345313 0.746875 0.340625 0.748438 0.339063 0.748438 0.3375 0.751562 0.334375 0.751562 0.329688 0.753125 0.328125 0.753125 0.325 0.757812 0.320312 0.757812 0.31875 0.759375 0.317187 0.759375 0.314063 0.754687 0.309375 0.754687 0.304688 0.753125 0.303125 0.753125 0.298438 0.748438 0.29375 0.746875 0.29375 0.745313 0.292188 0.74375 0.292188 0.739062 0.2875 0.7375 0.2875 0.735937 0.285937 0.729688 0.285937 0.83172
0 0.328125 0.703125 0.328125 0.710938 0.320312 0.71875 0.31875 0.71875 0.314063 0.723437 0.310937 0.723437 0.309375 0.725 0.303125 0.725 0.303125 0.753125 0.309375 0.753125 0.310937 0.754687 0.3125 0.754687 0.315625 0.757812 0.317187 0.757812 0.321875 0.7625 0.321875 0.764063 0.325 0.767187 0.325 0.76875 0.334375 0.778125 0.334375 0.782812 0.340625 0.782812 0.340625 0.778125 0.34375 0.775 0.345313 0.775 0.348437 0.771875 0.35 0.771875 0.351562 0.770312 0.353125 0.770312 0.35625 0.767187 0.357812 0.767187 0.359375 0.765625 0.360938 0.765625 0.3625 0.764063 0.364062 0.764063 0.36875 0.759375 0.370313 0.759375 0.373437 0.75625 0.373437 0.754687 0.375 0.753125 0.375 0.75 0.376563 0.748438 0.376563 0.74375 0.378125 0.742188 0.378125 0.739062 0.379687 0.7375 0.379687 0.73125 0.378125 0.729688 0.378125 0.728125 0.36875 0.71875 0.367188 0.71875 0.364062 0.715625 0.3625 0.715625 0.360938 0.714063 0.359375 0.714063 0.353125 0.707812 0.353125 0.703125 0.831206
0 0.55625 0.234375 0.55625 0.239063 0.554688 0.240625 0.551562 0.240625 0.55 0.242188 0.545313 0.242188 0.54375 0.24375 0.539062 0.24375 0.5375 0.245312 0.534375 0.245312 0.529688 0.25 0.529688 0.253125 0.528125 0.254687 0.528125 0.25625 0.526563 0.257812 0.521875 0.257812 0.521875 0.285937 0.526563 0.285937 0.548437 0.307813 0.55 0.307813 0.553125 0.310937 0.554688 0.310937 0.55625 0.3125 0.557813 0.3125 0.565625 0.320312 0.565625 0.326562 0.579687 0.326562 0.579687 0.321875 0.58125 0.320312 0.58125 0.31875 0.582812 0.317187 0.582812 0.315625 0.592188 0.30625 0.59375 0.30625 0.595312 0.304688 0.595312 0.303125 0.596875 0.301562 0.596875 0.3 0.598437 0.298438 0.598437 0.29375 0.6 0.292188 0.6 0.28125 0.601562 0.279687 0.601562 0.276563 0.603125 0.275 0.603125 0.270312 0.6 0.267188 0.6 0.265625 0.598437 0.264062 0.598437 0.260938 0.596875 0.259375 0.596875 0.25625 0.595312 0.254687 0.595312 0.251563 0.59375 0.25 0.59375 0.246875 0.592188 0.245312 0.592188 0.242188 0.590625 0.240625 0.590625 0.234375 0.83053
0 0.0875 0.740625 0.0875 0.746875 0.084375 0.75 0.0828125 0.75 0.0765625 0.75625 0.0765625 0.757812 0.075 0.759375 0.075 0.7625 0.0734375 0.764063 0.0734375 0.765625 0.071875 0.767187 0.065625 0.767187 0.065625 0.789062 0.0734375 0.789062 0.078125 0.79375 0.0859375 0.79375 0.0875 0.795313 0.09375 0.795313 0.0953125 0.79375 0.0984375 0.79375 0.1 0.792188 0.101562 0.792188 0.10625 0.7875 0.10625 0.785937 0.110937 0.78125 0.1125 0.78125 0.114063 0.779688 0.115625 0.779688 0.120312 0.775 0.120312 0.773438 0.121875 0.771875 0.121875 0.764063 0.120312 0.764063 0.11875 0.7625 0.11875 0.760938 0.1125 0.754687 0.1125 0.753125 0.109375 0.75 0.109375 0.748438 0.107813 0.746875 0.107813 0.740625 0.827254
0 0.64375 0.571875 0.64375 0.576563 0.640625 0.579687 0.639063 0.579687 0.632812 0.585938 0.63125 0.585938 0.629687 0.5875 0.629687 0.589063 0.625 0.59375 0.625 0.595312 0.623438 0.596875 0.623438 0.601562 0.621875 0.603125 0.621875 0.621875 0.620313 0.623438 0.620313 0.625 0.61875 0.626562 0.61875 0.628125 0.615625 0.63125 0.609375 0.63125 0.609375 0.660937 0.615625 0.660937 0.628125 0.673437 0.629687 0.673437 0.63125 0.675 0.632812 0.675 0.635938 0.678125 0.635938 0.682813 0.642187 0.682813 0.642187 0.678125 0.648438 0.671875 0.648438 0.670313 0.65 0.66875 0.651563 0.66875 0.653125 0.667188 0.654688 0.667188 0.65625 0.665625 0.659375 0.665625 0.660937 0.667188 0.671875 0.667188 0.676562 0.6625 0.676562 0.660937 0.678125 0.659375 0.678125 0.65625 0.679688 0.654688 0.679688 0.653125 0.682813 0.65 0.682813 0.648438 0.684375 0.646875 0.684375 0.64375 0.6875 0.640625 0.6875 0.639063 0.689062 0.6375 0.689062 0.635938 0.690625 0.634375 0.690625 0.629687 0.689062 0.628125 0.689062 0.626562 0.684375 0.621875 0.684375 0.620313 0.68125 0.617188 0.68125 0.615625 0.679688 0.614062 0.679688 0.6125 0.678125 0.610937 0.678125 0.609375 0.676562 0.607813 0.676562 0.6 0.675 0.598437 0.675 0.595312 0.673437 0.59375 0.673437 0.592188 0.671875 0.590625 0.671875 0.585938 0.6625 0.576563 0.6625 0.571875 0.826765
0 0.03125 0.859375 0.03125 0.864062 0.028125 0.867188 0.0265625 0.867188 0.025 0.86875 0.025 0.870313 0.0234375 0.871875 0.0234375 0.873438 0.021875 0.875 0.021875 0.878125 0.01875 0.88125 0.01875 0.882812 0.0171875 0.884375 0.0171875 0.885938 0.0140625 0.889063 0.009375 0.889063 0.009375 0.904688 0.0140625 0.904688 0.0171875 0.907812 0.01875 0.907812 0.0203125 0.909375 0.021875 0.909375 0.025 0.9125 0.0265625 0.9125 0.028125 0.914062 0.0359375 0.914062 0.0375 0.915625 0.0390625 0.915625 0.040625 0.917188 0.0421875 0.917188 0.046875 0.921875 0.046875 0.926562 0.046875 0.921875 0.0484375 0.920313 0.05 0.920313 0.0515625 0.91875 0.053125 0.91875 0.053125 0.917188 0.0546875 0.915625 0.0546875 0.914062 0.05625 0.9125 0.05625 0.909375 0.0578125 0.907812 0.0578125 0.904688 0.0609375 0.901563 0.0609375 0.9 0.0640625 0.896875 0.0640625 0.895312 0.065625 0.89375 0.065625 0.890625 0.0671875 0.889063 0.0671875 0.885938 0.06875 0.884375 0.06875 0.882812 0.0671875 0.88125 0.0671875 0.876562 0.065625 0.875 0.065625 0.873438 0.0640625 0.871875 0.0640625 0.870313 0.0625 0.86875 0.0625 0.867188 0.0609375 0.865625 0.0609375 0.859375 0.824602
0 0.0875 0.803125 0.0859375 0.803125 0.084375 0.801562 0.08125 0.801562 0.0796875 0.8 0.0671875 0.8 0.065625 0.801562 0.0625 0.801562 0.059375 0.804688 0.0578125 0.804688 0.053125 0.809375 0.046875 0.809375 0.046875 0.842188 0.0515625 0.842188 0.0578125 0.848437 0.059375 0.848437 0.0609375 0.85 0.0625 0.85 0.0640625 0.851562 0.0671875 0.851562 0.06875 0.853125 0.071875 0.853125 0.0734375 0.854688 0.08125 0.854688 0.0828125 0.853125 0.0859375 0.853125 0.0875 0.851562 0.0890625 0.851562 0.090625 0.85 0.090625 0.848437 0.096875 0.842188 0.096875 0.840625 0.104687 0.832812 0.104687 0.815625 0.103125 0.814062 0.103125 0.8125 0.096875 0.80625 0.09375 0.80625 0.0921875 0.804688 0.0890625 0.804688 0.0875 0.803125 0.090625 0.795313 0.090625 0.790625 0.090625 0.795313 0.817792
0 0.14375 0.046875 0.14375 0.0515625 0.142188 0.053125 0.140625 0.053125 0.135937 0.0578125 0.134375 0.0578125 0.132812 0.059375 0.126563 0.059375 0.123438 0.05625 0.115625 0.05625 0.110937 0.0609375 0.110937 0.0625 0.103125 0.0703125 0.096875 0.0703125 0.096875 0.0984375 0.101562 0.0984375 0.10625 0.103125 0.10625 0.104687 0.109375 0.107813 0.109375 0.109375 0.117188 0.117188 0.135937 0.117188 0.1375 0.115625 0.140625 0.115625 0.142188 0.114063 0.14375 0.114063 0.145313 0.1125 0.15 0.1125 0.151562 0.110937 0.167187 0.110937 0.16875 0.109375 0.175 0.109375 0.178125 0.10625 0.178125 0.101562 0.175 0.0984375 0.175 0.096875 0.173438 0.0953125 0.173438 0.09375 0.170312 0.090625 0.170312 0.078125 0.171875 0.0765625 0.171875 0.065625 0.170312 0.0640625 0.170312 0.0609375 0.167187 0.0578125 0.167187 0.05625 0.1625 0.0515625 0.1625 0.046875 0.8171
0 0.378125 0.321875 0.378125 0.328125 0.371875 0.334375 0.370313 0.334375 0.36875 0.335938 0.367188 0.335938 0.364062 0.339063 0.364062 0.340625 0.354688 0.35 0.346875 0.35 0.346875 0.370313 0.353125 0.370313 0.354688 0.371875 0.35625 0.371875 0.357812 0.373437 0.359375 0.373437 0.3625 0.376563 0.3625 0.378125 0.364062 0.379687 0.364062 0.38125 0.371875 0.389062 0.373437 0.389062 0.375 0.390625 0.38125 0.390625 0.382812 0.389062 0.39375 0.389062 0.395312 0.3875 0.396875 0.3875 0.4 0.384375 0.401563 0.384375 0.40625 0.379687 0.407813 0.379687 0.409375 0.378125 0.410937 0.378125 0.4125 0.376563 0.414062 0.376563 0.415625 0.375 0.417188 0.375 0.41875 0.373437 0.420312 0.373437 0.421875 0.371875 0.421875 0.370313 0.425 0.367188 0.425 0.365625 0.43125 0.359375 0.43125 0.354688 0.432813 0.353125 0.432813 0.351562 0.43125 0.35 0.429688 0.35 0.420312 0.340625 0.420312 0.339063 0.41875 0.3375 0.41875 0.335938 0.414062 0.33125 0.407813 0.33125 0.40625 0.329688 0.398438 0.329688 0.396875 0.328125 0.389062 0.328125 0.3875 0.326562 0.3875 0.321875 0.813527
0 0.64375 0.164062 0.64375 0.165625 0.639063 0.170312 0.639063 0.176563 0.651563 0.176563 0.651563 0.1625 0.645312 0.1625 0.64375 0.164062 0.6375 0.160938 0.6375 0.159375 0.639063 0.157813 0.639063 0.153125 0.640625 0.151562 0.640625 0.145313 0.642187 0.14375 0.642187 0.117188 0.640625 0.115625 0.640625 0.1125 0.639063 0.110937 0.639063 0.103125 0.584375 0.103125 0.584375 0.15625 0.590625 0.15625 0.596875 0.1625 0.6 0.1625 0.601562 0.164062 0.604688 0.164062 0.60625 0.165625 0.607813 0.165625 0.610937 0.16875 0.6125 0.16875 0.615625 0.171875 0.615625 0.176563 0.623438 0.176563 0.623438 0.171875 0.626562 0.16875 0.628125 0.16875 0.629687 0.167187 0.63125 0.167187 0.63125 0.165625 0.634375 0.1625 0.635938 0.1625 0.6375 0.160938 0.812498
0 0.696875 0.665625 0.696875 0.670313 0.692187 0.675 0.692187 0.676562 0.690625 0.678125 0.689062 0.678125 0.6875 0.679688 0.684375 0.679688 0.682813 0.68125 0.68125 0.68125 0.679688 0.682813 0.671875 0.682813 0.671875 0.709375 0.676562 0.709375 0.679688 0.7125 0.679688 0.715625 0.68125 0.717188 0.68125 0.71875 0.689062 0.726562 0.690625 0.726562 0.695312 0.73125 0.698438 0.73125 0.7 0.732813 0.704687 0.732813 0.70625 0.73125 0.709375 0.73125 0.710938 0.729688 0.714063 0.729688 0.715625 0.728125 0.717188 0.728125 0.71875 0.726562 0.720312 0.726562 0.721875 0.725 0.725 0.725 0.726562 0.723437 0.740625 0.723437 0.742188 0.721875 0.74375 0.721875 0.745313 0.720312 0.751562 0.720312 0.751562 0.7125 0.746875 0.7125 0.74375 0.709375 0.74375 0.707812 0.746875 0.704687 0.751562 0.704687 0.751562 0.690625 0.746875 0.690625 0.745313 0.689062 0.74375 0.689062 0.742188 0.6875 0.740625 0.6875 0.7375 0.684375 0.735937 0.684375 0.728125 0.676562 0.728125 0.675 0.726562 0.673437 0.726562 0.671875 0.725 0.670313 0.725 0.665625 0.811341
0 0.0546875 0.184375 0.0546875 0.189063 0.053125 0.190625 0.053125 0.192188 0.0359375 0.209375 0.0359375 0.210938 0.034375 0.2125 0.028125 0.2125 0.028125 0.248437 0.0328125 0.248437 0.0390625 0.254687 0.040625 0.254687 0.04375 0.257812 0.046875 0.257812 0.0484375 0.259375 0.05 0.259375 0.0515625 0.260938 0.0796875 0.260938 0.0875 0.253125 0.0875 0.251563 0.0890625 0.25 0.0890625 0.248437 0.090625 0.246875 0.090625 0.245312 0.09375 0.242188 0.09375 0.240625 0.0953125 0.239063 0.0953125 0.2375 0.096875 0.235938 0.096875 0.229687 0.0984375 0.228125 0.0984375 0.226562 0.096875 0.225 0.096875 0.220313 0.0953125 0.21875 0.0953125 0.217187 0.09375 0.215625 0.09375 0.210938 0.0921875 0.209375 0.0921875 0.204688 0.090625 0.203125 0.090625 0.201562 0.0890625 0.2 0.0890625 0.198437 0.0875 0.196875 0.0875 0.195312 0.0859375 0.19375 0.0859375 0.192188 0.084375 0.190625 0.084375 0.184375 0.810308
0 0.314063 0.346875 0.314063 0.353125 0.3125 0.354688 0.310937 0.354688 0.307813 0.357812 0.307813 0.359375 0.30625 0.360938 0.30625 0.3625 0.304688 0.364062 0.304688 0.365625 0.3 0.370313 0.298438 0.370313 0.295312 0.373437 0.290625 0.373437 0.290625 0.385938 0.296875 0.385938 0.301562 0.390625 0.303125 0.390625 0.310937 0.398438 0.310937 0.4 0.317187 0.40625 0.31875 0.40625 0.323438 0.410937 0.323438 0.4125 0.339063 0.428125 0.339063 0.429688 0.340625 0.43125 0.354688 0.43125 0.35625 0.429688 0.359375 0.429688 0.365625 0.423438 0.365625 0.420312 0.367188 0.41875 0.367188 0.417188 0.36875 0.415625 0.36875 0.40625 0.367188 0.404687 0.367188 0.403125 0.365625 0.401563 0.365625 0.398438 0.364062 0.396875 0.364062 0.395312 0.365625 0.39375 0.365625 0.389062 0.364062 0.3875 0.364062 0.382812 0.3625 0.38125 0.3625 0.379687 0.360938 0.378125 0.360938 0.376563 0.359375 0.375 0.359375 0.373437 0.357812 0.371875 0.357812 0.370313 0.35625 0.370313 0.354688 0.36875 0.354688 0.367188 0.351562 0.364062 0.351562 0.360938 0.348437 0.357812 0.35 0.35625 0.35 0.354688 0.351562 0.353125 0.351562 0.346875 0.809538
0 0.328125 0.278125 0.328125 0.284375 0.326562 0.285937 0.326562 0.289062 0.325 0.290625 0.320312 0.290625 0.31875 0.292188 0.314063 0.292188 0.309375 0.296875 0.309375 0.298438 0.307813 0.3 0.307813 0.301562 0.30625 0.303125 0.30625 0.309375 0.304688 0.310937 0.304688 0.315625 0.30625 0.317187 0.30625 0.33125 0.304688 0.332812 0.304688 0.340625 0.30625 0.342187 0.30625 0.345313 0.310937 0.35 0.3125 0.35 0.314063 0.351562 0.315625 0.351562 0.317187 0.353125 0.320312 0.353125 0.321875 0.354688 0.323438 0.354688 0.325 0.35625 0.334375 0.35625 0.335938 0.354688 0.3375 0.354688 0.339063 0.353125 0.340625 0.353125 0.342187 0.351562 0.34375 0.351562 0.345313 0.35 0.351562 0.35 0.353125 0.348437 0.354688 0.348437 0.359375 0.34375 0.359375 0.339063 0.360938 0.3375 0.360938 0.332812 0.3625 0.33125 0.3625 0.326562 0.364062 0.325 0.364062 0.314063 0.3625 0.3125 0.3625 0.309375 0.360938 0.307813 0.360938 0.30625 0.357812 0.303125 0.357812 0.289062 0.354688 0.285937 0.353125 0.285937 0.351562 0.284375 0.345313 0.284375 0.34375 0.285937 0.342187 0.285937 0.340625 0.2875 0.339063 0.2875 0.3375 0.289062 0.335938 0.289062 0.334375 0.290625 0.33125 0.290625 0.329688 0.289062 0.329688 0.278125 0.808856
0 0.159375 0.353125 0.159375 0.357812 0.157813 0.359375 0.157813 0.360938 0.15625 0.3625 0.154687 0.3625 0.153125 0.364062 0.151562 0.364062 0.15 0.365625 0.148438 0.365625 0.146875 0.367188 0.142188 0.367188 0.140625 0.365625 0.139062 0.365625 0.1375 0.367188 0.134375 0.367188 0.129688 0.371875 0.126563 0.371875 0.125 0.373437 0.109375 0.373437 0.109375 0.396875 0.115625 0.396875 0.117188 0.398438 0.11875 0.398438 0.120312 0.4 0.121875 0.4 0.125 0.403125 0.126563 0.403125 0.13125 0.407813 0.132812 0.407813 0.134375 0.409375 0.135937 0.409375 0.1375 0.410937 0.139062 0.410937 0.140625 0.4125 0.142188 0.4125 0.14375 0.414062 0.145313 0.414062 0.146875 0.415625 0.15 0.415625 0.151562 0.417188 0.15625 0.417188 0.157813 0.415625 0.160938 0.415625 0.1625 0.414062 0.167187 0.414062 0.16875 0.415625 0.171875 0.415625 0.173438 0.417188 0.179688 0.417188 0.18125 0.415625 0.182812 0.415625 0.184375 0.414062 0.184375 0.4125 0.185937 0.410937 0.185937 0.404687 0.1875 0.403125 0.1875 0.398438 0.189063 0.396875 0.189063 0.395312 0.190625 0.39375 0.190625 0.392188 0.192188 0.390625 0.192188 0.3875 0.19375 0.385938 0.19375 0.382812 0.192188 0.38125 0.192188 0.378125 0.190625 0.376563 0.190625 0.375 0.189063 0.373437 0.189063 0.371875 0.1875 0.370313 0.185937 0.370313 0.176563 0.360938 0.175 0.360938 0.173438 0.359375 0.170312 0.359375 0.16875 0.357812 0.16875 0.353125 0.80617
0 0.839063 0.171875 0.839063 0.179688 0.8375 0.18125 0.8375 0.182812 0.834375 0.185937 0.832812 0.185937 0.828125 0.18125 0.821875 0.18125 0.820312 0.182812 0.815625 0.182812 0.814062 0.184375 0.809375 0.184375 0.807813 0.185937 0.804688 0.185937 0.803125 0.1875 0.801562 0.1875 0.8 0.189063 0.796875 0.189063 0.795313 0.190625 0.7875 0.190625 0.785937 0.192188 0.782812 0.192188 0.78125 0.19375 0.779688 0.19375 0.779688 0.195312 0.778125 0.196875 0.776563 0.196875 0.770312 0.203125 0.765625 0.203125 0.765625 0.226562 0.770312 0.226562 0.771875 0.228125 0.773438 0.228125 0.789062 0.24375 0.803125 0.24375 0.807813 0.239063 0.809375 0.239063 0.810938 0.2375 0.814062 0.2375 0.81875 0.232812 0.820312 0.232812 0.823438 0.229687 0.825 0.229687 0.828125 0.226562 0.829687 0.226562 0.832812 0.223438 0.832812 0.214062 0.835938 0.210938 0.835938 0.209375 0.8375 0.207813 0.839063 0.207813 0.840625 0.20625 0.84375 0.20625 0.845312 0.204688 0.846875 0.204688 0.848437 0.203125 0.848437 0.201562 0.853125 0.196875 0.857813 0.196875 0.857813 0.195312 0.853125 0.195312 0.85 0.192188 0.85 0.189063 0.848437 0.1875 0.848437 0.185937 0.845312 0.182812 0.84375 0.182812 0.839063 0.178125 0.804658
0 0.878125 0.115625 0.878125 0.121875 0.876562 0.123438 0.876562 0.125 0.875 0.126563 0.875 0.128125 0.871875 0.13125 0.8625 0.13125 0.860937 0.132812 0.859375 0.132812 0.854688 0.1375 0.854688 0.140625 0.853125 0.142188 0.853125 0.146875 0.851562 0.148438 0.851562 0.15 0.85 0.151562 0.85 0.159375 0.848437 0.160938 0.848437 0.1625 0.845312 0.165625 0.840625 0.165625 0.840625 0.176563 0.848437 0.176563 0.85 0.178125 0.854688 0.178125 0.85625 0.179688 0.857813 0.179688 0.860937 0.182812 0.860937 0.185937 0.8625 0.1875 0.8625 0.190625 0.864062 0.192188 0.864062 0.19375 0.865625 0.195312 0.865625 0.196875 0.86875 0.2 0.873438 0.2 0.88125 0.192188 0.88125 0.190625 0.889063 0.182812 0.889063 0.18125 0.89375 0.176563 0.89375 0.175 0.895312 0.173438 0.895312 0.171875 0.901563 0.165625 0.901563 0.164062 0.903125 0.1625 0.903125 0.159375 0.904688 0.157813 0.904688 0.153125 0.90625 0.151562 0.90625 0.142188 0.904688 0.140625 0.904688 0.139062 0.9 0.134375 0.9 0.132812 0.89375 0.126563 0.89375 0.125 0.890625 0.121875 0.890625 0.115625 0.802477
0 0.690625 0.489062 0.684375 0.489062 0.682813 0.490625 0.679688 0.490625 0.679688 0.495313 0.690625 0.495313 0.690625 0.489062 0.695312 0.48125 0.703125 0.48125 0.704687 0.482812 0.710938 0.482812 0.7125 0.48125 0.714063 0.48125 0.717188 0.478125 0.717188 0.476562 0.71875 0.475 0.71875 0.473437 0.720312 0.471875 0.720312 0.464063 0.721875 0.4625 0.721875 0.460938 0.723437 0.459375 0.723437 0.451562 0.721875 0.45 0.721875 0.448438 0.71875 0.445312 0.71875 0.440625 0.692187 0.440625 0.692187 0.446875 0.690625 0.448438 0.689062 0.448438 0.6875 0.45 0.685938 0.45 0.684375 0.451562 0.682813 0.451562 0.68125 0.453125 0.671875 0.453125 0.671875 0.470313 0.678125 0.470313 0.68125 0.473437 0.682813 0.473437 0.684375 0.475 0.685938 0.475 0.689062 0.478125 0.690625 0.478125 0.692187 0.479688 0.69375 0.479688 0.695312 0.48125 0.802471
0 0 0.040625 0 0.121875 0.0015625 0.121875 0.0015625 0.120312 0.003125 0.11875 0.003125 0.117188 0.0078125 0.1125 0.009375 0.1125 0.0203125 0.123438 0.021875 0.123438 0.0234375 0.125 0.025 0.125 0.0265625 0.126563 0.028125 0.126563 0.0296875 0.125 0.0328125 0.125 0.034375 0.123438 0.0359375 0.123438 0.0390625 0.120312 0.0390625 0.11875 0.040625 0.117188 0.040625 0.115625 0.0421875 0.114063 0.0421875 0.110937 0.04375 0.109375 0.04375 0.107813 0.0453125 0.10625 0.0453125 0.104687 0.0546875 0.0953125 0.0546875 0.0921875 0.053125 0.090625 0.053125 0.0859375 0.0515625 0.084375 0.0515625 0.0765625 0.05 0.075 0.05 0.0671875 0.0484375 0.065625 0.0484375 0.0609375 0.046875 0.059375 0.046875 0.0515625 0.0453125 0.05 0.0453125 0.0484375 0.04375 0.046875 0.04375 0.040625 0.802027
0 0.059375 0.871875 0.059375 0.921875 0.065625 0.921875 0.071875 0.928125 0.08125 0.928125 0.0828125 0.926562 0.0859375 0.926562 0.0875 0.928125 0.0921875 0.928125 0.09375 0.929688 0.0984375 0.929688 0.1 0.928125 0.101562 0.928125 0.104687 0.925 0.104687 0.903125 0.103125 0.901563 0.103125 0.9 0.101562 0.898438 0.101562 0.896875 0.1 0.895312 0.1 0.892187 0.0921875 0.884375 0.0953125 0.88125 0.1 0.88125 0.101562 0.879687 0.114063 0.879687 0.114063 0.871875 0.075 0.871875 0.075 0.878125 0.071875 0.88125 0.06875 0.88125 0.065625 0.878125 0.065625 0.871875 0.800682
0 0.189063 0.121875 0.189063 0.128125 0.185937 0.13125 0.185937 0.132812 0.176563 0.142188 0.171875 0.142188 0.171875 0.175 0.178125 0.175 0.179688 0.176563 0.179688 0.179688 0.18125 0.18125 0.18125 0.182812 0.184375 0.185937 0.184375 0.1875 0.1875 0.190625 0.1875 0.195312 0.198437 0.195312 0.198437 0.190625 0.2 0.189063 0.201562 0.189063 0.203125 0.1875 0.204688 0.1875 0.20625 0.185937 0.207813 0.185937 0.210938 0.182812 0.2125 0.182812 0.220313 0.175 0.220313 0.173438 0.221875 0.171875 0.221875 0.16875 0.223438 0.167187 0.223438 0.160938 0.221875 0.159375 0.221875 0.151562 0.223438 0.15 0.223438 0.1375 0.220313 0.134375 0.220313 0.132812 0.214062 0.126563 0.214062 0.121875 0.800222
0 0.975 0.153125 0.975 0.157813 0.970312 0.1625 0.970312 0.164062 0.964063 0.170312 0.959375 0.170312 0.959375 0.185937 0.965625 0.185937 0.967188 0.1875 0.970312 0.1875 0.973437 0.190625 0.973437 0.192188 0.975 0.19375 0.975 0.2 0.976562 0.201562 0.976562 0.203125 0.98125 0.207813 0.982813 0.207813 0.984375 0.209375 0.984375 0.214062 0.998438 0.214062 0.998438 0.153125 0.799846
0 0.870313 0.454688 0.86875 0.45625 0.853125 0.45625 0.851562 0.457812 0.85 0.457812 0.848437 0.459375 0.846875 0.459375 0.842188 0.464063 0.842188 0.465625 0.839063 0.46875 0.839063 0.470313 0.83125 0.478125 0.83125 0.479688 0.828125 0.482812 0.821875 0.482812 0.821875 0.490625 0.826563 0.490625 0.828125 0.492188 0.828125 0.49375 0.829687 0.495313 0.829687 0.50625 0.828125 0.507812 0.828125 0.509375 0.829687 0.510938 0.829687 0.514063 0.832812 0.517187 0.834375 0.517187 0.835938 0.515625 0.8375 0.515625 0.839063 0.514063 0.840625 0.514063 0.842188 0.5125 0.845312 0.5125 0.846875 0.510938 0.85625 0.510938 0.857813 0.509375 0.859375 0.510938 0.864062 0.510938 0.865625 0.5125 0.86875 0.5125 0.870313 0.514063 0.8875 0.514063 0.889063 0.515625 0.892187 0.515625 0.89375 0.517187 0.896875 0.517187 0.898438 0.51875 0.903125 0.51875 0.904688 0.517187 0.90625 0.517187 0.907812 0.515625 0.909375 0.515625 0.909375 0.514063 0.910937 0.5125 0.910937 0.510938 0.9125 0.509375 0.9125 0.50625 0.914062 0.504687 0.914062 0.503125 0.915625 0.501562 0.920313 0.501562 0.920313 0.482812 0.915625 0.482812 0.901563 0.46875 0.901563 0.467187 0.895312 0.460938 0.89375 0.460938 0.892187 0.459375 0.884375 0.459375 0.882812 0.457812 0.879687 0.457812 0.878125 0.45625 0.873438 0.45625 0.871875 0.454688 0.795133
0 0.546875 0 0.546875 0.015625 0.551562 0.015625 0.554688 0.01875 0.554688 0.0203125 0.557813 0.0234375 0.557813 0.0265625 0.559375 0.028125 0.559375 0.0296875 0.560938 0.03125 0.560938 0.0328125 0.56875 0.040625 0.56875 0.0421875 0.575 0.0484375 0.576563 0.0484375 0.578125 0.05 0.584375 0.05 0.585938 0.0484375 0.5875 0.0484375 0.589063 0.046875 0.590625 0.046875 0.592188 0.0453125 0.59375 0.0453125 0.595312 0.04375 0.607813 0.04375 0.609375 0.0421875 0.610937 0.0421875 0.615625 0.0375 0.615625 0.0359375 0.617188 0.034375 0.617188 0.0328125 0.626562 0.0234375 0.632812 0.0234375 0.632812 0 0.79473
0 0.314063 0.292188 0.310937 0.295312 0.310937 0.301562 0.317187 0.301562 0.317187 0.29375 0.315625 0.292188 0.314063 0.292188 0.3125 0.2875 0.321875 0.2875 0.323438 0.285937 0.329688 0.285937 0.33125 0.2875 0.339063 0.2875 0.340625 0.285937 0.345313 0.285937 0.35 0.28125 0.35 0.279687 0.353125 0.276563 0.354688 0.276563 0.35625 0.275 0.359375 0.275 0.360938 0.273438 0.365625 0.273438 0.367188 0.271875 0.370313 0.271875 0.371875 0.270312 0.371875 0.26875 0.373437 0.267188 0.373437 0.264062 0.367188 0.257812 0.365625 0.257812 0.360938 0.253125 0.360938 0.251563 0.359375 0.25 0.359375 0.248437 0.357812 0.246875 0.357812 0.24375 0.354688 0.240625 0.354688 0.228125 0.30625 0.228125 0.30625 0.234375 0.301562 0.239063 0.3 0.239063 0.298438 0.240625 0.290625 0.240625 0.290625 0.25625 0.295312 0.25625 0.303125 0.264062 0.303125 0.26875 0.301562 0.270312 0.301562 0.271875 0.296875 0.276563 0.290625 0.276563 0.290625 0.278125 0.298438 0.278125 0.3 0.279687 0.301562 0.279687 0.304688 0.282813 0.30625 0.282813 0.309375 0.285937 0.310937 0.285937 0.3125 0.2875 0.794232
0 0.103125 0.396875 0.103125 0.401563 0.0984375 0.40625 0.096875 0.40625 0.0953125 0.407813 0.09375 0.407813 0.0921875 0.409375 0.090625 0.409375 0.0890625 0.410937 0.0875 0.410937 0.0859375 0.4125 0.0859375 0.414062 0.084375 0.415625 0.084375 0.417188 0.0828125 0.41875 0.078125 0.41875 0.078125 0.439063 0.0828125 0.439063 0.0875 0.44375 0.0875 0.445312 0.0890625 0.446875 0.090625 0.446875 0.0953125 0.451562 0.096875 0.451562 0.0984375 0.453125 0.1 0.453125 0.101562 0.454688 0.121875 0.454688 0.126563 0.459375 0.128125 0.459375 0.129688 0.457812 0.13125 0.457812 0.14375 0.445312 0.14375 0.44375 0.145313 0.442187 0.145313 0.440625 0.148438 0.4375 0.15 0.4375 0.153125 0.434375 0.153125 0.43125 0.151562 0.429688 0.151562 0.426562 0.15 0.425 0.15 0.423438 0.146875 0.420312 0.146875 0.417188 0.145313 0.415625 0.14375 0.415625 0.142188 0.414062 0.140625 0.414062 0.139062 0.4125 0.139062 0.410937 0.135937 0.407813 0.134375 0.407813 0.132812 0.40625 0.132812 0.404687 0.13125 0.403125 0.13125 0.396875 0.79351
0 0.115625 0.254687 0.1125 0.257812 0.1125 0.259375 0.109375 0.2625 0.107813 0.2625 0.10625 0.264062 0.101562 0.264062 0.1 0.265625 0.090625 0.265625 0.0890625 0.264062 0.084375 0.264062 0.084375 0.279687 0.0890625 0.279687 0.0921875 0.282813 0.0921875 0.2875 0.090625 0.289062 0.0921875 0.290625 0.0921875 0.295312 0.096875 0.3 0.096875 0.301562 0.0984375 0.301562 0.103125 0.30625 0.103125 0.307813 0.104687 0.307813 0.109375 0.3125 0.110937 0.3125 0.114063 0.315625 0.114063 0.320312 0.117188 0.320312 0.117188 0.315625 0.11875 0.314063 0.121875 0.314063 0.123438 0.3125 0.126563 0.3125 0.139062 0.3 0.139062 0.296875 0.140625 0.295312 0.140625 0.29375 0.142188 0.292188 0.142188 0.290625 0.14375 0.289062 0.14375 0.2875 0.145313 0.285937 0.145313 0.284375 0.146875 0.282813 0.146875 0.275 0.145313 0.273438 0.145313 0.270312 0.14375 0.26875 0.14375 0.267188 0.140625 0.264062 0.140625 0.2625 0.139062 0.260938 0.134375 0.260938 0.132812 0.259375 0.13125 0.259375 0.128125 0.25625 0.120312 0.25625 0.11875 0.254687 0.792524
0 0.175 0.534375 0.175 0.539062 0.171875 0.542188 0.170312 0.542188 0.16875 0.54375 0.167187 0.54375 0.165625 0.545313 0.164062 0.545313 0.160938 0.548437 0.159375 0.548437 0.153125 0.554688 0.15 0.554688 0.148438 0.55625 0.145313 0.55625 0.139062 0.5625 0.134375 0.5625 0.134375 0.565625 0.140625 0.565625 0.142188 0.567187 0.142188 0.56875 0.14375 0.570312 0.14375 0.573438 0.145313 0.575 0.145313 0.5875 0.142188 0.590625 0.142188 0.592188 0.140625 0.59375 0.134375 0.59375 0.134375 0.609375 0.139062 0.609375 0.142188 0.6125 0.142188 0.614062 0.14375 0.614062 0.146875 0.617188 0.148438 0.617188 0.15 0.61875 0.151562 0.61875 0.153125 0.620313 0.160938 0.620313 0.1625 0.621875 0.165625 0.621875 0.167187 0.623438 0.16875 0.623438 0.170312 0.625 0.171875 0.625 0.173438 0.626562 0.176563 0.626562 0.178125 0.628125 0.179688 0.628125 0.18125 0.629687 0.19375 0.629687 0.195312 0.628125 0.198437 0.628125 0.2 0.626562 0.204688 0.626562 0.20625 0.625 0.207813 0.625 0.209375 0.623438 0.210938 0.623438 0.2125 0.621875 0.2125 0.620313 0.215625 0.617188 0.215625 0.614062 0.217187 0.6125 0.217187 0.610937 0.21875 0.609375 0.21875 0.607813 0.221875 0.604688 0.221875 0.603125 0.223438 0.601562 0.223438 0.6 0.225 0.598437 0.225 0.595312 0.226562 0.59375 0.226562 0.592188 0.228125 0.590625 0.228125 0.589063 0.229687 0.5875 0.229687 0.584375 0.23125 0.582812 0.229687 0.58125 0.229687 0.575 0.228125 0.573438 0.228125 0.571875 0.226562 0.570312 0.226562 0.56875 0.217187 0.559375 0.217187 0.55625 0.215625 0.554688 0.215625 0.553125 0.214062 0.551562 0.214062 0.55 0.209375 0.545313 0.209375 0.54375 0.207813 0.542188 0.207813 0.540625 0.20625 0.539062 0.20625 0.534375 0.788665
0 0.696875 0.0453125 0.698438 0.0453125 0.7 0.04375 0.707812 0.04375 0.707812 0.028125 0.695312 0.028125 0.695312 0.0375 0.696875 0.0390625 0.696875 0.0453125 0.692187 0.05 0.690625 0.05 0.689062 0.0484375 0.68125 0.0484375 0.679688 0.046875 0.678125 0.046875 0.676562 0.0453125 0.676562 0.04375 0.673437 0.040625 0.673437 0.0390625 0.671875 0.0375 0.671875 0.0359375 0.670313 0.034375 0.670313 0.028125 0.63125 0.028125 0.63125 0.0359375 0.629687 0.0375 0.629687 0.040625 0.626562 0.04375 0.621875 0.04375 0.621875 0.0828125 0.626562 0.0828125 0.634375 0.090625 0.634375 0.0921875 0.639063 0.096875 0.639063 0.101562 0.670313 0.101562 0.670313 0.096875 0.673437 0.09375 0.673437 0.0921875 0.675 0.090625 0.675 0.078125 0.678125 0.075 0.690625 0.075 0.692187 0.0734375 0.69375 0.0734375 0.69375 0.0515625 0.692187 0.05 0.786673
0 0.0640625 0.034375 0.0640625 0.0390625 0.0578125 0.0453125 0.05625 0.0453125 0.0515625 0.05 0.05 0.05 0.0453125 0.0546875 0.040625 0.0546875 0.040625 0.075 0.046875 0.075 0.0484375 0.0765625 0.0484375 0.078125 0.0515625 0.08125 0.0515625 0.0828125 0.053125 0.084375 0.053125 0.0859375 0.0546875 0.0875 0.0546875 0.0890625 0.0578125 0.0921875 0.0578125 0.09375 0.0640625 0.1 0.0875 0.1 0.0890625 0.0984375 0.0921875 0.0984375 0.09375 0.096875 0.0953125 0.096875 0.0984375 0.09375 0.0984375 0.0921875 0.1 0.090625 0.1 0.0875 0.101562 0.0859375 0.101562 0.0828125 0.103125 0.08125 0.103125 0.0796875 0.104687 0.078125 0.104687 0.0765625 0.10625 0.075 0.10625 0.0734375 0.107813 0.071875 0.114063 0.071875 0.114063 0.0703125 0.109375 0.0703125 0.104687 0.065625 0.103125 0.065625 0.101562 0.0640625 0.101562 0.0625 0.1 0.0609375 0.1 0.05 0.0984375 0.0484375 0.0984375 0.04375 0.096875 0.0421875 0.096875 0.040625 0.0953125 0.0390625 0.0953125 0.034375 0.784277
0 0.754687 0.390625 0.754687 0.395312 0.748438 0.401563 0.748438 0.403125 0.746875 0.404687 0.745313 0.404687 0.74375 0.40625 0.734375 0.40625 0.734375 0.451562 0.740625 0.451562 0.74375 0.454688 0.745313 0.454688 0.746875 0.45625 0.75 0.45625 0.751562 0.457812 0.759375 0.457812 0.760938 0.459375 0.765625 0.459375 0.767187 0.460938 0.771875 0.460938 0.773438 0.4625 0.78125 0.4625 0.782812 0.460938 0.784375 0.460938 0.792188 0.453125 0.792188 0.451562 0.79375 0.45 0.79375 0.446875 0.795313 0.445312 0.79375 0.44375 0.79375 0.43125 0.795313 0.429688 0.795313 0.417188 0.79375 0.415625 0.79375 0.414062 0.792188 0.4125 0.792188 0.410937 0.789062 0.407813 0.789062 0.40625 0.7875 0.404687 0.7875 0.403125 0.779688 0.395312 0.779688 0.390625 0.784185
0 0.321875 0.915625 0.321875 0.921875 0.320312 0.923437 0.31875 0.923437 0.314063 0.928125 0.303125 0.928125 0.303125 0.965625 0.309375 0.965625 0.310937 0.967188 0.3125 0.967188 0.314063 0.96875 0.326562 0.96875 0.328125 0.970312 0.33125 0.970312 0.332812 0.971875 0.340625 0.971875 0.342187 0.970312 0.34375 0.970312 0.346875 0.967188 0.348437 0.967188 0.35 0.965625 0.351562 0.965625 0.354688 0.9625 0.357812 0.9625 0.359375 0.960938 0.360938 0.960938 0.3625 0.959375 0.364062 0.959375 0.365625 0.957812 0.370313 0.957812 0.370313 0.954687 0.365625 0.954687 0.3625 0.951563 0.3625 0.95 0.360938 0.948438 0.360938 0.946875 0.359375 0.945312 0.359375 0.939062 0.357812 0.9375 0.357812 0.934375 0.35625 0.932813 0.35625 0.93125 0.353125 0.928125 0.353125 0.926562 0.35 0.923437 0.348437 0.923437 0.346875 0.921875 0.346875 0.915625 0.781167
0 0.264062 0.065625 0.264062 0.0703125 0.259375 0.075 0.259375 0.0765625 0.25625 0.0796875 0.25625 0.08125 0.251563 0.0859375 0.246875 0.0859375 0.246875 0.09375 0.251563 0.09375 0.253125 0.0953125 0.253125 0.096875 0.251563 0.0984375 0.246875 0.0984375 0.246875 0.125 0.253125 0.125 0.25625 0.128125 0.25625 0.129688 0.259375 0.132812 0.259375 0.135937 0.260938 0.1375 0.260938 0.140625 0.264062 0.14375 0.265625 0.14375 0.267188 0.145313 0.26875 0.145313 0.270312 0.146875 0.275 0.146875 0.276563 0.148438 0.2875 0.148438 0.289062 0.146875 0.29375 0.146875 0.295312 0.145313 0.296875 0.145313 0.298438 0.14375 0.3 0.14375 0.310937 0.132812 0.3125 0.132812 0.3125 0.13125 0.31875 0.125 0.31875 0.123438 0.320312 0.121875 0.320312 0.11875 0.321875 0.117188 0.321875 0.1125 0.320312 0.110937 0.320312 0.104687 0.31875 0.103125 0.31875 0.1 0.317187 0.0984375 0.317187 0.096875 0.315625 0.0953125 0.315625 0.09375 0.314063 0.0921875 0.314063 0.090625 0.3125 0.0890625 0.3125 0.0859375 0.310937 0.084375 0.310937 0.0828125 0.309375 0.08125 0.309375 0.078125 0.303125 0.071875 0.303125 0.065625 0.780334
0 0.945312 0.509375 0.945312 0.515625 0.94375 0.517187 0.94375 0.520312 0.942187 0.521875 0.942187 0.528125 0.935938 0.534375 0.928125 0.534375 0.928125 0.557813 0.934375 0.557813 0.942187 0.565625 0.942187 0.570312 0.94375 0.571875 0.94375 0.576563 0.946875 0.579687 0.95 0.579687 0.951563 0.58125 0.954687 0.58125 0.95625 0.579687 0.959375 0.579687 0.960938 0.578125 0.9625 0.578125 0.964063 0.576563 0.970312 0.576563 0.971875 0.578125 0.982813 0.578125 0.984375 0.576563 0.989062 0.576563 0.99375 0.571875 0.995313 0.571875 0.996875 0.570312 0.998438 0.570312 0.998438 0.5375 0.996875 0.5375 0.99375 0.534375 0.992188 0.534375 0.984375 0.526563 0.984375 0.523438 0.982813 0.521875 0.982813 0.520312 0.98125 0.51875 0.98125 0.517187 0.979688 0.515625 0.979688 0.509375 0.778008
0 0.257812 0.371875 0.257812 0.379687 0.259375 0.38125 0.260938 0.38125 0.2625 0.382812 0.2625 0.3875 0.257812 0.392188 0.25625 0.392188 0.254687 0.39375 0.253125 0.39375 0.25 0.396875 0.25 0.398438 0.248437 0.4 0.248437 0.401563 0.246875 0.403125 0.246875 0.407813 0.245312 0.409375 0.240625 0.409375 0.240625 0.428125 0.254687 0.428125 0.25625 0.429688 0.257812 0.429688 0.260938 0.432813 0.2625 0.432813 0.265625 0.435937 0.26875 0.435937 0.271875 0.439063 0.275 0.439063 0.276563 0.440625 0.285937 0.440625 0.2875 0.439063 0.290625 0.439063 0.301562 0.428125 0.301562 0.425 0.303125 0.423438 0.303125 0.420312 0.304688 0.41875 0.304688 0.414062 0.30625 0.4125 0.30625 0.410937 0.307813 0.409375 0.307813 0.407813 0.309375 0.40625 0.309375 0.4 0.307813 0.398438 0.307813 0.396875 0.304688 0.39375 0.303125 0.39375 0.29375 0.384375 0.29375 0.38125 0.295312 0.379687 0.295312 0.371875 0.773068
0 0.85625 0.503125 0.85625 0.507812 0.853125 0.510938 0.85 0.510938 0.848437 0.5125 0.846875 0.5125 0.845312 0.514063 0.842188 0.514063 0.840625 0.515625 0.834375 0.515625 0.834375 0.55 0.840625 0.55 0.84375 0.553125 0.845312 0.553125 0.851562 0.559375 0.853125 0.559375 0.854688 0.560938 0.85625 0.560938 0.857813 0.5625 0.859375 0.5625 0.860937 0.564062 0.8625 0.564062 0.864062 0.565625 0.864062 0.570312 0.864062 0.565625 0.865625 0.564062 0.86875 0.564062 0.870313 0.5625 0.871875 0.5625 0.875 0.559375 0.876562 0.559375 0.878125 0.557813 0.88125 0.557813 0.882812 0.55625 0.890625 0.55625 0.89375 0.553125 0.895312 0.553125 0.896875 0.551562 0.896875 0.55 0.898438 0.548437 0.898438 0.5375 0.896875 0.535937 0.896875 0.532812 0.895312 0.53125 0.895312 0.529688 0.892187 0.526563 0.892187 0.525 0.88125 0.514063 0.879687 0.514063 0.878125 0.5125 0.876562 0.5125 0.875 0.510938 0.873438 0.510938 0.871875 0.509375 0.871875 0.503125 0.768314
0 0 0.915625 0 0.96875 0.003125 0.96875 0.0046875 0.970312 0.00625 0.970312 0.009375 0.973437 0.0109375 0.973437 0.0125 0.975 0.01875 0.975 0.0203125 0.973437 0.0234375 0.973437 0.025 0.971875 0.028125 0.971875 0.0296875 0.970312 0.03125 0.970312 0.0359375 0.965625 0.0375 0.965625 0.0375 0.964063 0.040625 0.960938 0.040625 0.959375 0.0421875 0.957812 0.0421875 0.95625 0.04375 0.954687 0.04375 0.951563 0.0453125 0.95 0.0453125 0.946875 0.046875 0.945312 0.046875 0.94375 0.0484375 0.942187 0.0484375 0.9375 0.046875 0.935938 0.046875 0.934375 0.0453125 0.932813 0.0453125 0.929688 0.04375 0.928125 0.04375 0.925 0.0421875 0.923437 0.040625 0.923437 0.0375 0.920313 0.0375 0.915625 0.766992
0 0.851562 0.296875 0.851562 0.301562 0.85 0.303125 0.848437 0.303125 0.846875 0.304688 0.840625 0.304688 0.839063 0.30625 0.839063 0.307813 0.834375 0.3125 0.832812 0.3125 0.820312 0.325 0.815625 0.325 0.815625 0.353125 0.823438 0.353125 0.825 0.354688 0.828125 0.354688 0.829687 0.35625 0.834375 0.35625 0.835938 0.357812 0.845312 0.357812 0.846875 0.35625 0.85 0.35625 0.851562 0.354688 0.859375 0.354688 0.860937 0.35625 0.867188 0.35625 0.86875 0.354688 0.871875 0.354688 0.875 0.351562 0.875 0.35 0.876562 0.348437 0.876562 0.346875 0.878125 0.345313 0.878125 0.342187 0.879687 0.340625 0.879687 0.3375 0.878125 0.335938 0.878125 0.326562 0.871875 0.320312 0.871875 0.31875 0.870313 0.317187 0.870313 0.314063 0.86875 0.3125 0.86875 0.309375 0.867188 0.307813 0.867188 0.303125 0.865625 0.301562 0.865625 0.296875 0.764733
0 0.8375 0.359375 0.8375 0.364062 0.826563 0.375 0.825 0.375 0.825 0.376563 0.823438 0.378125 0.823438 0.379687 0.821875 0.38125 0.821875 0.385938 0.820312 0.3875 0.81875 0.3875 0.817187 0.389062 0.815625 0.389062 0.814062 0.390625 0.8125 0.390625 0.8125 0.392188 0.809375 0.395312 0.809375 0.396875 0.807813 0.398438 0.803125 0.398438 0.803125 0.40625 0.807813 0.40625 0.809375 0.407813 0.809375 0.409375 0.810938 0.410937 0.810938 0.4125 0.8125 0.414062 0.8125 0.415625 0.814062 0.415625 0.817187 0.41875 0.81875 0.41875 0.823438 0.423438 0.825 0.423438 0.83125 0.429688 0.832812 0.429688 0.840625 0.4375 0.854688 0.4375 0.85625 0.435937 0.859375 0.435937 0.860937 0.434375 0.8625 0.434375 0.865625 0.43125 0.867188 0.43125 0.873438 0.425 0.873438 0.423438 0.875 0.421875 0.875 0.410937 0.873438 0.409375 0.875 0.407813 0.875 0.404687 0.878125 0.401563 0.889063 0.401563 0.889063 0.392188 0.884375 0.392188 0.879687 0.3875 0.878125 0.3875 0.876562 0.385938 0.876562 0.384375 0.871875 0.379687 0.870313 0.379687 0.867188 0.376563 0.865625 0.376563 0.859375 0.370313 0.857813 0.370313 0.854688 0.367188 0.853125 0.367188 0.85 0.364062 0.85 0.359375 0.763537
0 0.1125 0.003125 0.1125 0.009375 0.110937 0.0109375 0.110937 0.0125 0.109375 0.0140625 0.103125 0.0140625 0.103125 0.0390625 0.107813 0.0390625 0.1125 0.04375 0.114063 0.04375 0.117188 0.046875 0.117188 0.0484375 0.120312 0.0515625 0.120312 0.053125 0.121875 0.0546875 0.123438 0.0546875 0.126563 0.0578125 0.126563 0.0640625 0.135937 0.0640625 0.135937 0.059375 0.142188 0.053125 0.145313 0.053125 0.146875 0.0515625 0.151562 0.0515625 0.153125 0.05 0.154687 0.05 0.157813 0.046875 0.159375 0.046875 0.159375 0.0328125 0.157813 0.03125 0.157813 0.028125 0.15625 0.0265625 0.157813 0.025 0.157813 0.0109375 0.15625 0.009375 0.15625 0.003125 0.763397
0 0.260938 0.165625 0.260938 0.171875 0.25625 0.176563 0.25625 0.178125 0.251563 0.182812 0.251563 0.184375 0.25 0.185937 0.25 0.1875 0.24375 0.19375 0.242188 0.19375 0.240625 0.195312 0.234375 0.195312 0.234375 0.215625 0.240625 0.215625 0.245312 0.220313 0.246875 0.220313 0.248437 0.221875 0.25 0.221875 0.251563 0.223438 0.254687 0.223438 0.257812 0.226562 0.259375 0.226562 0.260938 0.228125 0.264062 0.228125 0.265625 0.229687 0.273438 0.229687 0.275 0.228125 0.278125 0.228125 0.279687 0.226562 0.28125 0.226562 0.284375 0.223438 0.284375 0.221875 0.2875 0.21875 0.2875 0.217187 0.289062 0.215625 0.289062 0.210938 0.290625 0.209375 0.290625 0.20625 0.289062 0.204688 0.289062 0.198437 0.2875 0.196875 0.2875 0.19375 0.289062 0.192188 0.289062 0.1875 0.2875 0.185937 0.2875 0.182812 0.285937 0.182812 0.28125 0.178125 0.28125 0.176563 0.279687 0.175 0.279687 0.173438 0.278125 0.171875 0.278125 0.165625 0.762457
0 0 0.640625 0 0.696875 0.003125 0.696875 0.00625 0.7 0.009375 0.7 0.0109375 0.701563 0.0125 0.701563 0.0140625 0.703125 0.0171875 0.703125 0.01875 0.701563 0.0203125 0.701563 0.0234375 0.698438 0.025 0.698438 0.0265625 0.696875 0.028125 0.696875 0.0296875 0.695312 0.0328125 0.695312 0.034375 0.69375 0.040625 0.69375 0.0421875 0.692187 0.04375 0.692187 0.0453125 0.690625 0.046875 0.690625 0.053125 0.684375 0.0578125 0.684375 0.0578125 0.682813 0.053125 0.682813 0.05 0.679688 0.05 0.676562 0.0453125 0.671875 0.0453125 0.670313 0.04375 0.66875 0.04375 0.667188 0.0421875 0.665625 0.0421875 0.6625 0.040625 0.660937 0.040625 0.659375 0.0375 0.65625 0.0375 0.654688 0.0359375 0.653125 0.0359375 0.65 0.0390625 0.646875 0.0390625 0.640625 0.761677
0 0.709375 0.609375 0.709375 0.614062 0.703125 0.620313 0.701563 0.620313 0.7 0.621875 0.7 0.623438 0.695312 0.628125 0.695312 0.629687 0.692187 0.632812 0.692187 0.634375 0.689062 0.6375 0.684375 0.6375 0.684375 0.66875 0.692187 0.66875 0.69375 0.670313 0.696875 0.670313 0.698438 0.671875 0.703125 0.671875 0.704687 0.673437 0.709375 0.673437 0.710938 0.675 0.720312 0.675 0.721875 0.673437 0.729688 0.673437 0.73125 0.671875 0.74375 0.671875 0.745313 0.673437 0.746875 0.673437 0.748438 0.671875 0.753125 0.671875 0.754687 0.670313 0.75625 0.670313 0.757812 0.66875 0.757812 0.667188 0.760938 0.664062 0.760938 0.6625 0.765625 0.657812 0.770312 0.657812 0.770312 0.640625 0.765625 0.640625 0.7625 0.6375 0.7625 0.635938 0.757812 0.63125 0.757812 0.628125 0.748438 0.61875 0.748438 0.609375 0.745313 0.609375 0.745313 0.615625 0.742188 0.61875 0.740625 0.61875 0.739062 0.620313 0.7375 0.61875 0.732813 0.61875 0.73125 0.617188 0.729688 0.617188 0.726562 0.614062 0.726562 0.609375 0.75815
0 0.239063 0.415625 0.239063 0.421875 0.232812 0.428125 0.232812 0.429688 0.226562 0.435937 0.225 0.435937 0.223438 0.4375 0.215625 0.4375 0.215625 0.460938 0.221875 0.460938 0.225 0.464063 0.226562 0.464063 0.229687 0.467187 0.229687 0.46875 0.232812 0.471875 0.232812 0.473437 0.234375 0.473437 0.235938 0.475 0.2375 0.475 0.239063 0.476562 0.240625 0.476562 0.242188 0.478125 0.242188 0.482812 0.25625 0.482812 0.25625 0.478125 0.259375 0.475 0.260938 0.475 0.2625 0.473437 0.264062 0.473437 0.267188 0.470313 0.26875 0.470313 0.270312 0.46875 0.271875 0.46875 0.276563 0.464063 0.276563 0.4625 0.279687 0.459375 0.279687 0.454688 0.28125 0.453125 0.279687 0.451562 0.279687 0.45 0.275 0.445312 0.275 0.44375 0.273438 0.442187 0.271875 0.442187 0.265625 0.435937 0.264062 0.435937 0.260938 0.432813 0.259375 0.432813 0.257812 0.43125 0.257812 0.429688 0.253125 0.425 0.253125 0.423438 0.251563 0.423438 0.248437 0.420312 0.248437 0.415625 0.755679
0 0.376563 0.415625 0.376563 0.421875 0.375 0.423438 0.375 0.425 0.373437 0.426562 0.373437 0.429688 0.370313 0.432813 0.365625 0.432813 0.365625 0.457812 0.370313 0.457812 0.373437 0.460938 0.373437 0.4625 0.375 0.464063 0.375 0.465625 0.376563 0.467187 0.376563 0.46875 0.378125 0.470313 0.378125 0.471875 0.38125 0.475 0.38125 0.476562 0.382812 0.478125 0.384375 0.478125 0.385938 0.479688 0.3875 0.479688 0.390625 0.482812 0.392188 0.482812 0.39375 0.484375 0.398438 0.484375 0.4 0.482812 0.401563 0.482812 0.403125 0.48125 0.404687 0.48125 0.40625 0.479688 0.407813 0.479688 0.409375 0.478125 0.410937 0.478125 0.4125 0.476562 0.414062 0.476562 0.417188 0.473437 0.41875 0.473437 0.421875 0.470313 0.421875 0.46875 0.423438 0.467187 0.423438 0.465625 0.425 0.464063 0.425 0.460938 0.426562 0.459375 0.426562 0.457812 0.43125 0.453125 0.432813 0.453125 0.434375 0.451562 0.434375 0.445312 0.43125 0.442187 0.43125 0.440625 0.420312 0.429688 0.41875 0.429688 0.417188 0.428125 0.414062 0.428125 0.4125 0.426562 0.410937 0.426562 0.409375 0.425 0.407813 0.425 0.403125 0.420312 0.403125 0.415625 0.39375 0.415625 0.39375 0.420312 0.392188 0.421875 0.385938 0.421875 0.384375 0.420312 0.384375 0.415625 0.75554
0 0.709375 0.359375 0.709375 0.364062 0.70625 0.367188 0.7 0.367188 0.698438 0.36875 0.69375 0.36875 0.6875 0.375 0.6875 0.376563 0.682813 0.38125 0.678125 0.38125 0.678125 0.409375 0.684375 0.409375 0.690625 0.415625 0.692187 0.415625 0.69375 0.417188 0.695312 0.417188 0.703125 0.425 0.703125 0.426562 0.704687 0.428125 0.704687 0.432813 0.717188 0.432813 0.717188 0.426562 0.71875 0.425 0.720312 0.425 0.721875 0.423438 0.725 0.423438 0.726562 0.421875 0.728125 0.421875 0.729688 0.420312 0.73125 0.420312 0.735937 0.415625 0.735937 0.4125 0.7375 0.410937 0.7375 0.404687 0.739062 0.403125 0.739062 0.401563 0.74375 0.396875 0.74375 0.392188 0.745313 0.390625 0.745313 0.382812 0.74375 0.38125 0.74375 0.376563 0.73125 0.364062 0.73125 0.359375 0.751751
0 0.753125 0.328125 0.753125 0.334375 0.751562 0.335938 0.751562 0.3375 0.75 0.339063 0.75 0.340625 0.748438 0.342187 0.748438 0.34375 0.746875 0.345313 0.740625 0.345313 0.740625 0.367188 0.746875 0.367188 0.748438 0.36875 0.75 0.36875 0.751562 0.370313 0.753125 0.370313 0.754687 0.371875 0.767187 0.371875 0.76875 0.370313 0.776563 0.370313 0.778125 0.36875 0.784375 0.36875 0.796875 0.35625 0.796875 0.354688 0.798437 0.353125 0.798437 0.348437 0.796875 0.346875 0.796875 0.345313 0.7875 0.335938 0.785937 0.335938 0.782812 0.332812 0.782812 0.328125 0.744911
0 0.890625 0.596875 0.890625 0.601562 0.8875 0.604688 0.8875 0.60625 0.885938 0.607813 0.885938 0.609375 0.884375 0.610937 0.884375 0.6125 0.879687 0.617188 0.879687 0.61875 0.878125 0.620313 0.878125 0.621875 0.876562 0.623438 0.871875 0.623438 0.871875 0.64375 0.878125 0.64375 0.882812 0.648438 0.884375 0.648438 0.8875 0.651563 0.889063 0.651563 0.890625 0.653125 0.892187 0.651563 0.896875 0.651563 0.898438 0.65 0.903125 0.65 0.90625 0.653125 0.907812 0.653125 0.909375 0.654688 0.910937 0.654688 0.9125 0.65625 0.920313 0.65625 0.925 0.651563 0.925 0.65 0.926562 0.648438 0.926562 0.646875 0.935938 0.6375 0.935938 0.635938 0.9375 0.634375 0.9375 0.626562 0.935938 0.625 0.935938 0.61875 0.934375 0.617188 0.934375 0.6125 0.932813 0.610937 0.932813 0.609375 0.928125 0.604688 0.926562 0.604688 0.923437 0.601562 0.923437 0.596875 0.74331
0 0.0421875 0.725 0.040625 0.726562 0.0359375 0.726562 0.034375 0.725 0.0328125 0.726562 0.03125 0.726562 0.0296875 0.728125 0.0265625 0.728125 0.025 0.729688 0.021875 0.729688 0.015625 0.735937 0.0140625 0.735937 0.0015625 0.748438 0 0.748438 0 0.757812 0.0015625 0.757812 0.0046875 0.760938 0.0046875 0.770312 0.00625 0.771875 0.00625 0.773438 0.01875 0.785937 0.03125 0.785937 0.0328125 0.7875 0.034375 0.7875 0.0359375 0.789062 0.0359375 0.790625 0.0390625 0.79375 0.04375 0.79375 0.046875 0.790625 0.046875 0.789062 0.05 0.785937 0.05 0.784375 0.0546875 0.779688 0.0640625 0.779688 0.071875 0.771875 0.071875 0.76875 0.075 0.765625 0.075 0.7625 0.0765625 0.760938 0.0765625 0.75625 0.078125 0.754687 0.078125 0.753125 0.08125 0.75 0.08125 0.748438 0.0828125 0.746875 0.0828125 0.745313 0.0859375 0.742188 0.0875 0.742188 0.0890625 0.740625 0.0890625 0.739062 0.0859375 0.735937 0.0859375 0.732813 0.084375 0.73125 0.084375 0.729688 0.08125 0.726562 0.08125 0.725 0.0796875 0.723437 0.0796875 0.721875 0.078125 0.720312 0.078125 0.709375 0.0609375 0.709375 0.0609375 0.714063 0.0625 0.715625 0.0625 0.721875 0.059375 0.725 0.0421875 0.725 0.040625 0.717188 0.040625 0.709375 0.0390625 0.709375 0.0390625 0.717188 0.040625 0.717188 0.742709
0 0.207813 0.276563 0.203125 0.276563 0.203125 0.282813 0.209375 0.282813 0.209375 0.278125 0.207813 0.276563 0.21875 0.260938 0.220313 0.260938 0.225 0.265625 0.226562 0.265625 0.228125 0.267188 0.229687 0.267188 0.232812 0.270312 0.234375 0.270312 0.235938 0.271875 0.235938 0.273438 0.2375 0.275 0.242188 0.275 0.24375 0.273438 0.24375 0.271875 0.245312 0.270312 0.246875 0.270312 0.248437 0.26875 0.25 0.26875 0.251563 0.267188 0.25625 0.267188 0.257812 0.265625 0.265625 0.265625 0.267188 0.264062 0.273438 0.264062 0.275 0.2625 0.279687 0.2625 0.28125 0.260938 0.28125 0.25625 0.279687 0.254687 0.279687 0.246875 0.278125 0.245312 0.279687 0.24375 0.279687 0.239063 0.273438 0.232812 0.271875 0.232812 0.26875 0.229687 0.267188 0.229687 0.265625 0.228125 0.264062 0.228125 0.2625 0.226562 0.260938 0.226562 0.259375 0.225 0.264062 0.2125 0.273438 0.2125 0.276563 0.209375 0.276563 0.203125 0.257812 0.203125 0.257812 0.207813 0.260938 0.210938 0.2625 0.210938 0.264062 0.2125 0.259375 0.225 0.257812 0.225 0.25625 0.223438 0.254687 0.223438 0.253125 0.221875 0.251563 0.221875 0.25 0.220313 0.248437 0.220313 0.246875 0.21875 0.245312 0.21875 0.24375 0.217187 0.242188 0.217187 0.240625 0.215625 0.235938 0.215625 0.232812 0.2125 0.228125 0.2125 0.226562 0.214062 0.225 0.214062 0.223438 0.215625 0.220313 0.215625 0.21875 0.217187 0.215625 0.217187 0.2125 0.220313 0.2125 0.225 0.210938 0.226562 0.210938 0.229687 0.2125 0.23125 0.2125 0.2375 0.214062 0.239063 0.214062 0.254687 0.215625 0.25625 0.215625 0.257812 0.21875 0.260938 0.737848
0 0.651563 0.134375 0.651563 0.140625 0.65 0.142188 0.65 0.14375 0.648438 0.145313 0.648438 0.148438 0.646875 0.15 0.646875 0.151562 0.639063 0.159375 0.634375 0.159375 0.634375 0.184375 0.640625 0.184375 0.64375 0.1875 0.645312 0.1875 0.648438 0.190625 0.648438 0.192188 0.65 0.19375 0.65 0.195312 0.651563 0.196875 0.651563 0.2 0.653125 0.201562 0.654688 0.201562 0.65625 0.203125 0.667188 0.203125 0.66875 0.204688 0.671875 0.204688 0.673437 0.20625 0.676562 0.20625 0.678125 0.207813 0.679688 0.20625 0.682813 0.20625 0.684375 0.204688 0.684375 0.203125 0.685938 0.201562 0.685938 0.198437 0.6875 0.196875 0.6875 0.19375 0.689062 0.192188 0.689062 0.185937 0.690625 0.184375 0.690625 0.179688 0.692187 0.178125 0.692187 0.176563 0.69375 0.175 0.69375 0.173438 0.695312 0.171875 0.695312 0.165625 0.696875 0.164062 0.696875 0.148438 0.695312 0.146875 0.695312 0.145313 0.690625 0.140625 0.690625 0.134375 0.732464
0 0.535937 0.015625 0.535937 0.0203125 0.532812 0.0234375 0.53125 0.0234375 0.529688 0.025 0.528125 0.025 0.526563 0.0265625 0.525 0.025 0.520312 0.025 0.51875 0.0234375 0.515625 0.0234375 0.514063 0.021875 0.509375 0.021875 0.509375 0.0578125 0.514063 0.0578125 0.517187 0.0609375 0.517187 0.071875 0.515625 0.0734375 0.515625 0.075 0.514063 0.0765625 0.509375 0.0765625 0.509375 0.078125 0.515625 0.078125 0.517187 0.0796875 0.517187 0.08125 0.521875 0.0859375 0.523438 0.0859375 0.525 0.0875 0.528125 0.0875 0.529688 0.0890625 0.559375 0.0890625 0.560938 0.0875 0.5625 0.0875 0.564062 0.0859375 0.567187 0.0859375 0.56875 0.084375 0.571875 0.084375 0.573438 0.0828125 0.576563 0.0828125 0.578125 0.08125 0.578125 0.0796875 0.579687 0.078125 0.579687 0.0734375 0.58125 0.071875 0.58125 0.0703125 0.579687 0.06875 0.579687 0.053125 0.576563 0.05 0.575 0.05 0.56875 0.04375 0.56875 0.0421875 0.564062 0.0375 0.564062 0.0359375 0.5625 0.034375 0.5625 0.0328125 0.560938 0.03125 0.560938 0.0296875 0.559375 0.028125 0.559375 0.0265625 0.557813 0.025 0.557813 0.0234375 0.55625 0.021875 0.55625 0.015625 0.730243
0 0.910937 0.384375 0.910937 0.389062 0.907812 0.392188 0.90625 0.392188 0.903125 0.395312 0.901563 0.395312 0.901563 0.401563 0.9 0.403125 0.9 0.404687 0.898438 0.40625 0.898438 0.407813 0.896875 0.409375 0.890625 0.409375 0.890625 0.446875 0.9 0.446875 0.901563 0.448438 0.904688 0.448438 0.90625 0.45 0.907812 0.45 0.920313 0.4625 0.942187 0.4625 0.94375 0.460938 0.945312 0.460938 0.946875 0.459375 0.948438 0.459375 0.95 0.457812 0.951563 0.457812 0.953125 0.45625 0.954687 0.45625 0.95625 0.454688 0.957812 0.454688 0.960938 0.451562 0.960938 0.45 0.965625 0.445312 0.965625 0.440625 0.967188 0.439063 0.967188 0.4375 0.96875 0.435937 0.96875 0.432813 0.970312 0.43125 0.970312 0.428125 0.971875 0.426562 0.971875 0.4 0.970312 0.398438 0.970312 0.396875 0.967188 0.39375 0.964063 0.39375 0.9625 0.392188 0.959375 0.392188 0.95625 0.389062 0.95625 0.384375 0.728969
0 0.157813 0.434375 0.157813 0.440625 0.151562 0.446875 0.15 0.446875 0.148438 0.448438 0.14375 0.448438 0.142188 0.45 0.135937 0.45 0.134375 0.448438 0.125 0.448438 0.123438 0.45 0.120312 0.45 0.117188 0.453125 0.115625 0.453125 0.114063 0.454688 0.107813 0.454688 0.10625 0.45625 0.103125 0.45625 0.101562 0.457812 0.1 0.457812 0.096875 0.460938 0.0953125 0.460938 0.09375 0.4625 0.0921875 0.4625 0.090625 0.464063 0.0875 0.464063 0.0859375 0.465625 0.078125 0.465625 0.078125 0.485938 0.0828125 0.485938 0.084375 0.4875 0.0859375 0.4875 0.0890625 0.490625 0.090625 0.490625 0.1125 0.5125 0.114063 0.5125 0.115625 0.514063 0.11875 0.514063 0.120312 0.515625 0.120312 0.520312 0.121875 0.520312 0.121875 0.515625 0.123438 0.514063 0.126563 0.514063 0.128125 0.5125 0.129688 0.5125 0.13125 0.510938 0.132812 0.510938 0.134375 0.509375 0.1375 0.509375 0.139062 0.507812 0.140625 0.509375 0.15625 0.509375 0.157813 0.507812 0.159375 0.507812 0.159375 0.50625 0.164062 0.501562 0.164062 0.5 0.167187 0.496875 0.167187 0.495313 0.16875 0.49375 0.16875 0.485938 0.170312 0.484375 0.170312 0.482812 0.16875 0.48125 0.16875 0.475 0.167187 0.473437 0.167187 0.467187 0.165625 0.465625 0.165625 0.464063 0.164062 0.4625 0.164062 0.453125 0.165625 0.451562 0.165625 0.440625 0.164062 0.439063 0.164062 0.434375 0.725999
0 0.865625 0.665625 0.865625 0.670313 0.8625 0.673437 0.860937 0.673437 0.85625 0.678125 0.85625 0.679688 0.854688 0.68125 0.854688 0.682813 0.853125 0.684375 0.853125 0.685938 0.851562 0.6875 0.846875 0.6875 0.846875 0.721875 0.853125 0.721875 0.857813 0.726562 0.857813 0.732813 0.878125 0.732813 0.878125 0.728125 0.88125 0.725 0.882812 0.725 0.890625 0.717188 0.89375 0.717188 0.895312 0.715625 0.896875 0.715625 0.903125 0.709375 0.903125 0.707812 0.90625 0.704687 0.90625 0.703125 0.907812 0.701563 0.907812 0.7 0.909375 0.698438 0.909375 0.696875 0.910937 0.695312 0.910937 0.682813 0.907812 0.679688 0.90625 0.679688 0.898438 0.671875 0.898438 0.665625 0.725203
0 0.23125 0.928125 0.23125 0.932813 0.228125 0.935938 0.226562 0.935938 0.225 0.9375 0.223438 0.9375 0.221875 0.939062 0.220313 0.939062 0.21875 0.940625 0.209375 0.940625 0.209375 0.975 0.214062 0.975 0.215625 0.976562 0.217187 0.976562 0.21875 0.978125 0.220313 0.978125 0.223438 0.98125 0.225 0.98125 0.228125 0.984375 0.2375 0.984375 0.239063 0.982813 0.240625 0.982813 0.24375 0.979688 0.245312 0.979688 0.246875 0.978125 0.25 0.978125 0.251563 0.976562 0.253125 0.976562 0.253125 0.975 0.25625 0.971875 0.257812 0.971875 0.257812 0.970312 0.260938 0.967188 0.260938 0.965625 0.2625 0.964063 0.2625 0.960938 0.264062 0.959375 0.264062 0.946875 0.254687 0.9375 0.253125 0.9375 0.248437 0.932813 0.248437 0.928125 0.723305
0 0.8875 0.803125 0.8875 0.807813 0.882812 0.8125 0.88125 0.8125 0.879687 0.814062 0.871875 0.814062 0.871875 0.840625 0.878125 0.840625 0.88125 0.84375 0.882812 0.84375 0.884375 0.845312 0.8875 0.845312 0.89375 0.851562 0.895312 0.851562 0.896875 0.853125 0.9 0.853125 0.901563 0.854688 0.914062 0.854688 0.915625 0.853125 0.917188 0.853125 0.920313 0.85 0.923437 0.85 0.925 0.848437 0.926562 0.848437 0.928125 0.846875 0.929688 0.846875 0.93125 0.845312 0.93125 0.84375 0.932813 0.842188 0.932813 0.8375 0.934375 0.835938 0.934375 0.826563 0.93125 0.823438 0.93125 0.821875 0.929688 0.820312 0.929688 0.81875 0.928125 0.817187 0.928125 0.803125 0.715911
0 0.379687 0.746875 0.379687 0.753125 0.378125 0.754687 0.376563 0.754687 0.375 0.75625 0.373437 0.75625 0.371875 0.757812 0.370313 0.757812 0.367188 0.760938 0.365625 0.760938 0.3625 0.764063 0.360938 0.764063 0.339063 0.785937 0.334375 0.785937 0.334375 0.810938 0.340625 0.810938 0.342187 0.8125 0.34375 0.8125 0.351562 0.820312 0.351562 0.823438 0.353125 0.825 0.354688 0.825 0.35625 0.823438 0.359375 0.823438 0.360938 0.825 0.365625 0.825 0.367188 0.826563 0.36875 0.826563 0.370313 0.828125 0.370313 0.832812 0.371875 0.832812 0.371875 0.828125 0.373437 0.826563 0.375 0.826563 0.376563 0.825 0.378125 0.825 0.379687 0.823438 0.382812 0.823438 0.384375 0.821875 0.385938 0.821875 0.3875 0.820312 0.389062 0.820312 0.392188 0.817187 0.39375 0.817187 0.395312 0.815625 0.396875 0.815625 0.398438 0.814062 0.4 0.814062 0.401563 0.8125 0.403125 0.8125 0.404687 0.810938 0.407813 0.810938 0.409375 0.809375 0.410937 0.809375 0.4125 0.807813 0.4125 0.80625 0.415625 0.803125 0.420312 0.803125 0.420312 0.795313 0.415625 0.795313 0.410937 0.790625 0.409375 0.790625 0.404687 0.785937 0.403125 0.785937 0.401563 0.784375 0.401563 0.775 0.4 0.773438 0.4 0.770312 0.398438 0.76875 0.398438 0.75625 0.396875 0.754687 0.396875 0.746875 0.713226
0 0.01875 0.140625 0.01875 0.145313 0.0125 0.151562 0.0125 0.153125 0.0078125 0.157813 0.003125 0.157813 0.003125 0.182812 0.0078125 0.182812 0.009375 0.184375 0.009375 0.196875 0.015625 0.203125 0.015625 0.20625 0.0171875 0.207813 0.0171875 0.209375 0.0203125 0.2125 0.0203125 0.214062 0.0234375 0.217187 0.025 0.217187 0.0265625 0.21875 0.028125 0.21875 0.0328125 0.214062 0.034375 0.214062 0.040625 0.207813 0.040625 0.20625 0.04375 0.203125 0.04375 0.201562 0.059375 0.185937 0.0625 0.185937 0.0640625 0.184375 0.065625 0.184375 0.0671875 0.185937 0.0828125 0.185937 0.0828125 0.160938 0.075 0.160938 0.0734375 0.159375 0.071875 0.159375 0.0703125 0.157813 0.06875 0.157813 0.0625 0.151562 0.0609375 0.151562 0.059375 0.15 0.0578125 0.15 0.05625 0.148438 0.0546875 0.148438 0.053125 0.146875 0.05 0.146875 0.0484375 0.145313 0.0484375 0.140625 0.71114
0 0.34375 0.834375 0.34375 0.839063 0.342187 0.840625 0.340625 0.840625 0.339063 0.842188 0.335938 0.842188 0.334375 0.84375 0.328125 0.84375 0.328125 0.857813 0.334375 0.857813 0.3375 0.860937 0.339063 0.860937 0.342187 0.864062 0.342187 0.865625 0.354688 0.878125 0.354688 0.882812 0.371875 0.882812 0.371875 0.878125 0.375 0.875 0.376563 0.875 0.395312 0.85625 0.401563 0.85625 0.401563 0.85 0.396875 0.85 0.39375 0.846875 0.392188 0.846875 0.385938 0.840625 0.385938 0.834375 0.709218
0 0.64375 0.803125 0.64375 0.809375 0.640625 0.8125 0.640625 0.814062 0.6375 0.817187 0.6375 0.81875 0.634375 0.821875 0.632812 0.821875 0.63125 0.823438 0.628125 0.823438 0.626562 0.825 0.625 0.825 0.623438 0.826563 0.623438 0.828125 0.621875 0.829687 0.621875 0.834375 0.620313 0.835938 0.615625 0.835938 0.615625 0.859375 0.621875 0.859375 0.623438 0.860937 0.625 0.860937 0.634375 0.870313 0.634375 0.871875 0.639063 0.876562 0.640625 0.876562 0.642187 0.878125 0.64375 0.878125 0.65 0.884375 0.65 0.889063 0.659375 0.889063 0.659375 0.882812 0.660937 0.88125 0.6625 0.88125 0.66875 0.875 0.670313 0.875 0.676562 0.86875 0.676562 0.867188 0.678125 0.865625 0.678125 0.8625 0.679688 0.860937 0.679688 0.859375 0.68125 0.857813 0.68125 0.851562 0.682813 0.85 0.682813 0.84375 0.684375 0.842188 0.684375 0.832812 0.682813 0.83125 0.682813 0.829687 0.68125 0.828125 0.68125 0.826563 0.679688 0.825 0.679688 0.821875 0.678125 0.820312 0.678125 0.814062 0.676562 0.8125 0.676562 0.810938 0.675 0.809375 0.675 0.803125 0.706226
0 0.396875 0.378125 0.396875 0.382812 0.395312 0.384375 0.395312 0.385938 0.39375 0.3875 0.39375 0.389062 0.390625 0.392188 0.389062 0.392188 0.382812 0.398438 0.378125 0.398438 0.378125 0.41875 0.384375 0.41875 0.385938 0.420312 0.3875 0.420312 0.389062 0.421875 0.390625 0.421875 0.392188 0.423438 0.395312 0.423438 0.396875 0.425 0.4 0.425 0.401563 0.426562 0.415625 0.426562 0.417188 0.425 0.420312 0.425 0.421875 0.423438 0.423438 0.423438 0.428125 0.41875 0.428125 0.417188 0.429688 0.415625 0.429688 0.414062 0.43125 0.4125 0.43125 0.410937 0.432813 0.409375 0.432813 0.398438 0.43125 0.396875 0.43125 0.392188 0.429688 0.390625 0.429688 0.389062 0.428125 0.3875 0.428125 0.385938 0.426562 0.384375 0.426562 0.378125 0.702585
0 0.967188 0.790625 0.967188 0.796875 0.964063 0.8 0.9625 0.8 0.9625 0.801562 0.959375 0.804688 0.953125 0.804688 0.953125 0.835938 0.957812 0.835938 0.96875 0.846875 0.96875 0.848437 0.970312 0.85 0.970312 0.851562 0.971875 0.851562 0.973437 0.853125 0.975 0.853125 0.976562 0.854688 0.9875 0.854688 0.989062 0.853125 0.990625 0.853125 0.992188 0.851562 0.99375 0.851562 0.995313 0.85 0.998438 0.85 0.998438 0.790625 0.698721
0 0.382812 0.210938 0.38125 0.2125 0.371875 0.2125 0.370313 0.214062 0.370313 0.215625 0.365625 0.220313 0.364062 0.220313 0.359375 0.225 0.357812 0.225 0.351562 0.21875 0.346875 0.21875 0.346875 0.239063 0.351562 0.239063 0.357812 0.245312 0.357812 0.246875 0.359375 0.248437 0.359375 0.25 0.364062 0.254687 0.365625 0.254687 0.36875 0.257812 0.370313 0.257812 0.371875 0.259375 0.371875 0.2625 0.375 0.2625 0.376563 0.260938 0.378125 0.2625 0.389062 0.2625 0.390625 0.260938 0.392188 0.260938 0.395312 0.257812 0.395312 0.25625 0.398438 0.253125 0.398438 0.251563 0.4 0.25 0.4 0.248437 0.401563 0.246875 0.401563 0.239063 0.403125 0.2375 0.403125 0.235938 0.40625 0.232812 0.40625 0.229687 0.407813 0.228125 0.407813 0.226562 0.404687 0.223438 0.404687 0.221875 0.403125 0.220313 0.401563 0.220313 0.4 0.21875 0.396875 0.21875 0.389062 0.210938 0.696448
0 0.80625 0.665625 0.80625 0.670313 0.801562 0.675 0.796875 0.675 0.796875 0.707812 0.817187 0.707812 0.81875 0.709375 0.820312 0.709375 0.823438 0.7125 0.823438 0.714063 0.826563 0.717188 0.826563 0.71875 0.828125 0.71875 0.83125 0.721875 0.83125 0.726562 0.839063 0.726562 0.839063 0.721875 0.842188 0.71875 0.84375 0.71875 0.848437 0.714063 0.848437 0.7125 0.85 0.710938 0.85 0.685938 0.851562 0.684375 0.851562 0.682813 0.85 0.68125 0.85 0.678125 0.848437 0.676562 0.848437 0.675 0.845312 0.671875 0.845312 0.665625 0.694728
0 0.43125 0.215625 0.43125 0.220313 0.429688 0.221875 0.426562 0.221875 0.425 0.223438 0.423438 0.223438 0.415625 0.23125 0.415625 0.232812 0.414062 0.234375 0.414062 0.235938 0.409375 0.240625 0.407813 0.240625 0.403125 0.245312 0.403125 0.246875 0.401563 0.248437 0.401563 0.253125 0.396875 0.257812 0.390625 0.257812 0.390625 0.267188 0.395312 0.267188 0.396875 0.265625 0.4 0.265625 0.401563 0.264062 0.403125 0.264062 0.404687 0.265625 0.409375 0.265625 0.410937 0.267188 0.414062 0.267188 0.415625 0.26875 0.420312 0.26875 0.421875 0.270312 0.423438 0.270312 0.425 0.271875 0.425 0.276563 0.426562 0.276563 0.428125 0.278125 0.429688 0.278125 0.434375 0.282813 0.434375 0.289062 0.445312 0.289062 0.445312 0.284375 0.44375 0.282813 0.442187 0.282813 0.440625 0.28125 0.440625 0.279687 0.439063 0.278125 0.439063 0.270312 0.440625 0.26875 0.440625 0.267188 0.442187 0.265625 0.442187 0.2625 0.44375 0.260938 0.44375 0.24375 0.446875 0.240625 0.448438 0.240625 0.45 0.239063 0.45 0.2375 0.451562 0.235938 0.451562 0.232812 0.453125 0.23125 0.454688 0.23125 0.45625 0.232812 0.464063 0.232812 0.45625 0.232812 0.454688 0.23125 0.454688 0.226562 0.453125 0.226562 0.451562 0.225 0.451562 0.223438 0.45 0.221875 0.45 0.215625 0.686977
0 0.820312 0.434375 0.820312 0.439063 0.817187 0.442187 0.815625 0.442187 0.814062 0.44375 0.8125 0.44375 0.810938 0.445312 0.809375 0.445312 0.807813 0.446875 0.80625 0.446875 0.803125 0.45 0.803125 0.451562 0.801562 0.453125 0.8 0.453125 0.796875 0.45625 0.790625 0.45625 0.790625 0.467187 0.795313 0.467187 0.796875 0.46875 0.798437 0.46875 0.801562 0.471875 0.801562 0.473437 0.803125 0.475 0.803125 0.48125 0.804688 0.482812 0.804688 0.485938 0.807813 0.489062 0.807813 0.490625 0.810938 0.490625 0.8125 0.492188 0.817187 0.492188 0.820312 0.489062 0.821875 0.489062 0.825 0.485938 0.826563 0.485938 0.829687 0.482812 0.83125 0.482812 0.835938 0.478125 0.8375 0.478125 0.84375 0.471875 0.845312 0.471875 0.85 0.467187 0.85 0.465625 0.853125 0.4625 0.864062 0.4625 0.864062 0.45625 0.857813 0.45625 0.846875 0.445312 0.846875 0.434375 0.676645
0 0.425 0.259375 0.425 0.267188 0.426562 0.26875 0.426562 0.271875 0.41875 0.279687 0.417188 0.279687 0.415625 0.28125 0.414062 0.28125 0.4125 0.282813 0.410937 0.282813 0.409375 0.284375 0.407813 0.284375 0.403125 0.289062 0.396875 0.289062 0.396875 0.30625 0.401563 0.30625 0.403125 0.307813 0.403125 0.309375 0.404687 0.310937 0.404687 0.3125 0.4125 0.320312 0.4125 0.321875 0.420312 0.329688 0.423438 0.329688 0.425 0.33125 0.440625 0.33125 0.442187 0.329688 0.44375 0.329688 0.451562 0.321875 0.451562 0.320312 0.453125 0.31875 0.453125 0.317187 0.457812 0.3125 0.457812 0.307813 0.454688 0.304688 0.454688 0.303125 0.453125 0.301562 0.453125 0.298438 0.451562 0.296875 0.451562 0.29375 0.45 0.292188 0.45 0.289062 0.448438 0.2875 0.448438 0.284375 0.446875 0.282813 0.446875 0.28125 0.445312 0.28125 0.442187 0.278125 0.442187 0.276563 0.440625 0.275 0.440625 0.259375 0.676377
0 0.454688 0.909375 0.454688 0.914062 0.451562 0.917188 0.446875 0.917188 0.446875 0.960938 0.451562 0.960938 0.453125 0.9625 0.457812 0.9625 0.459375 0.964063 0.4625 0.964063 0.464063 0.965625 0.470313 0.965625 0.471875 0.967188 0.478125 0.967188 0.479688 0.965625 0.484375 0.965625 0.489062 0.960938 0.489062 0.959375 0.490625 0.957812 0.490625 0.95625 0.492188 0.954687 0.492188 0.953125 0.496875 0.948438 0.496875 0.946875 0.498437 0.945312 0.498437 0.942187 0.5 0.940625 0.5 0.935938 0.501562 0.934375 0.501562 0.932813 0.5 0.93125 0.5 0.928125 0.498437 0.926562 0.498437 0.925 0.496875 0.923437 0.496875 0.921875 0.492188 0.917188 0.489062 0.917188 0.4875 0.915625 0.482812 0.915625 0.48125 0.914062 0.48125 0.909375 0.669947
0 0.046875 0.614062 0.0453125 0.614062 0.04375 0.6125 0.034375 0.6125 0.0328125 0.610937 0.0296875 0.610937 0.028125 0.609375 0.0203125 0.609375 0.01875 0.610937 0.015625 0.610937 0.0140625 0.6125 0.0125 0.6125 0.0109375 0.614062 0.009375 0.614062 0.0078125 0.615625 0.003125 0.615625 0.003125 0.646875 0.0078125 0.646875 0.009375 0.648438 0.0109375 0.648438 0.0125 0.65 0.015625 0.65 0.0171875 0.651563 0.01875 0.651563 0.0203125 0.653125 0.0234375 0.653125 0.025 0.654688 0.0265625 0.654688 0.028125 0.65625 0.0328125 0.65625 0.0359375 0.659375 0.0375 0.659375 0.0390625 0.660937 0.0421875 0.660937 0.04375 0.6625 0.0484375 0.6625 0.05 0.660937 0.053125 0.660937 0.05625 0.657812 0.0578125 0.657812 0.0609375 0.654688 0.0625 0.654688 0.0640625 0.653125 0.065625 0.653125 0.06875 0.65 0.0703125 0.65 0.071875 0.648438 0.0765625 0.648438 0.0765625 0.6375 0.06875 0.6375 0.0671875 0.635938 0.065625 0.635938 0.0625 0.632812 0.0625 0.63125 0.05625 0.625 0.05625 0.623438 0.0546875 0.623438 0.046875 0.615625 0.046875 0.614062 0.05 0.609375 0.0578125 0.609375 0.0578125 0.603125 0.05 0.603125 0.05 0.609375 0.669453
0 0.260938 0.259375 0.260938 0.267188 0.2625 0.26875 0.2625 0.271875 0.260938 0.273438 0.260938 0.275 0.254687 0.28125 0.253125 0.28125 0.251563 0.282813 0.25 0.282813 0.248437 0.284375 0.248437 0.2875 0.246875 0.289062 0.246875 0.290625 0.248437 0.292188 0.248437 0.296875 0.25 0.298438 0.25 0.3 0.251563 0.301562 0.251563 0.303125 0.257812 0.309375 0.259375 0.309375 0.2625 0.3125 0.264062 0.3125 0.26875 0.317187 0.26875 0.31875 0.271875 0.321875 0.273438 0.321875 0.276563 0.325 0.278125 0.325 0.279687 0.326562 0.28125 0.326562 0.282813 0.328125 0.282813 0.332812 0.290625 0.332812 0.290625 0.326562 0.296875 0.320312 0.296875 0.31875 0.301562 0.314063 0.301562 0.3125 0.304688 0.309375 0.304688 0.2875 0.303125 0.285937 0.303125 0.282813 0.301562 0.28125 0.301562 0.278125 0.3 0.276563 0.296875 0.276563 0.295312 0.275 0.295312 0.273438 0.290625 0.26875 0.290625 0.267188 0.2875 0.264062 0.2875 0.259375 0.666096
0 0.339063 0.248437 0.3375 0.25 0.335938 0.25 0.334375 0.251563 0.334375 0.257812 0.35625 0.257812 0.35625 0.253125 0.353125 0.25 0.348437 0.25 0.346875 0.248437 0.339063 0.248437 0.3375 0.24375 0.340625 0.24375 0.342187 0.242188 0.351562 0.242188 0.353125 0.240625 0.354688 0.240625 0.359375 0.235938 0.359375 0.232812 0.360938 0.23125 0.360938 0.225 0.3625 0.223438 0.3625 0.221875 0.364062 0.220313 0.364062 0.21875 0.365625 0.217187 0.365625 0.215625 0.36875 0.2125 0.36875 0.210938 0.370313 0.209375 0.370313 0.201562 0.36875 0.2 0.36875 0.198437 0.367188 0.196875 0.367188 0.195312 0.365625 0.19375 0.365625 0.190625 0.364062 0.189063 0.364062 0.171875 0.340625 0.171875 0.340625 0.176563 0.332812 0.184375 0.33125 0.184375 0.329688 0.185937 0.328125 0.185937 0.325 0.189063 0.323438 0.189063 0.321875 0.190625 0.320312 0.190625 0.31875 0.192188 0.317187 0.192188 0.314063 0.195312 0.309375 0.195312 0.309375 0.232812 0.315625 0.232812 0.31875 0.235938 0.320312 0.235938 0.323438 0.239063 0.325 0.239063 0.326562 0.240625 0.329688 0.240625 0.33125 0.242188 0.335938 0.242188 0.3375 0.24375 0.658763
0 0.828125 0.215625 0.828125 0.221875 0.826563 0.223438 0.826563 0.225 0.825 0.226562 0.825 0.228125 0.823438 0.229687 0.823438 0.23125 0.821875 0.232812 0.820312 0.232812 0.817187 0.235938 0.815625 0.235938 0.814062 0.2375 0.803125 0.2375 0.803125 0.265625 0.809375 0.265625 0.817187 0.273438 0.81875 0.273438 0.821875 0.276563 0.823438 0.276563 0.826563 0.279687 0.828125 0.279687 0.832812 0.284375 0.832812 0.285937 0.834375 0.285937 0.835938 0.2875 0.840625 0.2875 0.846875 0.28125 0.848437 0.28125 0.853125 0.276563 0.854688 0.276563 0.859375 0.271875 0.859375 0.270312 0.860937 0.26875 0.860937 0.267188 0.8625 0.265625 0.8625 0.2625 0.864062 0.260938 0.864062 0.259375 0.865625 0.257812 0.865625 0.25625 0.867188 0.254687 0.867188 0.253125 0.86875 0.251563 0.86875 0.248437 0.871875 0.245312 0.876562 0.245312 0.876562 0.2375 0.86875 0.2375 0.864062 0.232812 0.864062 0.23125 0.8625 0.229687 0.8625 0.225 0.860937 0.223438 0.860937 0.215625 0.651192
0 0.748438 0.915625 0.748438 0.921875 0.746875 0.923437 0.746875 0.925 0.745313 0.926562 0.745313 0.929688 0.74375 0.93125 0.74375 0.934375 0.739062 0.939062 0.734375 0.939062 0.734375 0.96875 0.740625 0.96875 0.742188 0.970312 0.74375 0.970312 0.745313 0.971875 0.748438 0.971875 0.75 0.973437 0.751562 0.973437 0.753125 0.975 0.760938 0.975 0.7625 0.976562 0.764063 0.976562 0.765625 0.975 0.76875 0.975 0.770312 0.973437 0.771875 0.973437 0.773438 0.971875 0.773438 0.970312 0.775 0.96875 0.775 0.965625 0.776563 0.964063 0.776563 0.9625 0.778125 0.960938 0.778125 0.957812 0.779688 0.95625 0.779688 0.954687 0.78125 0.953125 0.78125 0.95 0.784375 0.946875 0.789062 0.946875 0.789062 0.935938 0.784375 0.935938 0.78125 0.932813 0.78125 0.929688 0.779688 0.928125 0.779688 0.926562 0.773438 0.920313 0.773438 0.915625 0.649446
0 0.792188 0.121875 0.792188 0.134375 0.775 0.151562 0.773438 0.151562 0.770312 0.154687 0.765625 0.154687 0.765625 0.176563 0.770312 0.176563 0.773438 0.179688 0.775 0.179688 0.78125 0.185937 0.78125 0.1875 0.782812 0.189063 0.782812 0.190625 0.784375 0.192188 0.790625 0.192188 0.792188 0.190625 0.79375 0.190625 0.798437 0.185937 0.8 0.185937 0.803125 0.182812 0.807813 0.182812 0.809375 0.18125 0.814062 0.18125 0.820312 0.175 0.83125 0.175 0.832812 0.176563 0.835938 0.176563 0.8375 0.178125 0.840625 0.178125 0.840625 0.170312 0.839063 0.16875 0.839063 0.165625 0.8375 0.164062 0.8375 0.160938 0.835938 0.159375 0.835938 0.157813 0.834375 0.15625 0.832812 0.15625 0.83125 0.154687 0.829687 0.154687 0.826563 0.151562 0.826563 0.15 0.821875 0.145313 0.820312 0.145313 0.81875 0.146875 0.814062 0.146875 0.80625 0.139062 0.80625 0.1375 0.803125 0.134375 0.803125 0.13125 0.801562 0.129688 0.801562 0.128125 0.8 0.126563 0.8 0.121875 0.792188 0.121875 0.771875 0.121875 0.765625 0.121875 0.765625 0.126563 0.771875 0.126563 0.771875 0.121875 0.649418
0 0.142188 0.703125 0.142188 0.707812 0.140625 0.709375 0.134375 0.709375 0.134375 0.7375 0.139062 0.7375 0.14375 0.742188 0.14375 0.74375 0.145313 0.745313 0.145313 0.751562 0.154687 0.751562 0.154687 0.746875 0.157813 0.74375 0.160938 0.74375 0.1625 0.742188 0.170312 0.742188 0.171875 0.74375 0.179688 0.74375 0.18125 0.742188 0.182812 0.742188 0.182812 0.740625 0.189063 0.734375 0.189063 0.732813 0.192188 0.729688 0.192188 0.728125 0.19375 0.726562 0.19375 0.725 0.195312 0.723437 0.195312 0.720312 0.19375 0.71875 0.19375 0.717188 0.189063 0.7125 0.1875 0.7125 0.184375 0.709375 0.184375 0.703125 0.647682
0 0.514063 0.084375 0.514063 0.0890625 0.5125 0.090625 0.5125 0.0921875 0.510938 0.09375 0.510938 0.0953125 0.507812 0.0984375 0.50625 0.0984375 0.5 0.104687 0.498437 0.104687 0.496875 0.10625 0.495313 0.10625 0.485938 0.115625 0.473437 0.115625 0.471875 0.117188 0.465625 0.117188 0.465625 0.1375 0.470313 0.1375 0.478125 0.145313 0.478125 0.146875 0.485938 0.154687 0.4875 0.154687 0.495313 0.1625 0.495313 0.164062 0.496875 0.165625 0.498437 0.165625 0.501562 0.16875 0.504687 0.16875 0.50625 0.170312 0.507812 0.170312 0.509375 0.16875 0.514063 0.16875 0.515625 0.167187 0.528125 0.167187 0.529688 0.165625 0.532812 0.165625 0.534375 0.164062 0.535937 0.164062 0.5375 0.1625 0.539062 0.1625 0.542188 0.159375 0.542188 0.157813 0.54375 0.15625 0.54375 0.145313 0.545313 0.14375 0.545313 0.142188 0.546875 0.140625 0.546875 0.135937 0.548437 0.134375 0.548437 0.11875 0.546875 0.117188 0.546875 0.110937 0.545313 0.109375 0.545313 0.107813 0.54375 0.107813 0.542188 0.10625 0.540625 0.10625 0.539062 0.104687 0.534375 0.104687 0.526563 0.096875 0.526563 0.09375 0.525 0.0921875 0.525 0.090625 0.523438 0.0890625 0.523438 0.084375 0.646934
0 0.040625 0.365625 0.040625 0.370313 0.0375 0.373437 0.034375 0.373437 0.0328125 0.375 0.028125 0.375 0.028125 0.395312 0.034375 0.395312 0.0359375 0.396875 0.0359375 0.398438 0.040625 0.403125 0.040625 0.404687 0.04375 0.407813 0.04375 0.4125 0.0453125 0.414062 0.0453125 0.417188 0.046875 0.41875 0.046875 0.421875 0.053125 0.428125 0.0546875 0.428125 0.05625 0.429688 0.0578125 0.429688 0.059375 0.43125 0.0640625 0.43125 0.065625 0.432813 0.0734375 0.432813 0.075 0.43125 0.0765625 0.43125 0.0828125 0.425 0.0828125 0.423438 0.084375 0.421875 0.084375 0.41875 0.0859375 0.417188 0.0859375 0.4125 0.0875 0.410937 0.0875 0.409375 0.0890625 0.407813 0.0890625 0.404687 0.090625 0.403125 0.090625 0.401563 0.0890625 0.4 0.0890625 0.389062 0.090625 0.3875 0.090625 0.38125 0.0890625 0.379687 0.0890625 0.378125 0.0875 0.378125 0.0859375 0.376563 0.0828125 0.376563 0.08125 0.375 0.078125 0.375 0.075 0.371875 0.075 0.365625 0.646869
0 0.579687 0.321875 0.579687 0.328125 0.578125 0.329688 0.576563 0.329688 0.575 0.33125 0.571875 0.33125 0.570312 0.332812 0.56875 0.33125 0.560938 0.33125 0.559375 0.332812 0.557813 0.332812 0.554688 0.335938 0.553125 0.335938 0.546875 0.342187 0.546875 0.34375 0.545313 0.345313 0.54375 0.345313 0.535937 0.353125 0.535937 0.359375 0.5375 0.360938 0.5375 0.365625 0.535937 0.367188 0.535937 0.375 0.534375 0.376563 0.534375 0.382812 0.532812 0.384375 0.528125 0.384375 0.528125 0.396875 0.532812 0.396875 0.539062 0.403125 0.540625 0.403125 0.551562 0.414062 0.559375 0.414062 0.560938 0.415625 0.567187 0.415625 0.56875 0.417188 0.571875 0.417188 0.573438 0.415625 0.576563 0.415625 0.58125 0.410937 0.582812 0.410937 0.585938 0.407813 0.585938 0.40625 0.5875 0.404687 0.5875 0.403125 0.595312 0.395312 0.6 0.395312 0.601562 0.39375 0.603125 0.39375 0.604688 0.395312 0.615625 0.395312 0.617188 0.39375 0.617188 0.392188 0.61875 0.390625 0.61875 0.382812 0.617188 0.38125 0.617188 0.376563 0.61875 0.375 0.61875 0.373437 0.620313 0.371875 0.620313 0.35625 0.623438 0.353125 0.623438 0.351562 0.625 0.35 0.625 0.348437 0.626562 0.346875 0.626562 0.345313 0.625 0.34375 0.623438 0.34375 0.61875 0.339063 0.615625 0.339063 0.614062 0.3375 0.610937 0.3375 0.609375 0.335938 0.60625 0.335938 0.604688 0.334375 0.603125 0.334375 0.6 0.33125 0.6 0.329688 0.598437 0.328125 0.598437 0.321875 0.643663
0 0 0.446875 0 0.453125 0.0015625 0.453125 0.00625 0.457812 0.0015625 0.4625 0 0.4625 0 0.514063 0.0046875 0.514063 0.0046875 0.509375 0.00625 0.507812 0.0078125 0.507812 0.009375 0.50625 0.015625 0.50625 0.0171875 0.504687 0.01875 0.504687 0.021875 0.501562 0.0234375 0.501562 0.025 0.5 0.0265625 0.5 0.028125 0.498437 0.0296875 0.498437 0.04375 0.484375 0.0453125 0.484375 0.053125 0.476562 0.0578125 0.476562 0.0578125 0.465625 0.053125 0.465625 0.05 0.4625 0.05 0.460938 0.046875 0.457812 0.046875 0.45625 0.04375 0.453125 0.04375 0.446875 0.643593
0 0.253125 0.396875 0.251563 0.396875 0.251563 0.401563 0.253125 0.401563 0.253125 0.396875 0.260938 0.3875 0.2625 0.3875 0.264062 0.389062 0.265625 0.389062 0.267188 0.3875 0.26875 0.3875 0.270312 0.385938 0.271875 0.385938 0.271875 0.384375 0.278125 0.378125 0.284375 0.378125 0.285937 0.376563 0.289062 0.376563 0.292188 0.373437 0.292188 0.371875 0.29375 0.370313 0.29375 0.365625 0.295312 0.364062 0.295312 0.3625 0.296875 0.360938 0.296875 0.35625 0.298438 0.354688 0.298438 0.348437 0.29375 0.34375 0.290625 0.34375 0.2875 0.340625 0.285937 0.340625 0.279687 0.334375 0.278125 0.334375 0.276563 0.332812 0.276563 0.33125 0.270312 0.325 0.270312 0.323438 0.26875 0.321875 0.26875 0.315625 0.25 0.315625 0.25 0.320312 0.251563 0.321875 0.251563 0.328125 0.245312 0.334375 0.24375 0.334375 0.242188 0.335938 0.235938 0.335938 0.234375 0.3375 0.232812 0.3375 0.23125 0.339063 0.229687 0.339063 0.220313 0.348437 0.215625 0.348437 0.215625 0.357812 0.221875 0.357812 0.232812 0.36875 0.232812 0.370313 0.234375 0.370313 0.235938 0.371875 0.239063 0.371875 0.240625 0.373437 0.245312 0.373437 0.246875 0.375 0.248437 0.375 0.25 0.376563 0.251563 0.376563 0.253125 0.378125 0.253125 0.379687 0.260938 0.3875 0.639394
0 0.0875 0.6375 0.0859375 0.639063 0.084375 0.639063 0.0765625 0.646875 0.075 0.646875 0.071875 0.65 0.065625 0.65 0.065625 0.670313 0.0703125 0.670313 0.078125 0.678125 0.078125 0.679688 0.08125 0.682813 0.08125 0.684375 0.0828125 0.685938 0.0828125 0.6875 0.084375 0.6875 0.0859375 0.689062 0.0875 0.689062 0.0890625 0.690625 0.090625 0.690625 0.0921875 0.692187 0.103125 0.692187 0.104687 0.690625 0.10625 0.690625 0.107813 0.689062 0.109375 0.689062 0.114063 0.684375 0.114063 0.682813 0.11875 0.678125 0.11875 0.676562 0.120312 0.675 0.120312 0.673437 0.121875 0.671875 0.121875 0.65 0.125 0.646875 0.121875 0.646875 0.120312 0.645312 0.11875 0.645312 0.114063 0.640625 0.110937 0.640625 0.109375 0.639063 0.1 0.639063 0.0984375 0.6375 0.635675
0 0.8125 0.540625 0.8125 0.545313 0.809375 0.548437 0.807813 0.548437 0.80625 0.55 0.803125 0.55 0.801562 0.551562 0.796875 0.551562 0.795313 0.553125 0.79375 0.553125 0.792188 0.554688 0.792188 0.55625 0.790625 0.557813 0.790625 0.560938 0.789062 0.5625 0.789062 0.565625 0.782812 0.571875 0.78125 0.571875 0.776563 0.576563 0.771875 0.576563 0.771875 0.590625 0.779688 0.590625 0.78125 0.592188 0.782812 0.592188 0.792188 0.601562 0.792188 0.603125 0.795313 0.60625 0.795313 0.607813 0.798437 0.607813 0.8 0.609375 0.803125 0.609375 0.80625 0.60625 0.80625 0.604688 0.810938 0.6 0.810938 0.598437 0.821875 0.5875 0.825 0.5875 0.828125 0.584375 0.834375 0.584375 0.835938 0.582812 0.8375 0.582812 0.840625 0.579687 0.842188 0.579687 0.84375 0.578125 0.845312 0.578125 0.846875 0.576563 0.848437 0.576563 0.85 0.575 0.851562 0.575 0.853125 0.573438 0.857813 0.573438 0.857813 0.567187 0.853125 0.567187 0.85 0.564062 0.85 0.560938 0.848437 0.559375 0.848437 0.55625 0.846875 0.554688 0.846875 0.55 0.845312 0.548437 0.845312 0.540625 0.633321
0 0.345313 0.084375 0.345313 0.090625 0.342187 0.09375 0.342187 0.0953125 0.340625 0.096875 0.339063 0.096875 0.335938 0.1 0.334375 0.1 0.332812 0.101562 0.328125 0.101562 0.328125 0.117188 0.334375 0.117188 0.335938 0.11875 0.335938 0.120312 0.339063 0.123438 0.339063 0.125 0.342187 0.128125 0.342187 0.132812 0.34375 0.134375 0.34375 0.135937 0.345313 0.1375 0.345313 0.139062 0.348437 0.142188 0.348437 0.14375 0.351562 0.146875 0.351562 0.153125 0.346875 0.157813 0.345313 0.157813 0.34375 0.159375 0.34375 0.164062 0.36875 0.164062 0.36875 0.159375 0.373437 0.154687 0.375 0.154687 0.378125 0.151562 0.379687 0.151562 0.379687 0.15 0.38125 0.148438 0.38125 0.146875 0.384375 0.14375 0.384375 0.142188 0.395312 0.13125 0.395312 0.129688 0.396875 0.128125 0.396875 0.117188 0.395312 0.115625 0.395312 0.114063 0.39375 0.1125 0.39375 0.110937 0.392188 0.109375 0.392188 0.107813 0.389062 0.104687 0.389062 0.103125 0.38125 0.0953125 0.379687 0.0953125 0.373437 0.0890625 0.373437 0.084375 0.631431
0 0.667188 0.471875 0.667188 0.478125 0.665625 0.479688 0.665625 0.48125 0.664062 0.482812 0.659375 0.482812 0.659375 0.501562 0.665625 0.501562 0.66875 0.504687 0.670313 0.504687 0.671875 0.50625 0.676562 0.50625 0.679688 0.509375 0.68125 0.509375 0.682813 0.510938 0.696875 0.510938 0.7 0.507812 0.701563 0.507812 0.703125 0.50625 0.703125 0.504687 0.704687 0.503125 0.704687 0.501562 0.70625 0.5 0.70625 0.498437 0.707812 0.496875 0.707812 0.495313 0.70625 0.49375 0.70625 0.489062 0.704687 0.4875 0.704687 0.485938 0.703125 0.485938 0.7 0.482812 0.704687 0.478125 0.70625 0.478125 0.707812 0.476562 0.714063 0.476562 0.714063 0.471875 0.631017
0 0.882812 0.264062 0.878125 0.264062 0.878125 0.26875 0.882812 0.26875 0.882812 0.267188 0.884375 0.265625 0.882812 0.264062 0.892187 0.246875 0.904688 0.246875 0.910937 0.253125 0.910937 0.254687 0.9125 0.25625 0.9125 0.257812 0.915625 0.260938 0.915625 0.2625 0.91875 0.265625 0.920313 0.265625 0.921875 0.267188 0.926562 0.267188 0.928125 0.265625 0.929688 0.265625 0.93125 0.264062 0.932813 0.264062 0.934375 0.2625 0.935938 0.2625 0.9375 0.260938 0.939062 0.260938 0.940625 0.259375 0.94375 0.259375 0.945312 0.257812 0.948438 0.257812 0.95 0.25625 0.953125 0.25625 0.959375 0.25 0.959375 0.246875 0.960938 0.245312 0.960938 0.242188 0.9625 0.240625 0.9625 0.2125 0.964063 0.210938 0.964063 0.209375 0.9625 0.207813 0.9625 0.20625 0.960938 0.204688 0.960938 0.19375 0.964063 0.190625 0.964063 0.184375 0.91875 0.184375 0.91875 0.189063 0.917188 0.190625 0.915625 0.190625 0.914062 0.192188 0.910937 0.192188 0.909375 0.19375 0.904688 0.19375 0.903125 0.195312 0.901563 0.195312 0.9 0.196875 0.898438 0.196875 0.896875 0.198437 0.895312 0.198437 0.89375 0.2 0.890625 0.2 0.8875 0.203125 0.885938 0.203125 0.882812 0.20625 0.878125 0.20625 0.878125 0.226562 0.882812 0.226562 0.885938 0.229687 0.885938 0.232812 0.8875 0.234375 0.8875 0.242188 0.889063 0.24375 0.889063 0.245312 0.890625 0.245312 0.892187 0.246875 0.622105
0 0.709375 0.521875 0.709375 0.545313 0.714063 0.545313 0.715625 0.546875 0.715625 0.55 0.717188 0.551562 0.717188 0.553125 0.73125 0.567187 0.73125 0.56875 0.732813 0.570312 0.732813 0.571875 0.740625 0.579687 0.75 0.579687 0.751562 0.578125 0.757812 0.578125 0.759375 0.576563 0.764063 0.576563 0.770312 0.570312 0.771875 0.570312 0.776563 0.565625 0.776563 0.564062 0.778125 0.5625 0.778125 0.560938 0.779688 0.559375 0.779688 0.551562 0.78125 0.55 0.78125 0.54375 0.779688 0.542188 0.779688 0.5375 0.775 0.532812 0.775 0.53125 0.773438 0.529688 0.773438 0.521875 0.61852
0 0.120312 0.128125 0.120312 0.134375 0.11875 0.135937 0.11875 0.1375 0.117188 0.139062 0.117188 0.142188 0.115625 0.14375 0.115625 0.145313 0.114063 0.146875 0.109375 0.146875 0.109375 0.171875 0.115625 0.171875 0.117188 0.173438 0.11875 0.173438 0.123438 0.178125 0.125 0.178125 0.128125 0.18125 0.135937 0.18125 0.1375 0.179688 0.142188 0.179688 0.14375 0.178125 0.146875 0.178125 0.148438 0.176563 0.151562 0.176563 0.160938 0.167187 0.160938 0.157813 0.15625 0.153125 0.15625 0.151562 0.151562 0.146875 0.151562 0.145313 0.148438 0.142188 0.148438 0.140625 0.146875 0.139062 0.146875 0.135937 0.145313 0.134375 0.145313 0.128125 0.616639
0 0.151562 0.171875 0.151562 0.176563 0.148438 0.179688 0.145313 0.179688 0.14375 0.18125 0.140625 0.18125 0.139062 0.182812 0.1375 0.182812 0.134375 0.185937 0.13125 0.185937 0.129688 0.1875 0.128125 0.1875 0.126563 0.189063 0.121875 0.189063 0.121875 0.215625 0.126563 0.215625 0.128125 0.217187 0.128125 0.21875 0.134375 0.225 0.134375 0.226562 0.135937 0.228125 0.135937 0.229687 0.1375 0.23125 0.1375 0.234375 0.139062 0.235938 0.139062 0.2375 0.14375 0.242188 0.15625 0.242188 0.157813 0.240625 0.159375 0.240625 0.16875 0.23125 0.170312 0.23125 0.171875 0.229687 0.171875 0.228125 0.173438 0.226562 0.173438 0.223438 0.175 0.221875 0.175 0.220313 0.176563 0.21875 0.176563 0.217187 0.182812 0.210938 0.184375 0.210938 0.190625 0.204688 0.190625 0.196875 0.182812 0.189063 0.18125 0.189063 0.179688 0.1875 0.178125 0.1875 0.171875 0.18125 0.171875 0.179688 0.16875 0.176563 0.16875 0.171875 0.611421
0 0.49375 0.509375 0.49375 0.514063 0.490625 0.517187 0.489062 0.517187 0.485938 0.520312 0.485938 0.521875 0.484375 0.523438 0.484375 0.535937 0.485938 0.5375 0.485938 0.540625 0.484375 0.542188 0.484375 0.54375 0.482812 0.545313 0.478125 0.545313 0.478125 0.553125 0.482812 0.553125 0.485938 0.55625 0.4875 0.55625 0.49375 0.5625 0.510938 0.5625 0.5125 0.560938 0.51875 0.560938 0.520312 0.559375 0.521875 0.559375 0.528125 0.553125 0.528125 0.55 0.529688 0.548437 0.529688 0.526563 0.526563 0.523438 0.526563 0.521875 0.520312 0.515625 0.520312 0.509375 0.607587
0 0.623438 0.184375 0.623438 0.190625 0.620313 0.19375 0.61875 0.19375 0.610937 0.201562 0.610937 0.203125 0.609375 0.204688 0.609375 0.20625 0.607813 0.207813 0.607813 0.215625 0.60625 0.217187 0.60625 0.226562 0.609375 0.229687 0.610937 0.229687 0.6125 0.23125 0.614062 0.23125 0.617188 0.234375 0.61875 0.234375 0.625 0.240625 0.625 0.242188 0.626562 0.24375 0.626562 0.245312 0.632812 0.251563 0.632812 0.257812 0.65 0.257812 0.65 0.251563 0.651563 0.25 0.651563 0.248437 0.657812 0.242188 0.660937 0.242188 0.6625 0.240625 0.66875 0.240625 0.670313 0.239063 0.673437 0.239063 0.675 0.2375 0.682813 0.2375 0.682813 0.221875 0.678125 0.221875 0.676562 0.220313 0.678125 0.21875 0.682813 0.21875 0.682813 0.184375 0.667188 0.184375 0.667188 0.192188 0.670313 0.195312 0.670313 0.196875 0.66875 0.198437 0.667188 0.198437 0.665625 0.2 0.664062 0.2 0.6625 0.198437 0.659375 0.198437 0.65 0.189063 0.65 0.184375 0.605498
0 0.471875 0.609375 0.471875 0.615625 0.470313 0.617188 0.470313 0.61875 0.459375 0.629687 0.459375 0.63125 0.457812 0.632812 0.453125 0.632812 0.453125 0.640625 0.457812 0.640625 0.459375 0.642187 0.459375 0.645312 0.4625 0.648438 0.464063 0.648438 0.465625 0.65 0.467187 0.65 0.470313 0.653125 0.471875 0.653125 0.475 0.65625 0.476562 0.65625 0.485938 0.665625 0.485938 0.670313 0.498437 0.670313 0.498437 0.665625 0.5 0.664062 0.501562 0.664062 0.503125 0.6625 0.50625 0.6625 0.507812 0.660937 0.521875 0.660937 0.526563 0.65625 0.532812 0.65625 0.532812 0.632812 0.528125 0.632812 0.523438 0.628125 0.523438 0.626562 0.520312 0.623438 0.51875 0.623438 0.510938 0.615625 0.510938 0.609375 0.603406
0 0.003125 0.253125 0.003125 0.326562 0.0078125 0.326562 0.0078125 0.320312 0.009375 0.31875 0.009375 0.3125 0.0109375 0.310937 0.0109375 0.309375 0.0203125 0.3 0.0203125 0.298438 0.025 0.29375 0.025 0.292188 0.0265625 0.290625 0.0265625 0.278125 0.025 0.276563 0.025 0.270312 0.021875 0.267188 0.021875 0.265625 0.0203125 0.264062 0.01875 0.264062 0.015625 0.260938 0.0140625 0.260938 0.0125 0.259375 0.0125 0.253125 0.59236
0 0.142188 0.959375 0.142188 0.970312 0.1375 0.975 0.135937 0.975 0.134375 0.976562 0.13125 0.976562 0.129688 0.978125 0.121875 0.978125 0.121875 0.998438 0.176563 0.998438 0.176563 0.995313 0.178125 0.99375 0.18125 0.99375 0.18125 0.984375 0.179688 0.982813 0.179688 0.98125 0.178125 0.979688 0.178125 0.978125 0.173438 0.973437 0.171875 0.973437 0.170312 0.971875 0.165625 0.971875 0.1625 0.96875 0.1625 0.967188 0.160938 0.965625 0.160938 0.959375 0.586715
0 0.234375 0.003125 0.234375 0.009375 0.239063 0.009375 0.24375 0.0140625 0.245312 0.0140625 0.248437 0.0171875 0.25 0.0171875 0.253125 0.0203125 0.25625 0.0203125 0.257812 0.021875 0.259375 0.021875 0.260938 0.0203125 0.26875 0.0203125 0.270312 0.01875 0.278125 0.01875 0.279687 0.0171875 0.28125 0.0171875 0.2875 0.0109375 0.2875 0.009375 0.289062 0.0078125 0.289062 0.003125 0.585298
0 0.103125 0.882812 0.101562 0.88125 0.096875 0.88125 0.096875 0.889063 0.103125 0.889063 0.103125 0.882812 0.120312 0.867188 0.126563 0.873438 0.128125 0.873438 0.129688 0.875 0.134375 0.875 0.135937 0.876562 0.139062 0.876562 0.140625 0.878125 0.142188 0.876562 0.14375 0.876562 0.145313 0.875 0.146875 0.875 0.153125 0.86875 0.154687 0.86875 0.157813 0.865625 0.159375 0.865625 0.160938 0.864062 0.160938 0.8625 0.1625 0.860937 0.1625 0.859375 0.164062 0.857813 0.164062 0.85 0.1625 0.848437 0.1625 0.845312 0.160938 0.84375 0.160938 0.840625 0.159375 0.839063 0.159375 0.8375 0.15625 0.834375 0.15625 0.832812 0.153125 0.829687 0.153125 0.828125 0.151562 0.826563 0.151562 0.821875 0.114063 0.821875 0.114063 0.826563 0.109375 0.83125 0.107813 0.83125 0.103125 0.835938 0.096875 0.835938 0.096875 0.851562 0.103125 0.851562 0.110937 0.859375 0.1125 0.859375 0.115625 0.8625 0.117188 0.8625 0.120312 0.865625 0.120312 0.867188 0.583721
0 0.375 0.153125 0.375 0.157813 0.36875 0.164062 0.36875 0.165625 0.364062 0.170312 0.359375 0.170312 0.359375 0.19375 0.364062 0.19375 0.370313 0.2 0.370313 0.201562 0.371875 0.203125 0.371875 0.20625 0.373437 0.207813 0.373437 0.209375 0.375 0.210938 0.375 0.2125 0.378125 0.215625 0.379687 0.215625 0.38125 0.214062 0.392188 0.214062 0.39375 0.2125 0.401563 0.2125 0.403125 0.210938 0.410937 0.210938 0.4125 0.209375 0.414062 0.209375 0.415625 0.207813 0.417188 0.207813 0.423438 0.201562 0.423438 0.195312 0.421875 0.19375 0.421875 0.190625 0.420312 0.189063 0.420312 0.1875 0.417188 0.184375 0.417188 0.182812 0.414062 0.179688 0.414062 0.178125 0.410937 0.175 0.410937 0.173438 0.409375 0.171875 0.409375 0.16875 0.407813 0.167187 0.407813 0.153125 0.579134
0 0.385938 0.046875 0.385938 0.053125 0.382812 0.05625 0.382812 0.0578125 0.376563 0.0640625 0.371875 0.0640625 0.371875 0.0890625 0.376563 0.0890625 0.378125 0.090625 0.379687 0.090625 0.38125 0.0921875 0.382812 0.0921875 0.385938 0.0953125 0.3875 0.0953125 0.389062 0.096875 0.389062 0.0984375 0.390625 0.1 0.39375 0.1 0.395312 0.101562 0.396875 0.101562 0.4 0.104687 0.403125 0.104687 0.40625 0.101562 0.407813 0.101562 0.410937 0.0984375 0.4125 0.0984375 0.417188 0.09375 0.41875 0.09375 0.423438 0.0890625 0.423438 0.0875 0.425 0.0859375 0.425 0.084375 0.426562 0.0828125 0.426562 0.0765625 0.428125 0.075 0.428125 0.071875 0.432813 0.0671875 0.439063 0.0671875 0.439063 0.0578125 0.43125 0.0578125 0.426562 0.053125 0.426562 0.046875 0.578241
0 0.203125 0.790625 0.203125 0.801562 0.201562 0.803125 0.201562 0.809375 0.195312 0.815625 0.190625 0.815625 0.189063 0.817187 0.184375 0.817187 0.184375 0.8375 0.190625 0.8375 0.201562 0.848437 0.201562 0.85 0.204688 0.853125 0.204688 0.854688 0.20625 0.85625 0.20625 0.857813 0.207813 0.859375 0.207813 0.864062 0.225 0.864062 0.225 0.859375 0.228125 0.85625 0.229687 0.85625 0.23125 0.854688 0.232812 0.854688 0.234375 0.853125 0.235938 0.853125 0.2375 0.851562 0.240625 0.851562 0.242188 0.85 0.24375 0.85 0.246875 0.846875 0.248437 0.846875 0.259375 0.835938 0.2625 0.835938 0.264062 0.834375 0.270312 0.834375 0.270312 0.810938 0.264062 0.810938 0.257812 0.804688 0.257812 0.803125 0.25625 0.801562 0.25625 0.790625 0.56561
0 0.467187 0.253125 0.467187 0.259375 0.465625 0.260938 0.465625 0.2625 0.4625 0.265625 0.4625 0.267188 0.459375 0.270312 0.459375 0.271875 0.454688 0.276563 0.454688 0.278125 0.451562 0.28125 0.446875 0.28125 0.446875 0.285937 0.453125 0.285937 0.45625 0.289062 0.45625 0.301562 0.457812 0.303125 0.457812 0.3125 0.459375 0.314063 0.459375 0.315625 0.457812 0.317187 0.457812 0.326562 0.478125 0.326562 0.478125 0.317187 0.476562 0.315625 0.478125 0.314063 0.478125 0.3125 0.479688 0.310937 0.479688 0.309375 0.490625 0.298438 0.490625 0.296875 0.495313 0.292188 0.495313 0.290625 0.503125 0.282813 0.503125 0.28125 0.504687 0.279687 0.504687 0.270312 0.503125 0.26875 0.503125 0.2625 0.501562 0.260938 0.501562 0.259375 0.5 0.257812 0.5 0.253125 0.562066
0 0.040625 0.684375 0.040625 0.689062 0.0375 0.692187 0.034375 0.692187 0.0328125 0.69375 0.03125 0.69375 0.0296875 0.695312 0.028125 0.695312 0.0265625 0.696875 0.025 0.696875 0.021875 0.7 0.0203125 0.7 0.01875 0.701563 0.0171875 0.701563 0.0171875 0.709375 0.01875 0.710938 0.01875 0.71875 0.0171875 0.720312 0.0171875 0.721875 0.01875 0.723437 0.01875 0.726562 0.0203125 0.728125 0.021875 0.728125 0.0234375 0.729688 0.025 0.729688 0.0265625 0.73125 0.028125 0.73125 0.0296875 0.732813 0.03125 0.732813 0.0328125 0.734375 0.034375 0.734375 0.0359375 0.735937 0.0375 0.735937 0.0390625 0.7375 0.0484375 0.7375 0.05 0.735937 0.0515625 0.735937 0.05625 0.73125 0.0578125 0.73125 0.0625 0.726562 0.0640625 0.726562 0.06875 0.721875 0.0765625 0.721875 0.0765625 0.709375 0.071875 0.709375 0.06875 0.70625 0.06875 0.703125 0.0671875 0.701563 0.0671875 0.7 0.065625 0.698438 0.065625 0.696875 0.0640625 0.695312 0.0640625 0.69375 0.0609375 0.690625 0.0609375 0.684375 0.555815
0 0.645312 0.507812 0.645312 0.514063 0.664062 0.514063 0.664062 0.492188 0.657812 0.492188 0.654688 0.495313 0.654688 0.496875 0.653125 0.498437 0.653125 0.5 0.645312 0.507812 0.6375 0.5 0.640625 0.496875 0.640625 0.495313 0.642187 0.49375 0.642187 0.489062 0.64375 0.4875 0.64375 0.482812 0.645312 0.48125 0.645312 0.479688 0.648438 0.476562 0.648438 0.475 0.65 0.473437 0.65 0.46875 0.648438 0.467187 0.646875 0.467187 0.645312 0.465625 0.64375 0.465625 0.642187 0.464063 0.640625 0.464063 0.635938 0.459375 0.635938 0.453125 0.610937 0.453125 0.610937 0.459375 0.609375 0.460938 0.607813 0.460938 0.607813 0.4625 0.601562 0.46875 0.6 0.46875 0.596875 0.471875 0.590625 0.471875 0.590625 0.484375 0.595312 0.484375 0.598437 0.4875 0.598437 0.490625 0.603125 0.495313 0.604688 0.495313 0.60625 0.496875 0.607813 0.496875 0.609375 0.498437 0.6125 0.498437 0.614062 0.5 0.615625 0.5 0.621875 0.50625 0.628125 0.50625 0.629687 0.504687 0.63125 0.504687 0.635938 0.5 0.6375 0.5 0.554223
0 0.50625 0.271875 0.50625 0.276563 0.504687 0.278125 0.504687 0.279687 0.501562 0.282813 0.501562 0.284375 0.5 0.285937 0.5 0.289062 0.498437 0.290625 0.498437 0.292188 0.495313 0.295312 0.495313 0.296875 0.492188 0.3 0.490625 0.3 0.489062 0.301562 0.4875 0.301562 0.485938 0.303125 0.484375 0.303125 0.48125 0.30625 0.479688 0.30625 0.478125 0.307813 0.471875 0.307813 0.471875 0.325 0.476562 0.325 0.478125 0.326562 0.479688 0.326562 0.48125 0.328125 0.484375 0.328125 0.485938 0.329688 0.4875 0.329688 0.489062 0.33125 0.490625 0.33125 0.49375 0.334375 0.495313 0.334375 0.496875 0.335938 0.498437 0.335938 0.501562 0.339063 0.503125 0.339063 0.504687 0.340625 0.50625 0.340625 0.507812 0.342187 0.510938 0.342187 0.5125 0.34375 0.517187 0.34375 0.51875 0.345313 0.529688 0.345313 0.53125 0.34375 0.532812 0.34375 0.534375 0.342187 0.535937 0.342187 0.539062 0.339063 0.540625 0.339063 0.546875 0.332812 0.546875 0.33125 0.55 0.328125 0.55 0.320312 0.551562 0.31875 0.551562 0.314063 0.55 0.3125 0.55 0.309375 0.548437 0.307813 0.548437 0.30625 0.546875 0.304688 0.546875 0.303125 0.542188 0.298438 0.542188 0.296875 0.535937 0.290625 0.535937 0.289062 0.532812 0.285937 0.532812 0.284375 0.529688 0.28125 0.529688 0.279687 0.528125 0.278125 0.528125 0.271875 0.554145
0 0.882812 0.328125 0.882812 0.334375 0.876562 0.340625 0.876562 0.342187 0.875 0.34375 0.875 0.345313 0.873438 0.346875 0.873438 0.348437 0.870313 0.351562 0.865625 0.351562 0.865625 0.371875 0.871875 0.371875 0.873438 0.373437 0.876562 0.373437 0.878125 0.375 0.88125 0.375 0.882812 0.376563 0.884375 0.376563 0.885938 0.378125 0.8875 0.378125 0.889063 0.379687 0.890625 0.379687 0.892187 0.38125 0.896875 0.38125 0.898438 0.379687 0.9 0.379687 0.901563 0.378125 0.903125 0.378125 0.90625 0.375 0.907812 0.375 0.910937 0.371875 0.910937 0.370313 0.914062 0.367188 0.914062 0.365625 0.921875 0.357812 0.925 0.357812 0.928125 0.354688 0.932813 0.354688 0.932813 0.345313 0.928125 0.345313 0.925 0.342187 0.925 0.340625 0.921875 0.3375 0.921875 0.335938 0.920313 0.334375 0.920313 0.328125 0.54889
0 0.707812 0.003125 0.707812 0.009375 0.704687 0.0125 0.704687 0.0140625 0.701563 0.0171875 0.696875 0.0171875 0.696875 0.053125 0.703125 0.053125 0.70625 0.05625 0.707812 0.05625 0.709375 0.0578125 0.710938 0.0578125 0.714063 0.0609375 0.721875 0.0609375 0.725 0.0578125 0.725 0.05625 0.73125 0.05 0.73125 0.0484375 0.742188 0.0375 0.745313 0.0375 0.753125 0.0296875 0.757812 0.0296875 0.757812 0.0265625 0.751562 0.0265625 0.748438 0.0234375 0.748438 0.021875 0.746875 0.0203125 0.746875 0.01875 0.74375 0.015625 0.74375 0.0140625 0.740625 0.0109375 0.739062 0.0109375 0.735937 0.0078125 0.735937 0.003125 0.536769
0 0.0859375 0.846875 0.0859375 0.853125 0.084375 0.854688 0.078125 0.854688 0.078125 0.901563 0.0890625 0.901563 0.0890625 0.895312 0.0921875 0.892187 0.09375 0.892187 0.0953125 0.890625 0.1 0.890625 0.101562 0.892187 0.103125 0.890625 0.104687 0.890625 0.10625 0.889063 0.109375 0.889063 0.110937 0.8875 0.114063 0.8875 0.115625 0.885938 0.11875 0.885938 0.120312 0.884375 0.121875 0.884375 0.121875 0.882812 0.123438 0.88125 0.123438 0.870313 0.121875 0.86875 0.121875 0.864062 0.120312 0.8625 0.120312 0.860937 0.11875 0.860937 0.117188 0.859375 0.115625 0.859375 0.1125 0.85625 0.1125 0.854688 0.109375 0.851562 0.109375 0.846875 0.536152
0 0.45 0.565625 0.45 0.570312 0.448438 0.571875 0.448438 0.573438 0.446875 0.575 0.446875 0.578125 0.440625 0.584375 0.439063 0.584375 0.4375 0.585938 0.435937 0.585938 0.434375 0.5875 0.432813 0.5875 0.43125 0.589063 0.429688 0.589063 0.426562 0.592188 0.425 0.592188 0.425 0.59375 0.420312 0.598437 0.415625 0.598437 0.415625 0.61875 0.423438 0.61875 0.425 0.620313 0.428125 0.620313 0.429688 0.621875 0.43125 0.621875 0.434375 0.625 0.435937 0.625 0.440625 0.629687 0.442187 0.629687 0.446875 0.634375 0.453125 0.634375 0.45625 0.63125 0.45625 0.629687 0.470313 0.615625 0.470313 0.614062 0.476562 0.607813 0.476562 0.60625 0.479688 0.603125 0.48125 0.603125 0.482812 0.601562 0.49375 0.601562 0.495313 0.603125 0.501562 0.603125 0.501562 0.58125 0.489062 0.58125 0.4875 0.579687 0.484375 0.579687 0.48125 0.576563 0.479688 0.576563 0.475 0.571875 0.475 0.565625 0.532857
1 0.714063 0.003125 0.714063 0.0078125 0.7125 0.009375 0.7125 0.0125 0.710938 0.0140625 0.710938 0.015625 0.714063 0.01875 0.720312 0.01875 0.721875 0.0203125 0.723437 0.0203125 0.726562 0.0234375 0.726562 0.025 0.728125 0.0265625 0.728125 0.0359375 0.729688 0.0375 0.729688 0.0390625 0.728125 0.040625 0.728125 0.0421875 0.725 0.0453125 0.723437 0.0453125 0.721875 0.046875 0.721875 0.0515625 0.720312 0.053125 0.71875 0.053125 0.717188 0.0546875 0.714063 0.0546875 0.7125 0.05625 0.7125 0.0609375 0.714063 0.0625 0.714063 0.0640625 0.715625 0.065625 0.714063 0.0671875 0.714063 0.071875 0.7125 0.0734375 0.7125 0.078125 0.707812 0.0828125 0.707812 0.0921875 0.70625 0.09375 0.704687 0.09375 0.703125 0.0953125 0.7 0.0953125 0.698438 0.096875 0.720312 0.096875 0.721875 0.0984375 0.723437 0.0984375 0.728125 0.103125 0.729688 0.103125 0.732813 0.10625 0.735937 0.10625 0.7375 0.107813 0.740625 0.107813 0.742188 0.10625 0.745313 0.10625 0.746875 0.104687 0.75 0.104687 0.751562 0.103125 0.75625 0.103125 0.757812 0.101562 0.7625 0.101562 0.764063 0.1 0.765625 0.1 0.767187 0.0984375 0.767187 0.096875 0.770312 0.09375 0.773438 0.09375 0.775 0.0953125 0.776563 0.0953125 0.782812 0.101562 0.782812 0.103125 0.7875 0.107813 0.7875 0.109375 0.789062 0.110937 0.789062 0.11875 0.790625 0.120312 0.790625 0.123438 0.7875 0.126563 0.784375 0.126563 0.782812 0.128125 0.784375 0.129688 0.784375 0.132812 0.7875 0.129688 0.789062 0.129688 0.790625 0.128125 0.79375 0.128125 0.795313 0.129688 0.796875 0.129688 0.801562 0.134375 0.804688 0.134375 0.80625 0.135937 0.807813 0.135937 0.809375 0.1375 0.810938 0.1375 0.8125 0.139062 0.815625 0.139062 0.817187 0.140625 0.820312 0.140625 0.821875 0.142188 0.825 0.139062 0.826563 0.139062 0.828125 0.1375 0.829687 0.139062 0.834375 0.139062 0.835938 0.1375 0.8375 0.1375 0.839063 0.135937 0.840625 0.135937 0.842188 0.134375 0.84375 0.134375 0.85 0.128125 0.851562 0.128125 0.854688 0.125 0.85625 0.125 0.857813 0.123438 0.864062 0.123438 0.865625 0.121875 0.867188 0.121875 0.870313 0.11875 0.871875 0.11875 0.875 0.115625 0.876562 0.115625 0.878125 0.114063 0.879687 0.114063 0.88125 0.1125 0.882812 0.1125 0.884375 0.110937 0.889063 0.110937 0.890625 0.109375 0.904688 0.109375 0.90625 0.107813 0.907812 0.107813 0.9125 0.103125 0.914062 0.103125 0.917188 0.1 0.91875 0.1 0.921875 0.096875 0.921875 0.090625 0.923437 0.0890625 0.923437 0.0875 0.925 0.0859375 0.925 0.0828125 0.928125 0.0796875 0.928125 0.078125 0.929688 0.0765625 0.929688 0.075 0.93125 0.0734375 0.93125 0.071875 0.935938 0.0671875 0.9375 0.0671875 0.939062 0.065625 0.940625 0.065625 0.94375 0.0625 0.94375 0.0609375 0.945312 0.059375 0.951563 0.059375 0.951563 0.046875 0.945312 0.046875 0.942187 0.04375 0.942187 0.0421875 0.939062 0.0390625 0.9375 0.0390625 0.932813 0.034375 0.928125 0.034375 0.929688 0.0359375 0.929688 0.0390625 0.925 0.04375 0.923437 0.04375 0.921875 0.0453125 0.915625 0.0453125 0.914062 0.04375 0.909375 0.04375 0.907812 0.0421875 0.90625 0.0421875 0.904688 0.040625 0.904688 0.034375 0.903125 0.0328125 0.903125 0.0296875 0.892187 0.01875 0.8875 0.01875 0.885938 0.0203125 0.882812 0.0203125 0.88125 0.01875 0.879687 0.01875 0.878125 0.0171875 0.876562 0.0171875 0.873438 0.0140625 0.875 0.0125 0.876562 0.0125 0.88125 0.0078125 0.88125 0.003125 0.525702
0 0.875 0.246875 0.875 0.251563 0.865625 0.260938 0.864062 0.260938 0.864062 0.2625 0.85625 0.270312 0.854688 0.270312 0.851562 0.273438 0.846875 0.273438 0.840625 0.267188 0.840625 0.265625 0.834375 0.265625 0.834375 0.2875 0.845312 0.2875 0.846875 0.289062 0.846875 0.296875 0.848437 0.298438 0.848437 0.3 0.851562 0.303125 0.859375 0.303125 0.860937 0.304688 0.8625 0.304688 0.864062 0.30625 0.865625 0.30625 0.867188 0.307813 0.870313 0.307813 0.871875 0.309375 0.88125 0.309375 0.882812 0.310937 0.889063 0.310937 0.895312 0.304688 0.895312 0.303125 0.896875 0.301562 0.896875 0.3 0.9 0.296875 0.901563 0.296875 0.90625 0.292188 0.90625 0.284375 0.904688 0.282813 0.904688 0.28125 0.901563 0.278125 0.901563 0.276563 0.9 0.275 0.9 0.271875 0.895312 0.267188 0.895312 0.265625 0.89375 0.264062 0.89375 0.260938 0.892187 0.259375 0.892187 0.257812 0.8875 0.253125 0.8875 0.246875 0.516339
0 0.545313 0.690625 0.545313 0.695312 0.54375 0.696875 0.540625 0.696875 0.539062 0.698438 0.534375 0.698438 0.532812 0.7 0.53125 0.7 0.528125 0.703125 0.526563 0.703125 0.525 0.704687 0.523438 0.704687 0.521875 0.70625 0.520312 0.70625 0.515625 0.710938 0.509375 0.710938 0.509375 0.735937 0.514063 0.735937 0.515625 0.7375 0.517187 0.7375 0.521875 0.742188 0.523438 0.742188 0.526563 0.745313 0.528125 0.745313 0.534375 0.751562 0.5375 0.751562 0.539062 0.753125 0.539062 0.757812 0.539062 0.753125 0.542188 0.75 0.54375 0.75 0.5625 0.73125 0.5625 0.729688 0.565625 0.726562 0.565625 0.725 0.567187 0.723437 0.567187 0.721875 0.570312 0.71875 0.570312 0.717188 0.578125 0.709375 0.582812 0.709375 0.582812 0.690625 0.513945
0 0.482812 0.840625 0.482812 0.846875 0.479688 0.85 0.478125 0.85 0.476562 0.851562 0.475 0.851562 0.473437 0.853125 0.471875 0.853125 0.470313 0.854688 0.46875 0.854688 0.467187 0.85625 0.459375 0.85625 0.459375 0.879687 0.465625 0.879687 0.467187 0.88125 0.46875 0.88125 0.473437 0.885938 0.473437 0.8875 0.475 0.889063 0.475 0.89375 0.476562 0.895312 0.476562 0.898438 0.475 0.9 0.475 0.90625 0.473437 0.907812 0.471875 0.907812 0.470313 0.909375 0.459375 0.909375 0.459375 0.914062 0.485938 0.914062 0.485938 0.909375 0.4875 0.907812 0.489062 0.907812 0.490625 0.90625 0.49375 0.90625 0.495313 0.904688 0.5 0.904688 0.501562 0.903125 0.509375 0.903125 0.510938 0.901563 0.515625 0.901563 0.528125 0.889063 0.528125 0.8875 0.53125 0.884375 0.53125 0.88125 0.532812 0.879687 0.532812 0.876562 0.53125 0.875 0.53125 0.871875 0.529688 0.870313 0.529688 0.867188 0.528125 0.865625 0.528125 0.857813 0.526563 0.85625 0.525 0.85625 0.51875 0.85 0.517187 0.85 0.514063 0.846875 0.514063 0.840625 0.507189
0 0.545313 0.146875 0.545313 0.151562 0.54375 0.153125 0.54375 0.15625 0.542188 0.157813 0.542188 0.159375 0.540625 0.160938 0.534375 0.160938 0.534375 0.207813 0.560938 0.207813 0.560938 0.203125 0.5625 0.201562 0.564062 0.201562 0.565625 0.2 0.567187 0.201562 0.570312 0.201562 0.571875 0.203125 0.571875 0.207813 0.58125 0.207813 0.58125 0.203125 0.5875 0.196875 0.5875 0.19375 0.589063 0.192188 0.589063 0.185937 0.590625 0.184375 0.590625 0.178125 0.589063 0.176563 0.589063 0.171875 0.5875 0.170312 0.5875 0.167187 0.585938 0.165625 0.585938 0.164062 0.579687 0.157813 0.579687 0.154687 0.578125 0.153125 0.578125 0.146875 0.506673
0 0.476562 0.0859375 0.471875 0.0859375 0.471875 0.0953125 0.48125 0.0953125 0.48125 0.0890625 0.479688 0.0875 0.478125 0.0875 0.476562 0.0859375 0.479688 0.08125 0.485938 0.08125 0.4875 0.0828125 0.492188 0.0828125 0.49375 0.084375 0.49375 0.0859375 0.495313 0.0875 0.495313 0.0953125 0.503125 0.0953125 0.503125 0.090625 0.501562 0.0890625 0.5 0.0890625 0.496875 0.0859375 0.496875 0.084375 0.498437 0.0828125 0.509375 0.0828125 0.510938 0.08125 0.514063 0.08125 0.51875 0.0765625 0.51875 0.0734375 0.520312 0.071875 0.520312 0.065625 0.521875 0.0640625 0.521875 0.05 0.520312 0.0484375 0.520312 0.04375 0.521875 0.0421875 0.521875 0.021875 0.5 0.021875 0.5 0.028125 0.496875 0.03125 0.4875 0.03125 0.485938 0.0328125 0.484375 0.0328125 0.479688 0.0375 0.479688 0.0421875 0.478125 0.04375 0.478125 0.046875 0.476562 0.0484375 0.471875 0.0484375 0.471875 0.0796875 0.478125 0.0796875 0.479688 0.08125 0.50437
0 0.445312 0.746875 0.445312 0.751562 0.44375 0.753125 0.440625 0.753125 0.439063 0.754687 0.4375 0.754687 0.435937 0.75625 0.434375 0.75625 0.432813 0.757812 0.428125 0.757812 0.428125 0.792188 0.432813 0.792188 0.435937 0.795313 0.435937 0.796875 0.440625 0.801562 0.442187 0.801562 0.445312 0.804688 0.446875 0.804688 0.448438 0.80625 0.459375 0.80625 0.460938 0.804688 0.4625 0.804688 0.464063 0.803125 0.465625 0.803125 0.470313 0.798437 0.471875 0.798437 0.475 0.795313 0.475 0.79375 0.476562 0.792188 0.476562 0.790625 0.478125 0.789062 0.478125 0.770312 0.476562 0.76875 0.476562 0.765625 0.475 0.764063 0.475 0.746875 0.503081
