0 0.98125 0.628125 0.98125 0.634375 0.979688 0.635938 0.978125 0.635938 0.976562 0.6375 0.973437 0.6375 0.971875 0.639063 0.970312 0.639063 0.96875 0.640625 0.967188 0.640625 0.964063 0.64375 0.9625 0.64375 0.953125 0.653125 0.946875 0.653125 0.946875 0.695312 0.953125 0.695312 0.959375 0.701563 0.960938 0.701563 0.9625 0.703125 0.964063 0.703125 0.965625 0.704687 0.967188 0.704687 0.975 0.7125 0.976562 0.7125 0.978125 0.714063 0.979688 0.714063 0.98125 0.715625 0.982813 0.715625 0.984375 0.717188 0.985937 0.717188 0.9875 0.71875 0.989062 0.71875 0.990625 0.720312 0.992188 0.720312 0.995313 0.723437 0.995313 0.725 0.996875 0.726562 0.998438 0.726562 0.998438 0.628125 0.91091
0 0.620313 0.284375 0.620313 0.289062 0.61875 0.290625 0.617188 0.290625 0.615625 0.292188 0.610937 0.292188 0.609375 0.29375 0.60625 0.29375 0.604688 0.295312 0.603125 0.295312 0.6 0.298438 0.598437 0.298438 0.595312 0.301562 0.595312 0.315625 0.59375 0.317187 0.59375 0.31875 0.592188 0.320312 0.592188 0.323438 0.590625 0.325 0.590625 0.326562 0.589063 0.328125 0.584375 0.328125 0.584375 0.329688 0.589063 0.329688 0.590625 0.33125 0.590625 0.339063 0.592188 0.340625 0.592188 0.342187 0.59375 0.34375 0.59375 0.345313 0.595312 0.346875 0.595312 0.348437 0.596875 0.35 0.596875 0.351562 0.6125 0.367188 0.614062 0.367188 0.615625 0.36875 0.617188 0.36875 0.61875 0.370313 0.620313 0.370313 0.621875 0.371875 0.621875 0.376563 0.621875 0.371875 0.623438 0.370313 0.639063 0.370313 0.640625 0.36875 0.642187 0.36875 0.645312 0.365625 0.646875 0.365625 0.65 0.3625 0.651563 0.3625 0.65625 0.357812 0.657812 0.357812 0.660937 0.354688 0.6625 0.354688 0.6625 0.353125 0.665625 0.35 0.665625 0.348437 0.667188 0.346875 0.667188 0.342187 0.66875 0.340625 0.66875 0.334375 0.675 0.328125 0.675 0.326562 0.676562 0.325 0.676562 0.317187 0.675 0.315625 0.675 0.30625 0.671875 0.303125 0.671875 0.301562 0.670313 0.301562 0.6625 0.29375 0.6625 0.292188 0.660937 0.290625 0.660937 0.284375 0.876887
0 0.0828125 0 0.0828125 0.003125 0.084375 0.0046875 0.084375 0.00625 0.0859375 0.0078125 0.0859375 0.009375 0.084375 0.0109375 0.084375 0.01875 0.0828125 0.0203125 0.0828125 0.0265625 0.08125 0.028125 0.08125 0.0296875 0.0796875 0.03125 0.0796875 0.0328125 0.0765625 0.0359375 0.071875 0.0359375 0.071875 0.0546875 0.0765625 0.0546875 0.078125 0.05625 0.078125 0.0578125 0.0796875 0.059375 0.0796875 0.0609375 0.08125 0.0625 0.08125 0.0640625 0.084375 0.0671875 0.0859375 0.0671875 0.0875 0.06875 0.0890625 0.06875 0.090625 0.0703125 0.0921875 0.0703125 0.09375 0.071875 0.09375 0.0765625 0.120312 0.0765625 0.120312 0.071875 0.121875 0.0703125 0.125 0.0703125 0.126563 0.06875 0.13125 0.06875 0.132812 0.0671875 0.134375 0.0671875 0.139062 0.0625 0.140625 0.0625 0.15 0.053125 0.151562 0.053125 0.154687 0.05 0.154687 0.0484375 0.159375 0.04375 0.164062 0.04375 0.164062 0.0234375 0.159375 0.0234375 0.14375 0.0078125 0.14375 0 0.872812
0 0.682813 0.053125 0.682813 0.0578125 0.68125 0.059375 0.679688 0.059375 0.678125 0.0609375 0.675 0.0609375 0.673437 0.0625 0.671875 0.0625 0.670313 0.0640625 0.66875 0.0640625 0.665625 0.0671875 0.664062 0.0671875 0.6625 0.06875 0.660937 0.06875 0.659375 0.0703125 0.657812 0.0703125 0.65625 0.071875 0.653125 0.071875 0.651563 0.0734375 0.65 0.0734375 0.648438 0.075 0.646875 0.075 0.645312 0.0765625 0.640625 0.0765625 0.640625 0.103125 0.646875 0.103125 0.653125 0.109375 0.653125 0.1125 0.654688 0.114063 0.654688 0.117188 0.65625 0.11875 0.65625 0.120312 0.657812 0.121875 0.657812 0.123438 0.659375 0.125 0.660937 0.125 0.6625 0.126563 0.664062 0.126563 0.665625 0.128125 0.66875 0.128125 0.670313 0.129688 0.673437 0.129688 0.675 0.13125 0.6875 0.13125 0.689062 0.129688 0.690625 0.13125 0.69375 0.13125 0.696875 0.134375 0.696875 0.139062 0.7125 0.139062 0.7125 0.134375 0.715625 0.13125 0.717188 0.13125 0.723437 0.125 0.723437 0.123438 0.726562 0.120312 0.726562 0.11875 0.728125 0.117188 0.728125 0.115625 0.729688 0.114063 0.729688 0.1125 0.73125 0.110937 0.73125 0.104687 0.729688 0.103125 0.729688 0.1 0.73125 0.0984375 0.73125 0.09375 0.734375 0.090625 0.734375 0.0890625 0.735937 0.0875 0.735937 0.0859375 0.7375 0.084375 0.7375 0.08125 0.735937 0.0796875 0.735937 0.078125 0.734375 0.0765625 0.734375 0.075 0.732813 0.0734375 0.732813 0.071875 0.729688 0.06875 0.729688 0.0671875 0.728125 0.065625 0.728125 0.0640625 0.721875 0.0578125 0.721875 0.053125 0.869344
0 0.8 0.934375 0.8 0.939062 0.795313 0.94375 0.795313 0.945312 0.79375 0.946875 0.79375 0.95 0.792188 0.951563 0.792188 0.954687 0.790625 0.95625 0.790625 0.967188 0.789062 0.96875 0.789062 0.970312 0.785937 0.973437 0.771875 0.973437 0.771875 0.99375 0.778125 0.99375 0.779688 0.995313 0.779688 0.998438 0.857813 0.998438 0.857813 0.996875 0.859375 0.995313 0.859375 0.99375 0.8625 0.990625 0.8625 0.989062 0.864062 0.9875 0.864062 0.985937 0.865625 0.984375 0.865625 0.979688 0.864062 0.978125 0.864062 0.975 0.8625 0.973437 0.8625 0.970312 0.860937 0.96875 0.860937 0.960938 0.859375 0.959375 0.859375 0.95625 0.857813 0.954687 0.857813 0.953125 0.853125 0.948438 0.853125 0.946875 0.851562 0.945312 0.848437 0.945312 0.846875 0.94375 0.845312 0.94375 0.84375 0.942187 0.840625 0.942187 0.8375 0.939062 0.8375 0.934375 0.866931
0 0.0296875 0.121875 0.0296875 0.13125 0.028125 0.132812 0.028125 0.134375 0.0265625 0.135937 0.025 0.135937 0.0171875 0.14375 0.009375 0.14375 0.009375 0.16875 0.0140625 0.16875 0.0171875 0.171875 0.0171875 0.173438 0.0203125 0.176563 0.0203125 0.178125 0.021875 0.179688 0.021875 0.18125 0.0234375 0.182812 0.0234375 0.184375 0.025 0.185937 0.025 0.1875 0.0296875 0.192188 0.0296875 0.19375 0.0375 0.201562 0.0375 0.207813 0.05625 0.207813 0.05625 0.203125 0.059375 0.2 0.0609375 0.2 0.0625 0.198437 0.0703125 0.198437 0.071875 0.196875 0.078125 0.196875 0.084375 0.190625 0.084375 0.1875 0.0859375 0.185937 0.0859375 0.182812 0.084375 0.18125 0.084375 0.179688 0.0828125 0.178125 0.0828125 0.173438 0.08125 0.171875 0.0828125 0.170312 0.0828125 0.16875 0.0859375 0.165625 0.0859375 0.164062 0.0875 0.1625 0.0875 0.15625 0.0859375 0.154687 0.0859375 0.153125 0.084375 0.151562 0.084375 0.15 0.0796875 0.145313 0.0796875 0.14375 0.0765625 0.140625 0.0765625 0.139062 0.071875 0.134375 0.0703125 0.134375 0.06875 0.132812 0.065625 0.132812 0.0640625 0.13125 0.05625 0.13125 0.0546875 0.129688 0.053125 0.129688 0.05 0.126563 0.05 0.121875 0.866408
0 0.248437 0.515625 0.248437 0.520312 0.246875 0.521875 0.245312 0.521875 0.24375 0.523438 0.239063 0.523438 0.2375 0.525 0.234375 0.525 0.232812 0.526563 0.23125 0.526563 0.226562 0.53125 0.225 0.53125 0.220313 0.535937 0.220313 0.5375 0.21875 0.539062 0.21875 0.546875 0.217187 0.548437 0.217187 0.55 0.215625 0.551562 0.215625 0.553125 0.2125 0.55625 0.2125 0.560938 0.214062 0.5625 0.214062 0.564062 0.215625 0.565625 0.215625 0.567187 0.217187 0.56875 0.217187 0.570312 0.220313 0.573438 0.220313 0.575 0.223438 0.578125 0.225 0.578125 0.23125 0.584375 0.23125 0.585938 0.232812 0.585938 0.239063 0.592188 0.239063 0.59375 0.242188 0.596875 0.242188 0.598437 0.24375 0.6 0.24375 0.601562 0.245312 0.603125 0.254687 0.603125 0.25625 0.601562 0.267188 0.601562 0.26875 0.6 0.270312 0.6 0.271875 0.598437 0.273438 0.598437 0.275 0.596875 0.284375 0.596875 0.290625 0.590625 0.290625 0.589063 0.289062 0.5875 0.289062 0.582812 0.2875 0.58125 0.2875 0.576563 0.290625 0.573438 0.29375 0.573438 0.296875 0.570312 0.298438 0.570312 0.298438 0.56875 0.3 0.567187 0.3 0.5625 0.298438 0.560938 0.298438 0.557813 0.290625 0.55 0.290625 0.548437 0.289062 0.546875 0.289062 0.54375 0.290625 0.542188 0.290625 0.5375 0.292188 0.535937 0.292188 0.529688 0.289062 0.526563 0.2875 0.526563 0.285937 0.525 0.276563 0.525 0.275 0.523438 0.273438 0.523438 0.270312 0.520312 0.270312 0.515625 0.863008
0 0.979688 0.51875 0.978125 0.520312 0.973437 0.520312 0.971875 0.521875 0.971875 0.526563 0.9875 0.526563 0.9875 0.521875 0.984375 0.51875 0.979688 0.51875 0.973437 0.50625 0.975 0.504687 0.978125 0.504687 0.979688 0.503125 0.98125 0.503125 0.985937 0.498437 0.9875 0.498437 0.989062 0.496875 0.990625 0.496875 0.99375 0.49375 0.99375 0.492188 0.996875 0.489062 0.998438 0.489062 0.998438 0.485938 0.996875 0.485938 0.995313 0.484375 0.995313 0.48125 0.996875 0.479688 0.998438 0.479688 0.998438 0.446875 0.995313 0.446875 0.99375 0.445312 0.99375 0.442187 0.992188 0.440625 0.992188 0.439063 0.990625 0.4375 0.990625 0.435937 0.984375 0.429688 0.982813 0.429688 0.978125 0.425 0.978125 0.423438 0.976562 0.421875 0.976562 0.420312 0.973437 0.417188 0.973437 0.415625 0.965625 0.407813 0.965625 0.40625 0.964063 0.404687 0.9625 0.404687 0.959375 0.401563 0.959375 0.396875 0.9375 0.396875 0.9375 0.403125 0.935938 0.404687 0.934375 0.404687 0.93125 0.407813 0.929688 0.407813 0.928125 0.409375 0.91875 0.409375 0.917188 0.410937 0.9125 0.410937 0.910937 0.4125 0.907812 0.4125 0.90625 0.414062 0.904688 0.414062 0.903125 0.415625 0.901563 0.415625 0.9 0.417188 0.898438 0.417188 0.890625 0.425 0.884375 0.425 0.884375 0.490625 0.890625 0.490625 0.9 0.5 0.9 0.501562 0.901563 0.501562 0.903125 0.503125 0.90625 0.503125 0.907812 0.504687 0.909375 0.504687 0.917188 0.5125 0.91875 0.5125 0.920313 0.514063 0.921875 0.514063 0.923437 0.515625 0.93125 0.515625 0.932813 0.514063 0.935938 0.514063 0.9375 0.515625 0.940625 0.515625 0.942187 0.514063 0.945312 0.514063 0.945312 0.5125 0.946875 0.510938 0.946875 0.509375 0.948438 0.507812 0.948438 0.50625 0.95 0.504687 0.95 0.503125 0.951563 0.501562 0.954687 0.501562 0.95625 0.503125 0.959375 0.503125 0.960938 0.504687 0.965625 0.504687 0.967188 0.50625 0.973437 0.50625 0.862916
0 0.1375 0.421875 0.1375 0.426562 0.134375 0.429688 0.132812 0.429688 0.13125 0.43125 0.129688 0.43125 0.128125 0.432813 0.125 0.432813 0.123438 0.434375 0.096875 0.434375 0.0953125 0.435937 0.090625 0.435937 0.0890625 0.4375 0.0875 0.4375 0.0765625 0.448438 0.071875 0.448438 0.071875 0.464063 0.0765625 0.464063 0.078125 0.465625 0.078125 0.467187 0.0796875 0.46875 0.0796875 0.470313 0.08125 0.471875 0.08125 0.475 0.0828125 0.476562 0.0828125 0.478125 0.078125 0.482812 0.071875 0.482812 0.071875 0.484375 0.0765625 0.484375 0.0828125 0.490625 0.0828125 0.492188 0.084375 0.49375 0.084375 0.504687 0.0859375 0.50625 0.0859375 0.507812 0.0875 0.509375 0.0875 0.510938 0.0890625 0.5125 0.090625 0.5125 0.09375 0.515625 0.0953125 0.515625 0.0984375 0.51875 0.1 0.51875 0.101562 0.520312 0.103125 0.520312 0.104687 0.521875 0.10625 0.521875 0.107813 0.523438 0.110937 0.523438 0.1125 0.525 0.117188 0.525 0.11875 0.523438 0.125 0.523438 0.126563 0.521875 0.128125 0.521875 0.129688 0.523438 0.13125 0.523438 0.132812 0.525 0.1375 0.525 0.139062 0.526563 0.140625 0.526563 0.142188 0.525 0.145313 0.525 0.146875 0.523438 0.148438 0.523438 0.15 0.521875 0.151562 0.521875 0.153125 0.520312 0.15625 0.520312 0.157813 0.51875 0.159375 0.51875 0.164062 0.514063 0.164062 0.5125 0.165625 0.510938 0.165625 0.509375 0.16875 0.50625 0.16875 0.504687 0.171875 0.501562 0.171875 0.5 0.173438 0.498437 0.173438 0.496875 0.175 0.495313 0.175 0.492188 0.176563 0.490625 0.176563 0.4875 0.178125 0.485938 0.182812 0.485938 0.182812 0.464063 0.178125 0.464063 0.176563 0.4625 0.176563 0.460938 0.175 0.459375 0.175 0.45625 0.171875 0.453125 0.171875 0.451562 0.170312 0.45 0.16875 0.45 0.167187 0.448438 0.165625 0.448438 0.164062 0.446875 0.160938 0.446875 0.154687 0.440625 0.154687 0.4375 0.153125 0.435937 0.153125 0.434375 0.146875 0.428125 0.146875 0.421875 0.862882
0 0.703125 0.953125 0.703125 0.957812 0.7 0.960938 0.698438 0.960938 0.696875 0.9625 0.69375 0.9625 0.692187 0.964063 0.690625 0.964063 0.689062 0.965625 0.685938 0.965625 0.684375 0.967188 0.68125 0.967188 0.679688 0.96875 0.678125 0.96875 0.676562 0.970312 0.675 0.970312 0.673437 0.971875 0.671875 0.971875 0.670313 0.973437 0.66875 0.973437 0.667188 0.975 0.665625 0.975 0.664062 0.976562 0.659375 0.976562 0.659375 0.998438 0.764063 0.998438 0.764063 0.984375 0.754687 0.984375 0.75 0.979688 0.75 0.971875 0.748438 0.970312 0.748438 0.96875 0.746875 0.967188 0.746875 0.965625 0.74375 0.9625 0.742188 0.9625 0.740625 0.960938 0.739062 0.960938 0.735937 0.957812 0.735937 0.953125 0.861531
0 0.932813 0.896875 0.932813 0.901563 0.926562 0.907812 0.926562 0.909375 0.925 0.910937 0.925 0.9125 0.923437 0.914062 0.923437 0.915625 0.921875 0.917188 0.921875 0.91875 0.915625 0.925 0.914062 0.925 0.914062 0.926562 0.9125 0.928125 0.910937 0.928125 0.904688 0.934375 0.904688 0.935938 0.901563 0.939062 0.901563 0.942187 0.9 0.94375 0.9 0.945312 0.898438 0.946875 0.898438 0.953125 0.896875 0.954687 0.890625 0.954687 0.890625 0.99375 0.896875 0.99375 0.898438 0.995313 0.898438 0.998438 0.998438 0.998438 0.998438 0.921875 0.99375 0.921875 0.992188 0.920313 0.990625 0.920313 0.985937 0.915625 0.984375 0.915625 0.982813 0.914062 0.979688 0.914062 0.978125 0.9125 0.976562 0.9125 0.975 0.910937 0.973437 0.910937 0.970312 0.907812 0.96875 0.907812 0.9625 0.901563 0.9625 0.896875 0.860738
0 0.0703125 0.209375 0.0703125 0.214062 0.0671875 0.217187 0.065625 0.217187 0.0640625 0.21875 0.0625 0.21875 0.0578125 0.223438 0.040625 0.223438 0.0390625 0.225 0.034375 0.225 0.0328125 0.226562 0.03125 0.226562 0.0265625 0.23125 0.021875 0.23125 0.021875 0.296875 0.0265625 0.296875 0.03125 0.301562 0.03125 0.303125 0.0359375 0.307813 0.0375 0.307813 0.040625 0.310937 0.04375 0.310937 0.0484375 0.315625 0.0484375 0.320312 0.0609375 0.320312 0.0609375 0.315625 0.0640625 0.3125 0.084375 0.3125 0.0859375 0.310937 0.090625 0.310937 0.0921875 0.309375 0.0984375 0.309375 0.103125 0.304688 0.103125 0.303125 0.104687 0.301562 0.10625 0.301562 0.107813 0.3 0.115625 0.3 0.11875 0.296875 0.120312 0.296875 0.123438 0.29375 0.123438 0.292188 0.125 0.290625 0.125 0.289062 0.13125 0.282813 0.132812 0.282813 0.134375 0.28125 0.134375 0.279687 0.1375 0.276563 0.135937 0.275 0.135937 0.265625 0.134375 0.264062 0.134375 0.260938 0.132812 0.259375 0.132812 0.257812 0.13125 0.25625 0.13125 0.254687 0.129688 0.253125 0.129688 0.251563 0.128125 0.25 0.128125 0.248437 0.121875 0.242188 0.121875 0.240625 0.120312 0.239063 0.120312 0.2375 0.11875 0.235938 0.11875 0.234375 0.115625 0.23125 0.115625 0.229687 0.109375 0.223438 0.107813 0.223438 0.10625 0.221875 0.104687 0.221875 0.101562 0.21875 0.1 0.21875 0.0984375 0.217187 0.096875 0.217187 0.0953125 0.215625 0.09375 0.215625 0.0921875 0.214062 0.0921875 0.209375 0.859643
0 0.44375 0.928125 0.44375 0.932813 0.440625 0.935938 0.439063 0.935938 0.432813 0.942187 0.432813 0.94375 0.426562 0.95 0.425 0.95 0.421875 0.953125 0.415625 0.953125 0.415625 0.989062 0.421875 0.989062 0.425 0.992188 0.426562 0.992188 0.428125 0.99375 0.428125 0.995313 0.429688 0.996875 0.429688 0.998438 0.509375 0.998438 0.509375 0.995313 0.5125 0.992188 0.5125 0.989062 0.514063 0.9875 0.514063 0.975 0.5125 0.973437 0.5125 0.965625 0.514063 0.964063 0.514063 0.959375 0.5125 0.957812 0.5125 0.951563 0.510938 0.95 0.510938 0.948438 0.50625 0.94375 0.504687 0.94375 0.503125 0.942187 0.501562 0.942187 0.5 0.940625 0.498437 0.940625 0.496875 0.939062 0.495313 0.939062 0.49375 0.9375 0.492188 0.9375 0.490625 0.935938 0.489062 0.935938 0.4875 0.934375 0.4875 0.928125 0.858864
0 0.278125 0.615625 0.278125 0.620313 0.276563 0.621875 0.275 0.621875 0.273438 0.623438 0.257812 0.623438 0.25625 0.625 0.254687 0.625 0.251563 0.628125 0.251563 0.629687 0.248437 0.632812 0.246875 0.632812 0.245312 0.634375 0.24375 0.634375 0.242188 0.635938 0.240625 0.635938 0.234375 0.642187 0.234375 0.64375 0.232812 0.645312 0.232812 0.65625 0.235938 0.659375 0.235938 0.6625 0.2375 0.664062 0.235938 0.665625 0.232812 0.665625 0.23125 0.664062 0.221875 0.664062 0.221875 0.7375 0.226562 0.7375 0.228125 0.735937 0.228125 0.729688 0.229687 0.728125 0.229687 0.725 0.23125 0.723437 0.23125 0.720312 0.232812 0.71875 0.232812 0.717188 0.234375 0.715625 0.234375 0.7125 0.232812 0.710938 0.232812 0.701563 0.234375 0.7 0.235938 0.701563 0.235938 0.703125 0.2375 0.704687 0.2375 0.70625 0.245312 0.714063 0.246875 0.714063 0.254687 0.721875 0.254687 0.723437 0.259375 0.728125 0.260938 0.728125 0.2625 0.729688 0.28125 0.729688 0.282813 0.73125 0.285937 0.73125 0.2875 0.732813 0.296875 0.732813 0.301562 0.728125 0.303125 0.728125 0.307813 0.723437 0.309375 0.723437 0.310937 0.721875 0.3125 0.721875 0.314063 0.720312 0.315625 0.720312 0.317187 0.71875 0.31875 0.71875 0.321875 0.715625 0.321875 0.714063 0.323438 0.7125 0.323438 0.709375 0.325 0.707812 0.325 0.70625 0.326562 0.704687 0.326562 0.703125 0.328125 0.701563 0.33125 0.701563 0.334375 0.698438 0.334375 0.6875 0.332812 0.685938 0.332812 0.678125 0.334375 0.676562 0.334375 0.65625 0.332812 0.654688 0.332812 0.653125 0.329688 0.65 0.329688 0.648438 0.326562 0.645312 0.325 0.645312 0.321875 0.642187 0.321875 0.640625 0.317187 0.635938 0.317187 0.634375 0.309375 0.626562 0.307813 0.626562 0.30625 0.625 0.303125 0.625 0.301562 0.623438 0.295312 0.623438 0.292188 0.620313 0.292188 0.615625 0.858234
0 0.798437 0.828125 0.798437 0.832812 0.795313 0.835938 0.79375 0.835938 0.792188 0.8375 0.78125 0.8375 0.779688 0.839063 0.776563 0.839063 0.775 0.840625 0.773438 0.840625 0.771875 0.842188 0.770312 0.842188 0.76875 0.84375 0.765625 0.84375 0.764063 0.845312 0.7625 0.845312 0.760938 0.846875 0.759375 0.846875 0.75625 0.85 0.754687 0.85 0.753125 0.851562 0.753125 0.853125 0.751562 0.854688 0.751562 0.857813 0.75 0.859375 0.75 0.860937 0.748438 0.8625 0.748438 0.865625 0.745313 0.86875 0.740625 0.86875 0.740625 0.878125 0.745313 0.878125 0.748438 0.88125 0.748438 0.884375 0.75 0.885938 0.75 0.890625 0.751562 0.892187 0.751562 0.898438 0.753125 0.9 0.753125 0.901563 0.754687 0.903125 0.757812 0.903125 0.759375 0.904688 0.760938 0.904688 0.765625 0.909375 0.765625 0.9125 0.767187 0.914062 0.767187 0.917188 0.765625 0.91875 0.765625 0.920313 0.767187 0.921875 0.76875 0.921875 0.770312 0.923437 0.771875 0.923437 0.773438 0.925 0.778125 0.925 0.779688 0.926562 0.782812 0.926562 0.789062 0.932813 0.789062 0.935938 0.790625 0.9375 0.792188 0.9375 0.795313 0.940625 0.795313 0.945312 0.796875 0.945312 0.796875 0.939062 0.798437 0.9375 0.801562 0.9375 0.803125 0.935938 0.8125 0.935938 0.814062 0.9375 0.815625 0.9375 0.817187 0.935938 0.820312 0.935938 0.825 0.93125 0.825 0.928125 0.826563 0.926562 0.828125 0.926562 0.829687 0.925 0.832812 0.925 0.834375 0.926562 0.8375 0.926562 0.839063 0.928125 0.842188 0.928125 0.84375 0.926562 0.845312 0.926562 0.846875 0.925 0.846875 0.923437 0.848437 0.921875 0.848437 0.920313 0.85 0.91875 0.85 0.917188 0.854688 0.9125 0.85625 0.9125 0.859375 0.909375 0.859375 0.90625 0.860937 0.904688 0.860937 0.901563 0.859375 0.9 0.859375 0.895312 0.857813 0.89375 0.857813 0.885938 0.865625 0.878125 0.867188 0.878125 0.867188 0.871875 0.864062 0.86875 0.864062 0.867188 0.860937 0.864062 0.860937 0.8625 0.859375 0.860937 0.859375 0.859375 0.851562 0.851562 0.85 0.851562 0.848437 0.85 0.845312 0.85 0.84375 0.848437 0.840625 0.848437 0.8375 0.845312 0.8375 0.84375 0.835938 0.842188 0.835938 0.840625 0.834375 0.839063 0.834375 0.835938 0.832812 0.834375 0.832812 0.828125 0.856957
0 0.8 0.096875 0.8 0.101562 0.798437 0.103125 0.798437 0.104687 0.796875 0.10625 0.796875 0.107813 0.79375 0.110937 0.79375 0.1125 0.789062 0.117188 0.789062 0.11875 0.778125 0.129688 0.771875 0.129688 0.771875 0.1625 0.778125 0.1625 0.779688 0.164062 0.779688 0.165625 0.78125 0.167187 0.78125 0.16875 0.782812 0.170312 0.782812 0.171875 0.785937 0.175 0.7875 0.175 0.790625 0.178125 0.79375 0.178125 0.8 0.184375 0.8 0.185937 0.801562 0.1875 0.801562 0.189063 0.804688 0.192188 0.80625 0.192188 0.807813 0.19375 0.810938 0.19375 0.8125 0.195312 0.820312 0.195312 0.821875 0.196875 0.823438 0.196875 0.825 0.198437 0.828125 0.198437 0.829687 0.2 0.834375 0.2 0.835938 0.198437 0.8375 0.198437 0.839063 0.196875 0.846875 0.196875 0.848437 0.195312 0.85 0.195312 0.851562 0.19375 0.854688 0.19375 0.85625 0.192188 0.859375 0.192188 0.860937 0.190625 0.8625 0.190625 0.867188 0.185937 0.86875 0.185937 0.871875 0.182812 0.871875 0.18125 0.873438 0.179688 0.873438 0.178125 0.875 0.176563 0.875 0.171875 0.876562 0.170312 0.876562 0.167187 0.878125 0.165625 0.878125 0.1625 0.879687 0.160938 0.879687 0.1375 0.878125 0.135937 0.878125 0.132812 0.876562 0.13125 0.876562 0.129688 0.875 0.128125 0.875 0.126563 0.871875 0.123438 0.871875 0.121875 0.86875 0.11875 0.86875 0.117188 0.865625 0.114063 0.865625 0.1125 0.8625 0.109375 0.8625 0.107813 0.85625 0.101562 0.85625 0.096875 0.855135
0 0.1625 0.528125 0.1625 0.532812 0.160938 0.534375 0.151562 0.534375 0.15 0.535937 0.129688 0.535937 0.128125 0.5375 0.123438 0.5375 0.121875 0.539062 0.11875 0.539062 0.117188 0.540625 0.115625 0.540625 0.1125 0.54375 0.1125 0.545313 0.110937 0.546875 0.110937 0.553125 0.109375 0.554688 0.109375 0.55625 0.107813 0.557813 0.107813 0.559375 0.103125 0.564062 0.096875 0.564062 0.096875 0.5875 0.101562 0.5875 0.104687 0.590625 0.104687 0.595312 0.10625 0.596875 0.10625 0.603125 0.107813 0.604688 0.107813 0.607813 0.109375 0.609375 0.109375 0.610937 0.110937 0.6125 0.110937 0.615625 0.114063 0.61875 0.115625 0.61875 0.117188 0.620313 0.11875 0.620313 0.120312 0.621875 0.128125 0.621875 0.129688 0.623438 0.132812 0.623438 0.135937 0.626562 0.1375 0.626562 0.145313 0.634375 0.145313 0.639063 0.159375 0.639063 0.159375 0.634375 0.160938 0.632812 0.164062 0.632812 0.165625 0.63125 0.173438 0.63125 0.175 0.629687 0.176563 0.629687 0.178125 0.628125 0.179688 0.628125 0.182812 0.625 0.184375 0.625 0.201562 0.607813 0.201562 0.60625 0.204688 0.603125 0.204688 0.6 0.20625 0.598437 0.20625 0.589063 0.204688 0.5875 0.204688 0.585938 0.203125 0.584375 0.203125 0.579687 0.201562 0.578125 0.201562 0.560938 0.2 0.559375 0.2 0.557813 0.178125 0.535937 0.176563 0.535937 0.173438 0.532812 0.173438 0.528125 0.854549
0 0.05625 0.659375 0.05625 0.665625 0.0515625 0.670313 0.0515625 0.671875 0.046875 0.676562 0.0453125 0.676562 0.04375 0.678125 0.0421875 0.678125 0.040625 0.679688 0.040625 0.682813 0.0390625 0.684375 0.0390625 0.690625 0.0359375 0.69375 0.034375 0.69375 0.0328125 0.695312 0.0296875 0.695312 0.028125 0.696875 0.025 0.696875 0.0234375 0.698438 0.015625 0.698438 0.015625 0.720312 0.021875 0.720312 0.0296875 0.728125 0.0296875 0.734375 0.028125 0.735937 0.028125 0.740625 0.0265625 0.742188 0.0265625 0.746875 0.028125 0.748438 0.028125 0.75 0.03125 0.753125 0.0359375 0.753125 0.0375 0.754687 0.04375 0.754687 0.0453125 0.75625 0.046875 0.75625 0.0484375 0.757812 0.0484375 0.759375 0.053125 0.764063 0.0546875 0.764063 0.05625 0.765625 0.0609375 0.765625 0.0625 0.767187 0.0859375 0.767187 0.0875 0.76875 0.096875 0.76875 0.0984375 0.767187 0.1 0.767187 0.1 0.765625 0.101562 0.764063 0.101562 0.760938 0.103125 0.759375 0.103125 0.757812 0.10625 0.754687 0.107813 0.754687 0.109375 0.753125 0.110937 0.753125 0.1125 0.751562 0.114063 0.751562 0.115625 0.75 0.115625 0.748438 0.117188 0.746875 0.117188 0.745313 0.120312 0.742188 0.120312 0.740625 0.121875 0.739062 0.121875 0.735937 0.123438 0.734375 0.123438 0.73125 0.125 0.729688 0.125 0.723437 0.126563 0.721875 0.126563 0.720312 0.125 0.71875 0.125 0.714063 0.123438 0.7125 0.123438 0.707812 0.121875 0.70625 0.121875 0.701563 0.120312 0.7 0.120312 0.695312 0.11875 0.69375 0.11875 0.690625 0.117188 0.689062 0.117188 0.6875 0.115625 0.685938 0.115625 0.684375 0.114063 0.682813 0.114063 0.68125 0.109375 0.676562 0.10625 0.676562 0.104687 0.675 0.1 0.675 0.0984375 0.673437 0.0953125 0.673437 0.0890625 0.667188 0.0875 0.667188 0.084375 0.664062 0.084375 0.659375 0.852428
0 0 0.928125 0 0.998438 0.0828125 0.998438 0.0828125 0.995313 0.0765625 0.995313 0.075 0.99375 0.075 0.992188 0.0734375 0.990625 0.0734375 0.989062 0.0703125 0.985937 0.0703125 0.982813 0.06875 0.98125 0.06875 0.978125 0.0671875 0.976562 0.0671875 0.971875 0.065625 0.970312 0.065625 0.9625 0.0671875 0.960938 0.0671875 0.957812 0.06875 0.95625 0.06875 0.948438 0.0671875 0.946875 0.0671875 0.945312 0.0625 0.940625 0.0609375 0.940625 0.05625 0.935938 0.0546875 0.935938 0.053125 0.934375 0.053125 0.928125 0.850501
0 0.0390625 0.565625 0.0390625 0.570312 0.0296875 0.579687 0.028125 0.579687 0.0234375 0.584375 0.021875 0.584375 0.0203125 0.585938 0.0125 0.585938 0.0109375 0.5875 0.003125 0.5875 0.003125 0.64375 0.009375 0.64375 0.015625 0.65 0.0171875 0.65 0.01875 0.651563 0.0203125 0.651563 0.021875 0.653125 0.0359375 0.653125 0.0375 0.654688 0.0515625 0.654688 0.053125 0.653125 0.0625 0.653125 0.0640625 0.651563 0.0703125 0.651563 0.071875 0.65 0.0734375 0.65 0.0796875 0.64375 0.08125 0.64375 0.0875 0.6375 0.0875 0.635938 0.0890625 0.634375 0.0890625 0.629687 0.090625 0.628125 0.090625 0.626562 0.0921875 0.625 0.0921875 0.614062 0.0875 0.609375 0.0875 0.607813 0.0859375 0.60625 0.0859375 0.604688 0.084375 0.603125 0.084375 0.601562 0.0859375 0.6 0.0859375 0.596875 0.0875 0.595312 0.0875 0.59375 0.0890625 0.592188 0.0890625 0.585938 0.084375 0.58125 0.0828125 0.58125 0.08125 0.579687 0.078125 0.579687 0.075 0.576563 0.075 0.575 0.0734375 0.573438 0.0734375 0.565625 0.84933
0 0.0953125 0.771875 0.0953125 0.776563 0.0921875 0.779688 0.090625 0.779688 0.0859375 0.784375 0.084375 0.784375 0.0765625 0.792188 0.0765625 0.79375 0.0734375 0.796875 0.071875 0.796875 0.0703125 0.798437 0.06875 0.798437 0.0671875 0.8 0.0640625 0.8 0.059375 0.804688 0.059375 0.807813 0.0578125 0.809375 0.0578125 0.817187 0.05625 0.81875 0.05625 0.821875 0.0546875 0.823438 0.0546875 0.825 0.0515625 0.828125 0.046875 0.828125 0.046875 0.839063 0.0515625 0.839063 0.053125 0.840625 0.053125 0.842188 0.05625 0.845312 0.05625 0.846875 0.0578125 0.848437 0.0578125 0.860937 0.05625 0.8625 0.05625 0.865625 0.0578125 0.867188 0.0578125 0.870313 0.059375 0.871875 0.059375 0.873438 0.0609375 0.875 0.0609375 0.876562 0.0625 0.878125 0.0625 0.882812 0.0640625 0.884375 0.0640625 0.907812 0.078125 0.907812 0.078125 0.903125 0.0796875 0.901563 0.08125 0.901563 0.0828125 0.9 0.0953125 0.9 0.096875 0.898438 0.104687 0.898438 0.10625 0.896875 0.109375 0.896875 0.110937 0.895312 0.117188 0.895312 0.11875 0.89375 0.123438 0.89375 0.125 0.892187 0.129688 0.892187 0.13125 0.890625 0.134375 0.890625 0.135937 0.889063 0.139062 0.889063 0.146875 0.88125 0.146875 0.879687 0.148438 0.878125 0.148438 0.876562 0.15 0.875 0.15 0.873438 0.151562 0.871875 0.151562 0.86875 0.153125 0.867188 0.153125 0.8625 0.154687 0.860937 0.154687 0.859375 0.15625 0.857813 0.15625 0.85625 0.159375 0.853125 0.159375 0.851562 0.160938 0.85 0.160938 0.848437 0.1625 0.846875 0.1625 0.8375 0.159375 0.834375 0.159375 0.832812 0.157813 0.83125 0.157813 0.823438 0.159375 0.821875 0.159375 0.814062 0.157813 0.8125 0.157813 0.809375 0.151562 0.803125 0.151562 0.795313 0.15 0.79375 0.15 0.792188 0.148438 0.790625 0.148438 0.789062 0.145313 0.785937 0.14375 0.785937 0.142188 0.784375 0.140625 0.784375 0.134375 0.778125 0.134375 0.771875 0.117188 0.771875 0.117188 0.776563 0.115625 0.778125 0.114063 0.778125 0.1125 0.776563 0.1125 0.771875 0.845432
0 0.609375 0.521875 0.609375 0.526563 0.604688 0.53125 0.603125 0.53125 0.5875 0.546875 0.5875 0.548437 0.584375 0.551562 0.578125 0.551562 0.578125 0.585938 0.582812 0.585938 0.584375 0.5875 0.585938 0.5875 0.5875 0.589063 0.589063 0.589063 0.59375 0.59375 0.59375 0.595312 0.596875 0.598437 0.596875 0.6 0.601562 0.604688 0.604688 0.604688 0.60625 0.60625 0.607813 0.60625 0.609375 0.607813 0.614062 0.607813 0.615625 0.609375 0.620313 0.609375 0.621875 0.610937 0.623438 0.610937 0.628125 0.615625 0.628125 0.620313 0.64375 0.620313 0.64375 0.615625 0.645312 0.614062 0.646875 0.614062 0.648438 0.6125 0.651563 0.6125 0.653125 0.610937 0.654688 0.610937 0.66875 0.596875 0.66875 0.595312 0.670313 0.59375 0.670313 0.590625 0.671875 0.589063 0.671875 0.584375 0.673437 0.582812 0.673437 0.578125 0.675 0.576563 0.675 0.573438 0.676562 0.571875 0.676562 0.570312 0.678125 0.56875 0.682813 0.56875 0.682813 0.5625 0.678125 0.5625 0.676562 0.560938 0.676562 0.557813 0.675 0.55625 0.675 0.551562 0.673437 0.55 0.673437 0.548437 0.671875 0.546875 0.671875 0.545313 0.670313 0.54375 0.670313 0.540625 0.660937 0.53125 0.659375 0.53125 0.657812 0.529688 0.65625 0.529688 0.653125 0.526563 0.653125 0.521875 0.845176
0 0.225 0.403125 0.225 0.407813 0.223438 0.409375 0.220313 0.409375 0.21875 0.410937 0.20625 0.410937 0.204688 0.4125 0.2 0.4125 0.196875 0.415625 0.196875 0.41875 0.195312 0.420312 0.195312 0.421875 0.192188 0.425 0.192188 0.426562 0.189063 0.429688 0.189063 0.43125 0.1875 0.432813 0.1875 0.435937 0.185937 0.4375 0.185937 0.440625 0.184375 0.442187 0.184375 0.44375 0.182812 0.445312 0.178125 0.445312 0.178125 0.46875 0.182812 0.46875 0.1875 0.473437 0.1875 0.475 0.195312 0.482812 0.195312 0.484375 0.198437 0.4875 0.198437 0.489062 0.2 0.490625 0.2 0.492188 0.203125 0.495313 0.204688 0.495313 0.20625 0.496875 0.210938 0.496875 0.2125 0.495313 0.214062 0.495313 0.215625 0.49375 0.21875 0.49375 0.220313 0.492188 0.223438 0.492188 0.225 0.49375 0.226562 0.49375 0.228125 0.495313 0.23125 0.495313 0.232812 0.496875 0.2375 0.496875 0.239063 0.498437 0.240625 0.498437 0.242188 0.496875 0.25 0.496875 0.251563 0.498437 0.25625 0.498437 0.265625 0.489062 0.267188 0.489062 0.26875 0.4875 0.270312 0.4875 0.275 0.482812 0.275 0.48125 0.292188 0.464063 0.292188 0.4625 0.29375 0.460938 0.29375 0.457812 0.295312 0.45625 0.295312 0.454688 0.296875 0.453125 0.301562 0.453125 0.301562 0.451562 0.296875 0.451562 0.295312 0.45 0.295312 0.445312 0.29375 0.44375 0.29375 0.439063 0.290625 0.435937 0.290625 0.434375 0.2875 0.43125 0.2875 0.429688 0.282813 0.425 0.282813 0.423438 0.271875 0.4125 0.270312 0.4125 0.26875 0.410937 0.267188 0.410937 0.264062 0.407813 0.264062 0.403125 0.844488
0 0.132812 0.884375 0.132812 0.889063 0.129688 0.892187 0.126563 0.892187 0.125 0.89375 0.109375 0.89375 0.107813 0.895312 0.104687 0.895312 0.103125 0.896875 0.101562 0.896875 0.1 0.898438 0.0984375 0.898438 0.096875 0.9 0.0796875 0.9 0.078125 0.901563 0.0765625 0.901563 0.071875 0.90625 0.065625 0.90625 0.065625 0.94375 0.0703125 0.94375 0.071875 0.945312 0.071875 0.953125 0.0703125 0.954687 0.065625 0.954687 0.065625 0.960938 0.0703125 0.960938 0.0734375 0.964063 0.0734375 0.965625 0.0765625 0.96875 0.0765625 0.970312 0.0859375 0.979688 0.0859375 0.98125 0.0890625 0.984375 0.0890625 0.985937 0.0921875 0.989062 0.09375 0.989062 0.0953125 0.990625 0.104687 0.990625 0.10625 0.992188 0.107813 0.992188 0.1125 0.996875 0.1125 0.998438 0.132812 0.998438 0.132812 0.996875 0.134375 0.995313 0.135937 0.995313 0.1375 0.99375 0.145313 0.99375 0.146875 0.992188 0.148438 0.992188 0.15 0.990625 0.151562 0.990625 0.154687 0.9875 0.15625 0.9875 0.159375 0.984375 0.160938 0.984375 0.165625 0.979688 0.165625 0.976562 0.167187 0.975 0.167187 0.973437 0.175 0.965625 0.175 0.964063 0.176563 0.9625 0.176563 0.960938 0.178125 0.959375 0.178125 0.957812 0.179688 0.95625 0.179688 0.954687 0.182812 0.951563 0.182812 0.95 0.184375 0.948438 0.184375 0.940625 0.18125 0.9375 0.18125 0.935938 0.179688 0.934375 0.179688 0.926562 0.18125 0.925 0.18125 0.915625 0.171875 0.90625 0.170312 0.90625 0.164062 0.9 0.1625 0.9 0.159375 0.896875 0.157813 0.896875 0.15625 0.895312 0.154687 0.895312 0.148438 0.889063 0.148438 0.884375 0.841226
0 0.329688 0.484375 0.329688 0.489062 0.317187 0.501562 0.317187 0.503125 0.315625 0.504687 0.315625 0.50625 0.314063 0.507812 0.309375 0.507812 0.309375 0.517187 0.314063 0.517187 0.315625 0.51875 0.315625 0.520312 0.317187 0.521875 0.315625 0.523438 0.315625 0.526563 0.314063 0.528125 0.309375 0.528125 0.309375 0.55625 0.314063 0.55625 0.317187 0.559375 0.31875 0.559375 0.321875 0.5625 0.323438 0.5625 0.325 0.564062 0.326562 0.564062 0.329688 0.567187 0.33125 0.567187 0.334375 0.570312 0.3375 0.570312 0.339063 0.571875 0.342187 0.571875 0.34375 0.573438 0.345313 0.573438 0.35 0.578125 0.351562 0.578125 0.353125 0.579687 0.364062 0.579687 0.365625 0.578125 0.370313 0.578125 0.371875 0.576563 0.373437 0.576563 0.375 0.575 0.378125 0.575 0.379687 0.573438 0.38125 0.573438 0.384375 0.570312 0.385938 0.570312 0.3875 0.56875 0.389062 0.56875 0.392188 0.565625 0.39375 0.565625 0.4 0.559375 0.4 0.557813 0.404687 0.553125 0.404687 0.551562 0.409375 0.546875 0.409375 0.545313 0.410937 0.54375 0.410937 0.542188 0.4125 0.540625 0.4125 0.5375 0.410937 0.535937 0.410937 0.53125 0.4125 0.529688 0.4125 0.525 0.414062 0.523438 0.414062 0.520312 0.409375 0.515625 0.407813 0.515625 0.40625 0.514063 0.404687 0.514063 0.4 0.509375 0.4 0.5 0.398438 0.498437 0.398438 0.496875 0.395312 0.49375 0.39375 0.49375 0.392188 0.492188 0.389062 0.492188 0.3875 0.490625 0.3875 0.484375 0.841082
0 0.351562 0.003125 0.351562 0.0078125 0.34375 0.015625 0.34375 0.0171875 0.342187 0.01875 0.342187 0.0203125 0.339063 0.0234375 0.3375 0.0234375 0.334375 0.0265625 0.332812 0.0265625 0.332812 0.028125 0.33125 0.0296875 0.33125 0.0328125 0.328125 0.0359375 0.328125 0.0375 0.323438 0.0421875 0.315625 0.0421875 0.315625 0.0578125 0.320312 0.0578125 0.323438 0.0609375 0.323438 0.0625 0.325 0.0640625 0.325 0.0671875 0.323438 0.06875 0.323438 0.0703125 0.321875 0.071875 0.321875 0.078125 0.329688 0.0859375 0.329688 0.0875 0.33125 0.0890625 0.33125 0.090625 0.332812 0.0921875 0.332812 0.09375 0.334375 0.0953125 0.334375 0.096875 0.3375 0.1 0.339063 0.1 0.340625 0.101562 0.345313 0.101562 0.348437 0.104687 0.348437 0.10625 0.351562 0.109375 0.351562 0.110937 0.353125 0.1125 0.353125 0.114063 0.371875 0.114063 0.375 0.117188 0.376563 0.117188 0.38125 0.121875 0.38125 0.126563 0.3875 0.126563 0.3875 0.121875 0.390625 0.11875 0.390625 0.117188 0.39375 0.114063 0.39375 0.1125 0.395312 0.110937 0.395312 0.10625 0.396875 0.104687 0.396875 0.103125 0.4 0.1 0.401563 0.1 0.403125 0.0984375 0.407813 0.0984375 0.415625 0.090625 0.417188 0.090625 0.423438 0.084375 0.423438 0.0828125 0.425 0.08125 0.425 0.0796875 0.426562 0.078125 0.425 0.0765625 0.425 0.0640625 0.426562 0.0625 0.426562 0.0609375 0.428125 0.059375 0.428125 0.05625 0.429688 0.0546875 0.429688 0.053125 0.43125 0.0515625 0.43125 0.05 0.434375 0.046875 0.434375 0.0421875 0.435937 0.040625 0.435937 0.0390625 0.432813 0.0359375 0.432813 0.034375 0.43125 0.034375 0.429688 0.0328125 0.428125 0.0328125 0.417188 0.021875 0.417188 0.0203125 0.414062 0.0171875 0.410937 0.0171875 0.409375 0.015625 0.407813 0.015625 0.404687 0.0125 0.4 0.0125 0.398438 0.0109375 0.3875 0.0109375 0.384375 0.0078125 0.384375 0.003125 0.36875 0.003125 0.36875 0.0078125 0.365625 0.0109375 0.359375 0.0109375 0.35625 0.0078125 0.35625 0.003125 0.838433
0 0 0.446875 0 0.551562 0.00625 0.551562 0.0078125 0.553125 0.0125 0.553125 0.0140625 0.554688 0.0203125 0.554688 0.021875 0.55625 0.0359375 0.55625 0.0375 0.554688 0.04375 0.554688 0.0453125 0.553125 0.046875 0.553125 0.0484375 0.551562 0.0515625 0.551562 0.053125 0.55 0.0546875 0.55 0.0578125 0.546875 0.059375 0.546875 0.0609375 0.545313 0.0625 0.545313 0.0640625 0.54375 0.065625 0.54375 0.0703125 0.539062 0.0703125 0.53125 0.071875 0.529688 0.071875 0.526563 0.0734375 0.525 0.0734375 0.523438 0.075 0.521875 0.075 0.520312 0.0796875 0.515625 0.0796875 0.514063 0.08125 0.5125 0.08125 0.507812 0.0796875 0.50625 0.0796875 0.503125 0.078125 0.501562 0.078125 0.496875 0.0765625 0.495313 0.0765625 0.489062 0.075 0.4875 0.075 0.484375 0.071875 0.48125 0.071875 0.479688 0.06875 0.476562 0.06875 0.473437 0.0671875 0.471875 0.0671875 0.470313 0.065625 0.46875 0.065625 0.467187 0.0640625 0.465625 0.0609375 0.465625 0.059375 0.464063 0.0515625 0.464063 0.046875 0.459375 0.046875 0.457812 0.04375 0.454688 0.04375 0.453125 0.0421875 0.451562 0.0421875 0.446875 0.0234375 0.446875 0.0234375 0.451562 0.021875 0.453125 0.015625 0.453125 0.0140625 0.454688 0.0125 0.454688 0.0078125 0.459375 0.00625 0.459375 0.0046875 0.457812 0.0046875 0.446875 0.837713
0 0.701563 0.134375 0.701563 0.139062 0.7 0.140625 0.695312 0.140625 0.69375 0.142188 0.690625 0.142188 0.689062 0.14375 0.6875 0.14375 0.684375 0.146875 0.682813 0.146875 0.671875 0.157813 0.671875 0.159375 0.66875 0.1625 0.66875 0.164062 0.667188 0.165625 0.667188 0.167187 0.664062 0.170312 0.659375 0.170312 0.659375 0.204688 0.664062 0.204688 0.66875 0.209375 0.66875 0.210938 0.673437 0.215625 0.673437 0.217187 0.675 0.21875 0.676562 0.21875 0.679688 0.221875 0.679688 0.223438 0.685938 0.229687 0.6875 0.229687 0.689062 0.23125 0.695312 0.23125 0.696875 0.232812 0.698438 0.23125 0.717188 0.23125 0.71875 0.229687 0.723437 0.229687 0.725 0.228125 0.729688 0.228125 0.73125 0.226562 0.734375 0.226562 0.735937 0.228125 0.742188 0.228125 0.74375 0.226562 0.746875 0.226562 0.75 0.223438 0.751562 0.223438 0.753125 0.221875 0.754687 0.221875 0.759375 0.217187 0.759375 0.215625 0.760938 0.214062 0.760938 0.20625 0.7625 0.204688 0.7625 0.190625 0.764063 0.189063 0.764063 0.1875 0.767187 0.184375 0.767187 0.182812 0.76875 0.18125 0.76875 0.175 0.767187 0.173438 0.767187 0.164062 0.765625 0.1625 0.765625 0.159375 0.759375 0.153125 0.757812 0.153125 0.753125 0.148438 0.751562 0.148438 0.748438 0.145313 0.746875 0.145313 0.745313 0.14375 0.742188 0.14375 0.740625 0.142188 0.732813 0.142188 0.73125 0.140625 0.707812 0.140625 0.70625 0.139062 0.70625 0.134375 0.835445
0 0.971875 0.278125 0.971875 0.282813 0.970312 0.284375 0.967188 0.284375 0.965625 0.285937 0.960938 0.285937 0.959375 0.2875 0.95625 0.2875 0.953125 0.290625 0.951563 0.290625 0.951563 0.292188 0.940625 0.303125 0.940625 0.30625 0.939062 0.307813 0.939062 0.309375 0.932813 0.315625 0.928125 0.315625 0.928125 0.348437 0.932813 0.348437 0.934375 0.35 0.934375 0.351562 0.9375 0.354688 0.9375 0.35625 0.94375 0.3625 0.945312 0.3625 0.948438 0.365625 0.948438 0.367188 0.951563 0.370313 0.951563 0.371875 0.95625 0.376563 0.957812 0.376563 0.959375 0.378125 0.9625 0.378125 0.964063 0.379687 0.970312 0.379687 0.971875 0.38125 0.978125 0.38125 0.979688 0.379687 0.9875 0.379687 0.989062 0.378125 0.990625 0.378125 0.992188 0.379687 0.998438 0.379687 0.998438 0.285937 0.99375 0.285937 0.992188 0.284375 0.985937 0.284375 0.984375 0.285937 0.982813 0.284375 0.979688 0.284375 0.978125 0.282813 0.978125 0.278125 0.833569
0 0.49375 0.548437 0.485938 0.55625 0.485938 0.557813 0.478125 0.565625 0.476562 0.565625 0.475 0.567187 0.470313 0.567187 0.46875 0.56875 0.467187 0.56875 0.465625 0.570312 0.464063 0.570312 0.4625 0.571875 0.4625 0.573438 0.460938 0.575 0.460938 0.58125 0.4625 0.582812 0.4625 0.584375 0.460938 0.585938 0.460938 0.5875 0.459375 0.589063 0.453125 0.589063 0.453125 0.615625 0.459375 0.615625 0.4625 0.61875 0.4625 0.620313 0.465625 0.623438 0.465625 0.625 0.467187 0.626562 0.46875 0.626562 0.470313 0.628125 0.471875 0.628125 0.475 0.63125 0.476562 0.63125 0.479688 0.634375 0.48125 0.634375 0.484375 0.6375 0.485938 0.6375 0.4875 0.639063 0.489062 0.639063 0.492188 0.642187 0.49375 0.642187 0.5 0.648438 0.501562 0.648438 0.503125 0.65 0.504687 0.65 0.50625 0.648438 0.515625 0.648438 0.517187 0.65 0.51875 0.65 0.520312 0.651563 0.521875 0.651563 0.523438 0.653125 0.523438 0.657812 0.526563 0.657812 0.526563 0.653125 0.53125 0.648438 0.532812 0.648438 0.535937 0.645312 0.5375 0.645312 0.539062 0.64375 0.540625 0.64375 0.546875 0.6375 0.548437 0.6375 0.553125 0.632812 0.553125 0.63125 0.554688 0.629687 0.554688 0.625 0.55625 0.623438 0.55625 0.620313 0.560938 0.615625 0.560938 0.6125 0.5625 0.610937 0.5625 0.5875 0.560938 0.585938 0.560938 0.582812 0.559375 0.58125 0.559375 0.579687 0.557813 0.578125 0.557813 0.576563 0.55625 0.575 0.55625 0.571875 0.554688 0.570312 0.554688 0.559375 0.553125 0.557813 0.553125 0.554688 0.551562 0.553125 0.551562 0.551562 0.55 0.55 0.55 0.548437 0.548437 0.546875 0.548437 0.54375 0.546875 0.542188 0.546875 0.534375 0.523438 0.534375 0.523438 0.540625 0.51875 0.545313 0.517187 0.545313 0.515625 0.546875 0.510938 0.546875 0.509375 0.545313 0.5 0.545313 0.498437 0.546875 0.496875 0.546875 0.495313 0.548437 0.49375 0.548437 0.485938 0.540625 0.485938 0.534375 0.453125 0.534375 0.453125 0.542188 0.4625 0.542188 0.464063 0.54375 0.479688 0.54375 0.48125 0.542188 0.482812 0.542188 0.484375 0.540625 0.485938 0.540625 0.831745
0 0.689062 0.720312 0.689062 0.725 0.690625 0.726562 0.690625 0.728125 0.695312 0.728125 0.695312 0.720312 0.689062 0.720312 0.68125 0.709375 0.68125 0.707812 0.682813 0.70625 0.682813 0.698438 0.684375 0.696875 0.684375 0.695312 0.685938 0.69375 0.685938 0.689062 0.6875 0.6875 0.6875 0.684375 0.689062 0.682813 0.689062 0.678125 0.6875 0.676562 0.6875 0.66875 0.689062 0.667188 0.689062 0.664062 0.6875 0.6625 0.6875 0.660937 0.685938 0.659375 0.685938 0.657812 0.682813 0.654688 0.682813 0.653125 0.676562 0.646875 0.676562 0.645312 0.675 0.64375 0.675 0.640625 0.671875 0.6375 0.671875 0.635938 0.670313 0.635938 0.66875 0.634375 0.665625 0.634375 0.664062 0.632812 0.659375 0.632812 0.653125 0.626562 0.653125 0.621875 0.642187 0.621875 0.642187 0.626562 0.640625 0.628125 0.63125 0.628125 0.629687 0.626562 0.629687 0.621875 0.626562 0.621875 0.626562 0.626562 0.623438 0.629687 0.621875 0.629687 0.614062 0.6375 0.601562 0.6375 0.596875 0.642187 0.596875 0.64375 0.59375 0.646875 0.59375 0.65 0.592188 0.651563 0.592188 0.657812 0.590625 0.659375 0.590625 0.660937 0.589063 0.6625 0.584375 0.6625 0.584375 0.6875 0.589063 0.6875 0.590625 0.689062 0.590625 0.690625 0.589063 0.692187 0.584375 0.692187 0.584375 0.70625 0.589063 0.70625 0.592188 0.709375 0.59375 0.709375 0.595312 0.710938 0.596875 0.710938 0.603125 0.717188 0.603125 0.720312 0.604688 0.721875 0.604688 0.723437 0.607813 0.726562 0.610937 0.726562 0.6125 0.728125 0.615625 0.728125 0.617188 0.726562 0.628125 0.726562 0.629687 0.728125 0.632812 0.728125 0.634375 0.729688 0.648438 0.729688 0.65 0.73125 0.65625 0.73125 0.657812 0.729688 0.659375 0.729688 0.6625 0.726562 0.664062 0.726562 0.66875 0.721875 0.66875 0.720312 0.675 0.714063 0.676562 0.714063 0.68125 0.709375 0.830972
0 0.39375 0.690625 0.39375 0.696875 0.390625 0.7 0.389062 0.7 0.3875 0.701563 0.385938 0.701563 0.384375 0.703125 0.379687 0.703125 0.378125 0.704687 0.375 0.704687 0.373437 0.70625 0.371875 0.70625 0.36875 0.709375 0.36875 0.7125 0.367188 0.714063 0.367188 0.715625 0.365625 0.717188 0.365625 0.71875 0.359375 0.725 0.353125 0.725 0.353125 0.734375 0.359375 0.734375 0.3625 0.7375 0.364062 0.7375 0.367188 0.740625 0.367188 0.745313 0.365625 0.746875 0.365625 0.748438 0.364062 0.75 0.364062 0.751562 0.3625 0.753125 0.3625 0.760938 0.364062 0.7625 0.364062 0.765625 0.367188 0.76875 0.367188 0.770312 0.370313 0.773438 0.371875 0.773438 0.373437 0.775 0.375 0.775 0.376563 0.776563 0.385938 0.776563 0.3875 0.778125 0.389062 0.778125 0.392188 0.78125 0.392188 0.782812 0.39375 0.784375 0.39375 0.785937 0.395312 0.7875 0.395312 0.789062 0.396875 0.790625 0.396875 0.795313 0.409375 0.795313 0.409375 0.790625 0.4125 0.7875 0.426562 0.7875 0.428125 0.785937 0.432813 0.785937 0.434375 0.784375 0.435937 0.784375 0.440625 0.779688 0.440625 0.778125 0.44375 0.775 0.44375 0.771875 0.445312 0.770312 0.445312 0.76875 0.446875 0.767187 0.446875 0.765625 0.448438 0.764063 0.448438 0.7625 0.451562 0.759375 0.451562 0.75625 0.453125 0.754687 0.453125 0.751562 0.454688 0.75 0.454688 0.725 0.453125 0.723437 0.453125 0.720312 0.451562 0.71875 0.451562 0.717188 0.446875 0.7125 0.445312 0.7125 0.44375 0.710938 0.442187 0.710938 0.440625 0.709375 0.434375 0.709375 0.426562 0.701563 0.426562 0.7 0.425 0.698438 0.425 0.690625 0.829931
0 0.84375 0.571875 0.84375 0.576563 0.842188 0.578125 0.842188 0.579687 0.835938 0.585938 0.834375 0.585938 0.832812 0.5875 0.83125 0.5875 0.829687 0.589063 0.828125 0.589063 0.820312 0.596875 0.815625 0.596875 0.815625 0.646875 0.820312 0.646875 0.828125 0.654688 0.829687 0.654688 0.83125 0.65625 0.832812 0.65625 0.834375 0.657812 0.835938 0.657812 0.8375 0.659375 0.839063 0.659375 0.840625 0.660937 0.84375 0.660937 0.845312 0.6625 0.848437 0.6625 0.85 0.664062 0.851562 0.664062 0.853125 0.665625 0.854688 0.665625 0.857813 0.66875 0.859375 0.66875 0.860937 0.670313 0.8625 0.670313 0.864062 0.671875 0.873438 0.671875 0.875 0.673437 0.879687 0.673437 0.88125 0.675 0.885938 0.675 0.8875 0.673437 0.889063 0.673437 0.892187 0.670313 0.892187 0.667188 0.89375 0.665625 0.89375 0.660937 0.895312 0.659375 0.895312 0.657812 0.896875 0.65625 0.898438 0.65625 0.9 0.654688 0.901563 0.654688 0.903125 0.653125 0.90625 0.653125 0.907812 0.651563 0.909375 0.651563 0.909375 0.65 0.910937 0.648438 0.910937 0.645312 0.9125 0.64375 0.9125 0.6375 0.914062 0.635938 0.914062 0.63125 0.915625 0.629687 0.920313 0.629687 0.920313 0.617188 0.915625 0.617188 0.914062 0.615625 0.914062 0.614062 0.9125 0.6125 0.9125 0.610937 0.910937 0.609375 0.910937 0.60625 0.909375 0.604688 0.909375 0.603125 0.907812 0.601562 0.907812 0.6 0.9 0.592188 0.898438 0.592188 0.895312 0.589063 0.895312 0.5875 0.892187 0.584375 0.892187 0.582812 0.890625 0.582812 0.8875 0.579687 0.885938 0.579687 0.882812 0.576563 0.882812 0.571875 0.82863
0 0.553125 0.415625 0.553125 0.420312 0.55 0.423438 0.55 0.425 0.548437 0.426562 0.548437 0.428125 0.546875 0.429688 0.546875 0.43125 0.545313 0.432813 0.545313 0.435937 0.54375 0.4375 0.54375 0.439063 0.542188 0.440625 0.542188 0.442187 0.540625 0.44375 0.540625 0.446875 0.535937 0.451562 0.535937 0.453125 0.528125 0.460938 0.528125 0.4625 0.525 0.465625 0.525 0.467187 0.523438 0.46875 0.523438 0.484375 0.525 0.485938 0.525 0.489062 0.532812 0.496875 0.534375 0.496875 0.535937 0.498437 0.548437 0.498437 0.55 0.5 0.553125 0.5 0.554688 0.501562 0.557813 0.501562 0.559375 0.503125 0.560938 0.503125 0.5625 0.504687 0.565625 0.504687 0.567187 0.50625 0.573438 0.50625 0.575 0.504687 0.576563 0.504687 0.58125 0.5 0.582812 0.5 0.584375 0.498437 0.5875 0.498437 0.590625 0.495313 0.592188 0.495313 0.59375 0.49375 0.59375 0.490625 0.604688 0.479688 0.604688 0.475 0.603125 0.473437 0.603125 0.470313 0.601562 0.46875 0.601562 0.465625 0.6 0.464063 0.6 0.4625 0.601562 0.460938 0.601562 0.45625 0.604688 0.453125 0.604688 0.451562 0.603125 0.45 0.603125 0.448438 0.59375 0.439063 0.59375 0.4375 0.589063 0.432813 0.589063 0.43125 0.585938 0.428125 0.585938 0.426562 0.58125 0.421875 0.579687 0.421875 0.578125 0.420312 0.578125 0.415625 0.826681
0 0.454688 0.446875 0.454688 0.451562 0.453125 0.453125 0.451562 0.453125 0.45 0.454688 0.446875 0.454688 0.445312 0.45625 0.44375 0.45625 0.440625 0.459375 0.439063 0.459375 0.4375 0.460938 0.434375 0.460938 0.432813 0.4625 0.43125 0.4625 0.428125 0.465625 0.426562 0.465625 0.425 0.467187 0.425 0.46875 0.420312 0.473437 0.415625 0.473437 0.415625 0.484375 0.420312 0.484375 0.423438 0.4875 0.425 0.4875 0.428125 0.490625 0.428125 0.496875 0.426562 0.498437 0.426562 0.509375 0.429688 0.5125 0.429688 0.514063 0.43125 0.515625 0.43125 0.51875 0.432813 0.520312 0.432813 0.528125 0.440625 0.535937 0.442187 0.535937 0.445312 0.539062 0.446875 0.539062 0.448438 0.540625 0.451562 0.540625 0.453125 0.542188 0.459375 0.542188 0.460938 0.54375 0.4625 0.54375 0.464063 0.545313 0.464063 0.551562 0.479688 0.551562 0.479688 0.546875 0.48125 0.545313 0.482812 0.545313 0.484375 0.54375 0.485938 0.54375 0.490625 0.539062 0.492188 0.539062 0.49375 0.5375 0.495313 0.5375 0.503125 0.529688 0.503125 0.528125 0.504687 0.526563 0.504687 0.523438 0.50625 0.521875 0.50625 0.520312 0.507812 0.51875 0.507812 0.517187 0.510938 0.514063 0.510938 0.5125 0.514063 0.509375 0.514063 0.507812 0.515625 0.50625 0.515625 0.496875 0.514063 0.495313 0.514063 0.490625 0.515625 0.489062 0.515625 0.485938 0.517187 0.484375 0.517187 0.476562 0.514063 0.473437 0.514063 0.471875 0.5125 0.471875 0.510938 0.470313 0.509375 0.470313 0.50625 0.467187 0.504687 0.467187 0.495313 0.457812 0.492188 0.457812 0.490625 0.45625 0.4875 0.45625 0.485938 0.454688 0.482812 0.454688 0.479688 0.451562 0.479688 0.446875 0.825311
0 0.25 0.046875 0.25 0.0546875 0.248437 0.05625 0.248437 0.0578125 0.246875 0.059375 0.246875 0.0609375 0.240625 0.0671875 0.2375 0.0671875 0.235938 0.06875 0.234375 0.06875 0.232812 0.0703125 0.23125 0.0703125 0.229687 0.071875 0.229687 0.0734375 0.228125 0.075 0.223438 0.075 0.221875 0.0734375 0.215625 0.0734375 0.215625 0.140625 0.220313 0.140625 0.221875 0.139062 0.221875 0.135937 0.223438 0.134375 0.223438 0.132812 0.225 0.13125 0.228125 0.13125 0.229687 0.132812 0.229687 0.135937 0.235938 0.142188 0.2375 0.142188 0.240625 0.145313 0.242188 0.145313 0.246875 0.15 0.25 0.15 0.251563 0.151562 0.253125 0.151562 0.254687 0.153125 0.254687 0.157813 0.267188 0.157813 0.267188 0.153125 0.270312 0.15 0.275 0.15 0.276563 0.148438 0.285937 0.148438 0.2875 0.146875 0.290625 0.146875 0.3 0.1375 0.301562 0.1375 0.303125 0.135937 0.304688 0.135937 0.307813 0.132812 0.309375 0.132812 0.309375 0.13125 0.310937 0.129688 0.310937 0.128125 0.3125 0.126563 0.3125 0.123438 0.314063 0.121875 0.314063 0.11875 0.315625 0.117188 0.320312 0.117188 0.320312 0.114063 0.315625 0.114063 0.3125 0.110937 0.3125 0.10625 0.310937 0.104687 0.310937 0.0953125 0.3125 0.09375 0.3125 0.0921875 0.314063 0.090625 0.314063 0.0875 0.315625 0.0859375 0.320312 0.0859375 0.320312 0.0765625 0.315625 0.0765625 0.310937 0.071875 0.309375 0.071875 0.307813 0.0703125 0.30625 0.0703125 0.304688 0.06875 0.303125 0.06875 0.301562 0.0671875 0.3 0.0671875 0.298438 0.065625 0.295312 0.065625 0.29375 0.0640625 0.292188 0.0640625 0.289062 0.0609375 0.2875 0.0609375 0.278125 0.0515625 0.278125 0.046875 0.823899
0 0.96875 0.515625 0.96875 0.520312 0.965625 0.523438 0.9625 0.523438 0.960938 0.525 0.959375 0.525 0.95625 0.528125 0.954687 0.528125 0.953125 0.529688 0.951563 0.529688 0.95 0.53125 0.948438 0.53125 0.945312 0.534375 0.94375 0.534375 0.939062 0.539062 0.9375 0.539062 0.929688 0.546875 0.929688 0.548437 0.926562 0.551562 0.921875 0.551562 0.921875 0.573438 0.926562 0.573438 0.929688 0.576563 0.929688 0.579687 0.928125 0.58125 0.928125 0.5875 0.926562 0.589063 0.921875 0.589063 0.926562 0.589063 0.939062 0.601562 0.939062 0.603125 0.942187 0.60625 0.94375 0.60625 0.945312 0.607813 0.945312 0.609375 0.948438 0.609375 0.95 0.610937 0.953125 0.610937 0.954687 0.6125 0.95625 0.6125 0.959375 0.615625 0.960938 0.615625 0.9625 0.617188 0.973437 0.617188 0.975 0.61875 0.979688 0.61875 0.98125 0.620313 0.982813 0.620313 0.984375 0.621875 0.985937 0.621875 0.9875 0.623438 0.990625 0.623438 0.992188 0.625 0.998438 0.625 0.998438 0.523438 0.99375 0.523438 0.992188 0.521875 0.990625 0.521875 0.989062 0.520312 0.989062 0.515625 0.821626
0 0.904688 0.803125 0.904688 0.807813 0.901563 0.810938 0.901563 0.8125 0.89375 0.820312 0.89375 0.823438 0.892187 0.825 0.892187 0.828125 0.890625 0.829687 0.890625 0.83125 0.885938 0.835938 0.885938 0.8375 0.884375 0.839063 0.878125 0.839063 0.878125 0.845312 0.882812 0.845312 0.884375 0.846875 0.884375 0.848437 0.885938 0.85 0.885938 0.857813 0.884375 0.859375 0.884375 0.8625 0.882812 0.864062 0.878125 0.864062 0.882812 0.864062 0.885938 0.867188 0.885938 0.86875 0.889063 0.871875 0.889063 0.875 0.89375 0.879687 0.895312 0.879687 0.896875 0.88125 0.898438 0.88125 0.901563 0.884375 0.904688 0.884375 0.90625 0.885938 0.907812 0.885938 0.9125 0.890625 0.920313 0.890625 0.921875 0.892187 0.926562 0.892187 0.929688 0.895312 0.93125 0.895312 0.934375 0.898438 0.935938 0.898438 0.9375 0.9 0.939062 0.9 0.940625 0.901563 0.946875 0.901563 0.948438 0.9 0.95 0.9 0.951563 0.898438 0.953125 0.898438 0.954687 0.896875 0.954687 0.895312 0.95625 0.89375 0.95625 0.890625 0.964063 0.882812 0.965625 0.882812 0.965625 0.88125 0.971875 0.875 0.971875 0.873438 0.975 0.870313 0.975 0.86875 0.976562 0.867188 0.976562 0.857813 0.975 0.85625 0.975 0.854688 0.971875 0.851562 0.971875 0.85 0.970312 0.848437 0.970312 0.83125 0.96875 0.829687 0.96875 0.828125 0.957812 0.817187 0.95625 0.817187 0.951563 0.8125 0.948438 0.8125 0.946875 0.810938 0.945312 0.810938 0.942187 0.807813 0.942187 0.803125 0.821491
0 0 0.815625 0 0.921875 0.00625 0.921875 0.0078125 0.923437 0.0203125 0.923437 0.0234375 0.920313 0.0234375 0.91875 0.0296875 0.9125 0.0328125 0.9125 0.034375 0.910937 0.0375 0.910937 0.0421875 0.90625 0.0421875 0.904688 0.04375 0.903125 0.04375 0.895312 0.0484375 0.890625 0.05 0.890625 0.05625 0.884375 0.05625 0.882812 0.0546875 0.88125 0.0546875 0.878125 0.053125 0.876562 0.053125 0.875 0.0515625 0.873438 0.0515625 0.865625 0.053125 0.864062 0.053125 0.854688 0.0515625 0.853125 0.0515625 0.851562 0.0484375 0.848437 0.0484375 0.846875 0.046875 0.845312 0.046875 0.84375 0.0453125 0.842188 0.0453125 0.840625 0.0421875 0.8375 0.0421875 0.835938 0.0375 0.83125 0.0359375 0.83125 0.0296875 0.825 0.0296875 0.823438 0.0265625 0.820312 0.0265625 0.815625 0.818962
0 0.735937 0.234375 0.735937 0.239063 0.734375 0.240625 0.732813 0.240625 0.73125 0.242188 0.728125 0.242188 0.726562 0.24375 0.725 0.24375 0.717188 0.251563 0.715625 0.251563 0.7125 0.254687 0.710938 0.254687 0.707812 0.257812 0.70625 0.257812 0.701563 0.2625 0.696875 0.2625 0.696875 0.3 0.701563 0.3 0.704687 0.303125 0.704687 0.304688 0.707812 0.307813 0.707812 0.309375 0.715625 0.317187 0.717188 0.317187 0.71875 0.31875 0.721875 0.31875 0.723437 0.320312 0.726562 0.320312 0.728125 0.321875 0.729688 0.321875 0.732813 0.325 0.734375 0.325 0.7375 0.328125 0.75625 0.328125 0.757812 0.326562 0.771875 0.326562 0.773438 0.325 0.776563 0.325 0.782812 0.31875 0.784375 0.31875 0.792188 0.310937 0.792188 0.289062 0.790625 0.2875 0.790625 0.282813 0.789062 0.28125 0.789062 0.273438 0.790625 0.271875 0.790625 0.26875 0.789062 0.267188 0.789062 0.260938 0.7875 0.259375 0.7875 0.257812 0.785937 0.25625 0.785937 0.254687 0.784375 0.253125 0.784375 0.251563 0.779688 0.246875 0.778125 0.246875 0.775 0.24375 0.773438 0.24375 0.770312 0.240625 0.76875 0.240625 0.767187 0.239063 0.767187 0.234375 0.7625 0.234375 0.7625 0.239063 0.760938 0.240625 0.757812 0.240625 0.75625 0.239063 0.75625 0.234375 0.818217
0 0.58125 0.884375 0.58125 0.889063 0.579687 0.890625 0.578125 0.890625 0.576563 0.892187 0.573438 0.892187 0.571875 0.89375 0.564062 0.89375 0.5625 0.895312 0.560938 0.895312 0.559375 0.896875 0.557813 0.896875 0.55625 0.898438 0.554688 0.898438 0.551562 0.901563 0.55 0.901563 0.548437 0.903125 0.548437 0.904688 0.546875 0.90625 0.546875 0.909375 0.545313 0.910937 0.545313 0.914062 0.54375 0.915625 0.54375 0.917188 0.542188 0.91875 0.542188 0.920313 0.540625 0.921875 0.540625 0.925 0.539062 0.926562 0.534375 0.926562 0.534375 0.942187 0.539062 0.942187 0.540625 0.94375 0.540625 0.945312 0.542188 0.946875 0.542188 0.953125 0.54375 0.954687 0.54375 0.957812 0.545313 0.959375 0.545313 0.960938 0.546875 0.9625 0.546875 0.964063 0.548437 0.965625 0.548437 0.970312 0.55 0.971875 0.55 0.973437 0.551562 0.975 0.551562 0.976562 0.553125 0.978125 0.554688 0.978125 0.557813 0.98125 0.560938 0.98125 0.5625 0.982813 0.56875 0.982813 0.570312 0.98125 0.579687 0.98125 0.58125 0.982813 0.584375 0.982813 0.5875 0.985937 0.589063 0.985937 0.590625 0.9875 0.592188 0.9875 0.59375 0.989062 0.595312 0.989062 0.596875 0.990625 0.596875 0.995313 0.604688 0.995313 0.604688 0.990625 0.615625 0.979688 0.617188 0.979688 0.61875 0.978125 0.620313 0.978125 0.621875 0.976562 0.623438 0.976562 0.625 0.975 0.625 0.973437 0.626562 0.971875 0.626562 0.970312 0.628125 0.96875 0.628125 0.965625 0.629687 0.964063 0.629687 0.9625 0.63125 0.960938 0.63125 0.959375 0.632812 0.957812 0.632812 0.951563 0.634375 0.95 0.634375 0.946875 0.635938 0.945312 0.635938 0.942187 0.6375 0.940625 0.6375 0.932813 0.635938 0.93125 0.635938 0.929688 0.634375 0.928125 0.634375 0.926562 0.63125 0.923437 0.63125 0.91875 0.629687 0.917188 0.629687 0.9125 0.63125 0.910937 0.63125 0.909375 0.625 0.903125 0.625 0.901563 0.617188 0.89375 0.617188 0.892187 0.614062 0.889063 0.614062 0.884375 0.817568
0 0.16875 0.184375 0.16875 0.189063 0.164062 0.19375 0.1625 0.19375 0.160938 0.195312 0.15625 0.195312 0.154687 0.19375 0.15 0.19375 0.148438 0.192188 0.142188 0.192188 0.140625 0.19375 0.139062 0.19375 0.132812 0.2 0.132812 0.201562 0.13125 0.203125 0.13125 0.204688 0.129688 0.20625 0.129688 0.2125 0.128125 0.214062 0.128125 0.215625 0.129688 0.217187 0.129688 0.221875 0.126563 0.225 0.121875 0.225 0.121875 0.229687 0.126563 0.229687 0.135937 0.239063 0.135937 0.240625 0.142188 0.246875 0.142188 0.248437 0.146875 0.253125 0.146875 0.257812 0.145313 0.259375 0.145313 0.2625 0.14375 0.264062 0.14375 0.26875 0.145313 0.270312 0.145313 0.273438 0.148438 0.276563 0.151562 0.276563 0.153125 0.278125 0.1625 0.278125 0.164062 0.279687 0.165625 0.279687 0.167187 0.28125 0.171875 0.28125 0.173438 0.279687 0.175 0.279687 0.176563 0.278125 0.178125 0.278125 0.179688 0.276563 0.192188 0.276563 0.19375 0.275 0.196875 0.275 0.198437 0.273438 0.201562 0.273438 0.203125 0.271875 0.21875 0.271875 0.220313 0.270312 0.221875 0.270312 0.221875 0.26875 0.223438 0.267188 0.223438 0.265625 0.225 0.264062 0.225 0.248437 0.226562 0.246875 0.226562 0.245312 0.225 0.24375 0.225 0.2375 0.226562 0.235938 0.226562 0.234375 0.228125 0.232812 0.228125 0.23125 0.23125 0.228125 0.23125 0.221875 0.229687 0.220313 0.223438 0.220313 0.221875 0.21875 0.215625 0.21875 0.2125 0.215625 0.2125 0.207813 0.214062 0.20625 0.214062 0.204688 0.215625 0.203125 0.215625 0.195312 0.214062 0.19375 0.2125 0.19375 0.210938 0.192188 0.207813 0.192188 0.204688 0.189063 0.204688 0.184375 0.817528
0 0 0.003125 0 0.09375 0.0015625 0.09375 0.003125 0.0921875 0.003125 0.090625 0.00625 0.0875 0.0109375 0.0875 0.015625 0.0921875 0.015625 0.09375 0.0171875 0.0953125 0.0171875 0.0984375 0.01875 0.1 0.01875 0.101562 0.021875 0.104687 0.0234375 0.104687 0.025 0.10625 0.0265625 0.10625 0.028125 0.107813 0.03125 0.107813 0.0328125 0.109375 0.0359375 0.109375 0.0375 0.110937 0.0421875 0.110937 0.04375 0.109375 0.0453125 0.109375 0.0484375 0.10625 0.0484375 0.104687 0.0515625 0.101562 0.053125 0.101562 0.05625 0.104687 0.0578125 0.104687 0.059375 0.10625 0.0609375 0.10625 0.0640625 0.109375 0.0671875 0.10625 0.0671875 0.104687 0.06875 0.103125 0.06875 0.0796875 0.0734375 0.075 0.075 0.075 0.0796875 0.0703125 0.0796875 0.06875 0.078125 0.0671875 0.078125 0.0640625 0.075 0.0609375 0.075 0.053125 0.0734375 0.0515625 0.0734375 0.0375 0.075 0.0359375 0.075 0.0328125 0.0765625 0.03125 0.0765625 0.025 0.075 0.0234375 0.075 0.021875 0.0734375 0.0203125 0.0734375 0.01875 0.0703125 0.015625 0.0703125 0.0140625 0.06875 0.0125 0.06875 0.003125 0.815568
0 0.271875 0.364062 0.271875 0.365625 0.276563 0.365625 0.276563 0.364062 0.271875 0.364062 0.276563 0.332812 0.276563 0.334375 0.271875 0.323438 0.278125 0.323438 0.282813 0.31875 0.284375 0.31875 0.285937 0.320312 0.285937 0.321875 0.2875 0.323438 0.2875 0.325 0.289062 0.326562 0.289062 0.328125 0.2875 0.329688 0.2875 0.334375 0.285937 0.335938 0.285937 0.345313 0.284375 0.346875 0.284375 0.35 0.282813 0.351562 0.282813 0.353125 0.2875 0.357812 0.289062 0.357812 0.290625 0.359375 0.298438 0.359375 0.3 0.360938 0.309375 0.360938 0.3125 0.364062 0.3125 0.365625 0.314063 0.367188 0.314063 0.370313 0.315625 0.371875 0.315625 0.376563 0.315625 0.370313 0.317187 0.36875 0.320312 0.36875 0.321875 0.367188 0.33125 0.367188 0.332812 0.36875 0.340625 0.36875 0.342187 0.367188 0.346875 0.367188 0.348437 0.365625 0.351562 0.365625 0.354688 0.3625 0.35625 0.3625 0.360938 0.357812 0.360938 0.351562 0.3625 0.35 0.3625 0.346875 0.36875 0.340625 0.36875 0.339063 0.370313 0.3375 0.370313 0.334375 0.373437 0.33125 0.373437 0.329688 0.375 0.328125 0.375 0.323438 0.376563 0.321875 0.376563 0.310937 0.375 0.309375 0.375 0.296875 0.373437 0.295312 0.373437 0.29375 0.364062 0.284375 0.364062 0.282813 0.35625 0.275 0.354688 0.275 0.353125 0.273438 0.351562 0.273438 0.35 0.271875 0.348437 0.271875 0.346875 0.270312 0.346875 0.265625 0.295312 0.265625 0.295312 0.271875 0.29375 0.273438 0.292188 0.273438 0.292188 0.275 0.290625 0.276563 0.290625 0.278125 0.289062 0.279687 0.289062 0.282813 0.2875 0.284375 0.2875 0.29375 0.28125 0.3 0.279687 0.3 0.278125 0.301562 0.271875 0.301562 0.271875 0.323438 0.276563 0.334375 0.271875 0.334375 0.271875 0.332812 0.276563 0.332812 0.813494
0 0.175 0.646875 0.175 0.651563 0.171875 0.654688 0.159375 0.654688 0.146875 0.667188 0.14375 0.667188 0.142188 0.66875 0.140625 0.66875 0.139062 0.670313 0.1375 0.670313 0.1375 0.676562 0.139062 0.678125 0.139062 0.682813 0.140625 0.684375 0.140625 0.690625 0.1375 0.69375 0.1375 0.695312 0.132812 0.7 0.128125 0.7 0.128125 0.710938 0.132812 0.710938 0.135937 0.714063 0.135937 0.71875 0.1375 0.720312 0.1375 0.723437 0.140625 0.726562 0.140625 0.728125 0.142188 0.729688 0.142188 0.732813 0.14375 0.734375 0.14375 0.739062 0.151562 0.746875 0.151562 0.748438 0.153125 0.75 0.154687 0.75 0.157813 0.753125 0.159375 0.753125 0.160938 0.754687 0.167187 0.754687 0.16875 0.75625 0.179688 0.75625 0.18125 0.754687 0.185937 0.754687 0.1875 0.753125 0.201562 0.753125 0.203125 0.751562 0.207813 0.751562 0.209375 0.75 0.210938 0.75 0.215625 0.745313 0.217187 0.745313 0.21875 0.74375 0.225 0.74375 0.226562 0.742188 0.229687 0.742188 0.23125 0.740625 0.232812 0.740625 0.234375 0.739062 0.232812 0.7375 0.232812 0.728125 0.234375 0.726562 0.234375 0.723437 0.235938 0.721875 0.235938 0.720312 0.2375 0.71875 0.2375 0.717188 0.240625 0.714063 0.239063 0.7125 0.239063 0.707812 0.2375 0.70625 0.2375 0.704687 0.235938 0.703125 0.235938 0.692187 0.2375 0.690625 0.2375 0.689062 0.235938 0.6875 0.235938 0.684375 0.234375 0.682813 0.234375 0.68125 0.229687 0.676562 0.229687 0.675 0.226562 0.671875 0.226562 0.670313 0.225 0.66875 0.225 0.667188 0.220313 0.6625 0.21875 0.6625 0.217187 0.660937 0.215625 0.660937 0.2125 0.657812 0.2125 0.65625 0.207813 0.651563 0.207813 0.646875 0.201562 0.646875 0.201562 0.651563 0.198437 0.654688 0.196875 0.654688 0.195312 0.65625 0.19375 0.654688 0.190625 0.654688 0.189063 0.653125 0.1875 0.653125 0.185937 0.651563 0.185937 0.646875 0.812652
0 0.760938 0.346875 0.760938 0.351562 0.757812 0.354688 0.75625 0.354688 0.746875 0.364062 0.74375 0.364062 0.742188 0.365625 0.7375 0.365625 0.735937 0.367188 0.73125 0.367188 0.729688 0.365625 0.721875 0.365625 0.721875 0.41875 0.726562 0.41875 0.732813 0.425 0.732813 0.426562 0.734375 0.428125 0.734375 0.429688 0.735937 0.43125 0.735937 0.434375 0.745313 0.44375 0.746875 0.44375 0.75 0.446875 0.751562 0.446875 0.753125 0.448438 0.760938 0.448438 0.7625 0.45 0.770312 0.45 0.771875 0.451562 0.773438 0.451562 0.775 0.453125 0.775 0.457812 0.782812 0.457812 0.782812 0.453125 0.784375 0.451562 0.784375 0.45 0.7875 0.446875 0.7875 0.445312 0.790625 0.442187 0.801562 0.442187 0.807813 0.435937 0.809375 0.435937 0.815625 0.429688 0.815625 0.428125 0.817187 0.426562 0.817187 0.425 0.81875 0.423438 0.81875 0.421875 0.820312 0.420312 0.820312 0.410937 0.81875 0.409375 0.81875 0.40625 0.820312 0.404687 0.820312 0.401563 0.81875 0.4 0.81875 0.396875 0.817187 0.395312 0.817187 0.390625 0.81875 0.389062 0.81875 0.3875 0.823438 0.382812 0.823438 0.375 0.81875 0.370313 0.81875 0.36875 0.815625 0.365625 0.815625 0.364062 0.814062 0.3625 0.814062 0.357812 0.807813 0.351562 0.807813 0.346875 0.812163
0 0.192188 0.746875 0.192188 0.751562 0.189063 0.754687 0.1875 0.754687 0.182812 0.759375 0.18125 0.759375 0.178125 0.7625 0.176563 0.7625 0.175 0.764063 0.175 0.765625 0.173438 0.767187 0.173438 0.76875 0.171875 0.770312 0.171875 0.78125 0.170312 0.782812 0.170312 0.7875 0.16875 0.789062 0.16875 0.79375 0.170312 0.795313 0.170312 0.798437 0.171875 0.8 0.171875 0.80625 0.170312 0.807813 0.170312 0.8125 0.16875 0.814062 0.16875 0.815625 0.170312 0.817187 0.170312 0.821875 0.173438 0.825 0.173438 0.826563 0.176563 0.829687 0.178125 0.829687 0.184375 0.835938 0.184375 0.8375 0.185937 0.8375 0.189063 0.840625 0.190625 0.840625 0.192188 0.842188 0.195312 0.842188 0.203125 0.85 0.210938 0.85 0.2125 0.848437 0.217187 0.848437 0.21875 0.85 0.221875 0.85 0.223438 0.851562 0.232812 0.851562 0.234375 0.85 0.235938 0.85 0.240625 0.845312 0.24375 0.845312 0.245312 0.84375 0.246875 0.84375 0.248437 0.842188 0.251563 0.842188 0.253125 0.840625 0.254687 0.840625 0.259375 0.835938 0.259375 0.834375 0.264062 0.829687 0.264062 0.828125 0.270312 0.821875 0.270312 0.820312 0.271875 0.81875 0.271875 0.817187 0.273438 0.815625 0.273438 0.801562 0.271875 0.8 0.271875 0.785937 0.270312 0.784375 0.270312 0.782812 0.26875 0.78125 0.26875 0.779688 0.267188 0.778125 0.267188 0.776563 0.265625 0.775 0.265625 0.773438 0.264062 0.771875 0.264062 0.76875 0.257812 0.7625 0.25625 0.7625 0.254687 0.760938 0.253125 0.760938 0.251563 0.759375 0.248437 0.759375 0.246875 0.757812 0.245312 0.757812 0.24375 0.75625 0.242188 0.75625 0.240625 0.754687 0.235938 0.754687 0.232812 0.751562 0.232812 0.746875 0.812041
0 0.221875 0.853125 0.221875 0.857813 0.220313 0.859375 0.217187 0.859375 0.215625 0.860937 0.214062 0.860937 0.2125 0.8625 0.210938 0.8625 0.2 0.873438 0.198437 0.873438 0.195312 0.876562 0.19375 0.876562 0.192188 0.878125 0.189063 0.878125 0.1875 0.879687 0.185937 0.879687 0.184375 0.88125 0.178125 0.88125 0.178125 0.9 0.182812 0.9 0.185937 0.903125 0.185937 0.904688 0.1875 0.90625 0.1875 0.907812 0.189063 0.909375 0.189063 0.910937 0.1875 0.9125 0.1875 0.920313 0.189063 0.921875 0.190625 0.921875 0.196875 0.928125 0.196875 0.929688 0.198437 0.93125 0.198437 0.932813 0.2 0.934375 0.2 0.946875 0.203125 0.95 0.204688 0.95 0.20625 0.951563 0.207813 0.951563 0.209375 0.953125 0.210938 0.953125 0.214062 0.95625 0.215625 0.95625 0.217187 0.957812 0.21875 0.957812 0.220313 0.959375 0.221875 0.959375 0.223438 0.960938 0.225 0.960938 0.226562 0.9625 0.228125 0.9625 0.229687 0.964063 0.232812 0.964063 0.234375 0.965625 0.242188 0.965625 0.24375 0.964063 0.246875 0.964063 0.248437 0.9625 0.25 0.9625 0.251563 0.960938 0.254687 0.960938 0.25625 0.959375 0.259375 0.959375 0.264062 0.954687 0.264062 0.953125 0.265625 0.951563 0.265625 0.95 0.267188 0.948438 0.267188 0.946875 0.26875 0.945312 0.26875 0.942187 0.270312 0.940625 0.270312 0.939062 0.271875 0.9375 0.271875 0.934375 0.273438 0.932813 0.273438 0.93125 0.275 0.929688 0.275 0.926562 0.278125 0.923437 0.278125 0.921875 0.279687 0.920313 0.279687 0.917188 0.28125 0.915625 0.28125 0.9125 0.285937 0.907812 0.2875 0.907812 0.289062 0.90625 0.292188 0.90625 0.295312 0.903125 0.301562 0.903125 0.296875 0.903125 0.290625 0.896875 0.290625 0.895312 0.289062 0.89375 0.289062 0.892187 0.2875 0.890625 0.2875 0.889063 0.285937 0.8875 0.285937 0.885938 0.284375 0.884375 0.284375 0.882812 0.282813 0.88125 0.282813 0.879687 0.28125 0.878125 0.28125 0.876562 0.278125 0.873438 0.278125 0.871875 0.273438 0.867188 0.271875 0.867188 0.270312 0.865625 0.265625 0.865625 0.264062 0.864062 0.25625 0.864062 0.254687 0.8625 0.251563 0.8625 0.25 0.860937 0.245312 0.860937 0.24375 0.859375 0.242188 0.859375 0.240625 0.857813 0.240625 0.853125 0.811918
0 0.50625 0.659375 0.50625 0.664062 0.496875 0.673437 0.496875 0.675 0.495313 0.676562 0.495313 0.678125 0.492188 0.68125 0.492188 0.682813 0.485938 0.689062 0.484375 0.689062 0.482812 0.690625 0.478125 0.690625 0.478125 0.710938 0.484375 0.710938 0.485938 0.7125 0.485938 0.714063 0.4875 0.715625 0.4875 0.729688 0.489062 0.73125 0.489062 0.732813 0.490625 0.734375 0.490625 0.735937 0.495313 0.740625 0.496875 0.740625 0.5 0.74375 0.501562 0.74375 0.510938 0.753125 0.5125 0.753125 0.51875 0.759375 0.520312 0.759375 0.521875 0.760938 0.525 0.760938 0.526563 0.7625 0.528125 0.760938 0.528125 0.759375 0.529688 0.757812 0.529688 0.748438 0.534375 0.74375 0.535937 0.74375 0.5375 0.742188 0.539062 0.742188 0.540625 0.740625 0.542188 0.740625 0.545313 0.7375 0.546875 0.7375 0.554688 0.729688 0.55625 0.729688 0.557813 0.728125 0.559375 0.728125 0.560938 0.726562 0.565625 0.726562 0.567187 0.725 0.570312 0.725 0.575 0.720312 0.575 0.71875 0.576563 0.717188 0.576563 0.714063 0.575 0.7125 0.575 0.698438 0.573438 0.696875 0.573438 0.689062 0.570312 0.685938 0.570312 0.684375 0.5625 0.676562 0.5625 0.675 0.560938 0.673437 0.560938 0.671875 0.557813 0.66875 0.55625 0.66875 0.554688 0.667188 0.551562 0.667188 0.548437 0.664062 0.548437 0.659375 0.811456
0 0.634375 0.935938 0.632812 0.934375 0.632812 0.932813 0.628125 0.932813 0.628125 0.94375 0.632812 0.94375 0.632812 0.942187 0.634375 0.940625 0.634375 0.935938 0.64375 0.93125 0.645312 0.932813 0.645312 0.934375 0.646875 0.935938 0.646875 0.9375 0.648438 0.939062 0.648438 0.940625 0.651563 0.94375 0.653125 0.94375 0.65625 0.946875 0.657812 0.946875 0.6625 0.951563 0.664062 0.951563 0.665625 0.953125 0.667188 0.953125 0.66875 0.954687 0.68125 0.954687 0.682813 0.953125 0.6875 0.953125 0.689062 0.951563 0.695312 0.951563 0.696875 0.95 0.701563 0.95 0.703125 0.948438 0.717188 0.948438 0.71875 0.95 0.721875 0.95 0.723437 0.948438 0.725 0.948438 0.725 0.946875 0.726562 0.945312 0.725 0.94375 0.725 0.932813 0.729688 0.928125 0.73125 0.928125 0.732813 0.926562 0.734375 0.926562 0.735937 0.925 0.735937 0.923437 0.7375 0.921875 0.7375 0.917188 0.739062 0.915625 0.739062 0.914062 0.7375 0.9125 0.7375 0.882812 0.732813 0.878125 0.729688 0.878125 0.728125 0.876562 0.715625 0.876562 0.714063 0.875 0.70625 0.875 0.704687 0.873438 0.701563 0.873438 0.7 0.871875 0.698438 0.871875 0.696875 0.870313 0.695312 0.870313 0.69375 0.86875 0.692187 0.86875 0.690625 0.867188 0.675 0.867188 0.673437 0.865625 0.671875 0.865625 0.670313 0.864062 0.670313 0.859375 0.654688 0.859375 0.654688 0.864062 0.645312 0.873438 0.64375 0.873438 0.642187 0.875 0.640625 0.875 0.6375 0.878125 0.6375 0.879687 0.634375 0.882812 0.628125 0.882812 0.628125 0.901563 0.632812 0.901563 0.634375 0.903125 0.634375 0.90625 0.6375 0.909375 0.6375 0.910937 0.640625 0.914062 0.640625 0.917188 0.642187 0.91875 0.642187 0.925 0.64375 0.926562 0.64375 0.93125 0.809222
0 0.520312 0.303125 0.520312 0.307813 0.517187 0.310937 0.515625 0.310937 0.514063 0.3125 0.5125 0.3125 0.510938 0.314063 0.509375 0.314063 0.504687 0.31875 0.504687 0.320312 0.501562 0.323438 0.501562 0.325 0.498437 0.328125 0.496875 0.328125 0.492188 0.332812 0.490625 0.332812 0.482812 0.340625 0.478125 0.340625 0.478125 0.365625 0.482812 0.365625 0.489062 0.371875 0.489062 0.385938 0.490625 0.3875 0.490625 0.389062 0.49375 0.392188 0.495313 0.392188 0.498437 0.395312 0.5 0.395312 0.501562 0.396875 0.503125 0.396875 0.504687 0.398438 0.507812 0.398438 0.509375 0.4 0.515625 0.4 0.517187 0.401563 0.520312 0.401563 0.521875 0.403125 0.528125 0.403125 0.529688 0.401563 0.53125 0.401563 0.532812 0.4 0.540625 0.4 0.542188 0.401563 0.546875 0.401563 0.548437 0.403125 0.55 0.403125 0.551562 0.404687 0.560938 0.404687 0.5625 0.403125 0.565625 0.403125 0.567187 0.401563 0.571875 0.401563 0.573438 0.4 0.575 0.4 0.579687 0.395312 0.579687 0.39375 0.582812 0.390625 0.582812 0.389062 0.584375 0.3875 0.584375 0.385938 0.585938 0.384375 0.585938 0.375 0.584375 0.373437 0.584375 0.36875 0.582812 0.367188 0.582812 0.3625 0.58125 0.360938 0.58125 0.357812 0.582812 0.35625 0.582812 0.354688 0.584375 0.353125 0.584375 0.351562 0.585938 0.35 0.585938 0.348437 0.5875 0.346875 0.5875 0.342187 0.589063 0.340625 0.589063 0.33125 0.590625 0.329688 0.601562 0.329688 0.601562 0.309375 0.596875 0.309375 0.596875 0.315625 0.595312 0.317187 0.595312 0.31875 0.59375 0.320312 0.59375 0.323438 0.590625 0.326562 0.5875 0.323438 0.5875 0.321875 0.585938 0.321875 0.584375 0.320312 0.582812 0.320312 0.58125 0.31875 0.578125 0.31875 0.576563 0.317187 0.573438 0.317187 0.565625 0.309375 0.565625 0.303125 0.807998
0 0.715625 0.490625 0.715625 0.496875 0.714063 0.498437 0.7125 0.498437 0.707812 0.503125 0.70625 0.503125 0.704687 0.504687 0.701563 0.504687 0.7 0.50625 0.696875 0.50625 0.695312 0.507812 0.690625 0.507812 0.690625 0.521875 0.695312 0.521875 0.7 0.526563 0.7 0.528125 0.701563 0.529688 0.701563 0.53125 0.703125 0.532812 0.703125 0.5375 0.704687 0.539062 0.701563 0.542188 0.7 0.542188 0.698438 0.54375 0.690625 0.54375 0.690625 0.564062 0.703125 0.564062 0.704687 0.565625 0.707812 0.565625 0.714063 0.571875 0.720312 0.571875 0.721875 0.573438 0.723437 0.573438 0.725 0.575 0.726562 0.575 0.729688 0.578125 0.729688 0.582812 0.735937 0.582812 0.735937 0.576563 0.7375 0.575 0.739062 0.575 0.742188 0.571875 0.745313 0.571875 0.746875 0.570312 0.75625 0.570312 0.757812 0.56875 0.759375 0.56875 0.760938 0.567187 0.7625 0.567187 0.764063 0.565625 0.764063 0.5625 0.765625 0.560938 0.765625 0.559375 0.767187 0.557813 0.767187 0.55625 0.76875 0.554688 0.76875 0.553125 0.773438 0.548437 0.773438 0.546875 0.775 0.545313 0.775 0.54375 0.776563 0.542188 0.776563 0.539062 0.775 0.5375 0.775 0.534375 0.770312 0.529688 0.770312 0.528125 0.76875 0.526563 0.76875 0.525 0.767187 0.523438 0.767187 0.515625 0.765625 0.514063 0.765625 0.510938 0.764063 0.509375 0.764063 0.504687 0.7625 0.503125 0.7625 0.501562 0.760938 0.501562 0.757812 0.498437 0.751562 0.498437 0.748438 0.495313 0.748438 0.490625 0.803288
0 0.167187 0.346875 0.176563 0.346875 0.176563 0.339063 0.171875 0.339063 0.171875 0.340625 0.167187 0.345313 0.167187 0.346875 0.15 0.326562 0.15625 0.332812 0.15625 0.334375 0.1625 0.340625 0.1625 0.342187 0.164062 0.34375 0.164062 0.346875 0.1625 0.348437 0.1625 0.351562 0.160938 0.353125 0.160938 0.357812 0.159375 0.359375 0.159375 0.360938 0.160938 0.3625 0.160938 0.376563 0.157813 0.379687 0.157813 0.38125 0.15625 0.382812 0.15625 0.384375 0.153125 0.3875 0.153125 0.389062 0.146875 0.395312 0.146875 0.403125 0.145313 0.404687 0.145313 0.407813 0.14375 0.409375 0.14375 0.410937 0.142188 0.4125 0.142188 0.415625 0.140625 0.417188 0.140625 0.421875 0.139062 0.423438 0.135937 0.423438 0.134375 0.425 0.125 0.425 0.123438 0.423438 0.117188 0.423438 0.115625 0.425 0.114063 0.425 0.1125 0.423438 0.110937 0.423438 0.109375 0.421875 0.107813 0.421875 0.10625 0.423438 0.0921875 0.423438 0.090625 0.421875 0.0890625 0.421875 0.0875 0.423438 0.0734375 0.423438 0.071875 0.421875 0.0703125 0.421875 0.06875 0.420312 0.0671875 0.420312 0.0640625 0.417188 0.0640625 0.415625 0.0609375 0.4125 0.0609375 0.410937 0.059375 0.409375 0.059375 0.407813 0.0578125 0.40625 0.0578125 0.404687 0.05625 0.403125 0.05625 0.401563 0.0546875 0.4 0.0546875 0.398438 0.053125 0.396875 0.053125 0.390625 0.0515625 0.389062 0.0515625 0.3875 0.0484375 0.384375 0.0484375 0.382812 0.0453125 0.379687 0.0546875 0.314063 0.0546875 0.309375 0.0515625 0.309375 0.0515625 0.314063 0.0546875 0.314063 0.0453125 0.379687 0.040625 0.379687 0.040625 0.340625 0.046875 0.340625 0.0546875 0.332812 0.05625 0.332812 0.059375 0.329688 0.0625 0.329688 0.0640625 0.328125 0.0671875 0.328125 0.06875 0.326562 0.0703125 0.326562 0.0734375 0.323438 0.075 0.323438 0.078125 0.320312 0.078125 0.31875 0.08125 0.315625 0.08125 0.309375 0.125 0.309375 0.125 0.314063 0.128125 0.317187 0.129688 0.317187 0.134375 0.321875 0.1375 0.321875 0.139062 0.323438 0.14375 0.323438 0.145313 0.325 0.146875 0.325 0.148438 0.326562 0.15 0.326562 0.802851
0 0.8625 0.309375 0.8625 0.315625 0.85625 0.321875 0.854688 0.321875 0.851562 0.325 0.85 0.325 0.846875 0.328125 0.845312 0.328125 0.832812 0.340625 0.828125 0.340625 0.828125 0.357812 0.832812 0.357812 0.834375 0.359375 0.834375 0.360938 0.8375 0.364062 0.839063 0.364062 0.840625 0.365625 0.839063 0.367188 0.839063 0.370313 0.834375 0.375 0.834375 0.376563 0.832812 0.378125 0.828125 0.378125 0.828125 0.382812 0.832812 0.382812 0.834375 0.384375 0.834375 0.385938 0.835938 0.3875 0.835938 0.389062 0.845312 0.398438 0.845312 0.4 0.85 0.404687 0.851562 0.404687 0.853125 0.40625 0.854688 0.40625 0.857813 0.409375 0.857813 0.414062 0.890625 0.414062 0.890625 0.409375 0.89375 0.40625 0.895312 0.40625 0.903125 0.398438 0.904688 0.398438 0.915625 0.3875 0.915625 0.385938 0.917188 0.384375 0.917188 0.382812 0.91875 0.38125 0.91875 0.379687 0.920313 0.378125 0.920313 0.375 0.921875 0.373437 0.921875 0.360938 0.920313 0.359375 0.920313 0.340625 0.91875 0.339063 0.91875 0.335938 0.909375 0.326562 0.909375 0.325 0.904688 0.320312 0.903125 0.320312 0.901563 0.31875 0.89375 0.31875 0.892187 0.317187 0.890625 0.317187 0.8875 0.314063 0.8875 0.309375 0.798474
0 0 0.353125 0 0.451562 0.003125 0.451562 0.003125 0.445312 0.00625 0.442187 0.0078125 0.442187 0.009375 0.440625 0.01875 0.440625 0.0203125 0.442187 0.021875 0.442187 0.0234375 0.440625 0.0265625 0.440625 0.0328125 0.434375 0.0328125 0.43125 0.034375 0.429688 0.034375 0.428125 0.0359375 0.426562 0.0359375 0.425 0.0390625 0.421875 0.040625 0.421875 0.0421875 0.420312 0.0421875 0.41875 0.04375 0.417188 0.04375 0.415625 0.0453125 0.414062 0.0453125 0.410937 0.046875 0.409375 0.046875 0.407813 0.0484375 0.40625 0.0484375 0.404687 0.05 0.403125 0.05 0.401563 0.0484375 0.4 0.0484375 0.395312 0.046875 0.39375 0.046875 0.392188 0.04375 0.389062 0.04375 0.3875 0.0421875 0.385938 0.040625 0.385938 0.0375 0.382812 0.0375 0.38125 0.0359375 0.379687 0.0359375 0.375 0.0375 0.373437 0.0375 0.36875 0.0359375 0.367188 0.0359375 0.365625 0.0328125 0.3625 0.0296875 0.3625 0.025 0.357812 0.025 0.353125 0.796442
0 0.35 0.828125 0.35 0.834375 0.346875 0.8375 0.345313 0.8375 0.342187 0.840625 0.340625 0.840625 0.339063 0.842188 0.3375 0.842188 0.332812 0.846875 0.33125 0.846875 0.329688 0.848437 0.328125 0.848437 0.321875 0.854688 0.315625 0.854688 0.315625 0.90625 0.321875 0.90625 0.326562 0.910937 0.328125 0.910937 0.329688 0.9125 0.33125 0.9125 0.332812 0.914062 0.335938 0.914062 0.3375 0.915625 0.345313 0.915625 0.346875 0.917188 0.35 0.917188 0.351562 0.91875 0.357812 0.91875 0.359375 0.920313 0.360938 0.91875 0.38125 0.91875 0.382812 0.917188 0.384375 0.917188 0.385938 0.915625 0.3875 0.915625 0.398438 0.904688 0.398438 0.903125 0.4 0.901563 0.4 0.898438 0.401563 0.896875 0.401563 0.89375 0.403125 0.892187 0.403125 0.889063 0.404687 0.8875 0.404687 0.885938 0.40625 0.884375 0.40625 0.857813 0.404687 0.85625 0.404687 0.854688 0.396875 0.846875 0.395312 0.846875 0.389062 0.840625 0.3875 0.840625 0.382812 0.835938 0.379687 0.835938 0.376563 0.832812 0.376563 0.828125 0.794181
0 0.290625 0.728125 0.290625 0.732813 0.2875 0.735937 0.285937 0.735937 0.284375 0.7375 0.282813 0.7375 0.276563 0.74375 0.276563 0.745313 0.273438 0.748438 0.273438 0.75 0.271875 0.751562 0.265625 0.751562 0.265625 0.803125 0.273438 0.803125 0.282813 0.8125 0.282813 0.814062 0.284375 0.814062 0.2875 0.817187 0.3 0.817187 0.301562 0.815625 0.303125 0.815625 0.304688 0.817187 0.30625 0.817187 0.307813 0.81875 0.309375 0.81875 0.310937 0.820312 0.31875 0.820312 0.320312 0.81875 0.323438 0.81875 0.334375 0.807813 0.335938 0.807813 0.339063 0.804688 0.340625 0.804688 0.34375 0.801562 0.34375 0.8 0.345313 0.798437 0.345313 0.795313 0.346875 0.79375 0.346875 0.792188 0.348437 0.790625 0.348437 0.789062 0.35 0.7875 0.35 0.784375 0.351562 0.782812 0.351562 0.78125 0.353125 0.779688 0.353125 0.778125 0.354688 0.776563 0.354688 0.771875 0.35625 0.770312 0.354688 0.76875 0.354688 0.764063 0.351562 0.760938 0.351562 0.759375 0.348437 0.75625 0.348437 0.754687 0.346875 0.753125 0.346875 0.751562 0.345313 0.75 0.345313 0.748438 0.34375 0.746875 0.34375 0.745313 0.342187 0.74375 0.342187 0.742188 0.339063 0.739062 0.3375 0.739062 0.334375 0.735937 0.33125 0.735937 0.328125 0.732813 0.328125 0.728125 0.320312 0.728125 0.320312 0.732813 0.31875 0.734375 0.317187 0.734375 0.315625 0.735937 0.309375 0.735937 0.307813 0.734375 0.304688 0.734375 0.303125 0.732813 0.303125 0.728125 0.793337
0 0.81875 0.215625 0.81875 0.220313 0.815625 0.223438 0.810938 0.223438 0.809375 0.225 0.804688 0.225 0.803125 0.226562 0.8 0.226562 0.798437 0.228125 0.795313 0.228125 0.79375 0.229687 0.792188 0.229687 0.7875 0.234375 0.7875 0.235938 0.785937 0.2375 0.785937 0.248437 0.789062 0.251563 0.789062 0.253125 0.790625 0.254687 0.790625 0.265625 0.789062 0.267188 0.7875 0.267188 0.7875 0.26875 0.782812 0.273438 0.778125 0.273438 0.778125 0.285937 0.782812 0.285937 0.792188 0.295312 0.79375 0.295312 0.796875 0.298438 0.798437 0.298438 0.801562 0.301562 0.803125 0.301562 0.80625 0.304688 0.809375 0.304688 0.810938 0.30625 0.814062 0.30625 0.815625 0.304688 0.825 0.304688 0.826563 0.30625 0.835938 0.30625 0.8375 0.307813 0.839063 0.307813 0.840625 0.309375 0.840625 0.314063 0.840625 0.309375 0.842188 0.307813 0.845312 0.307813 0.854688 0.298438 0.85625 0.298438 0.859375 0.295312 0.859375 0.282813 0.860937 0.28125 0.860937 0.279687 0.8625 0.278125 0.8625 0.276563 0.867188 0.271875 0.867188 0.270312 0.873438 0.264062 0.873438 0.2625 0.875 0.260938 0.875 0.251563 0.873438 0.25 0.873438 0.248437 0.870313 0.245312 0.870313 0.239063 0.86875 0.2375 0.86875 0.232812 0.865625 0.229687 0.865625 0.228125 0.857813 0.220313 0.857813 0.215625 0.792719
0 0.939062 0.265625 0.935938 0.26875 0.935938 0.282813 0.939062 0.282813 0.939062 0.276563 0.940625 0.275 0.940625 0.267188 0.939062 0.265625 0.939062 0.2625 0.939062 0.257812 0.940625 0.25625 0.940625 0.240625 0.942187 0.239063 0.942187 0.234375 0.94375 0.232812 0.94375 0.228125 0.945312 0.226562 0.945312 0.225 0.96875 0.201562 0.96875 0.198437 0.970312 0.196875 0.96875 0.195312 0.96875 0.19375 0.954687 0.179688 0.954687 0.178125 0.948438 0.171875 0.948438 0.165625 0.9125 0.165625 0.9125 0.170312 0.910937 0.171875 0.909375 0.171875 0.904688 0.176563 0.904688 0.178125 0.901563 0.18125 0.9 0.18125 0.89375 0.1875 0.89375 0.189063 0.892187 0.190625 0.892187 0.195312 0.890625 0.196875 0.890625 0.198437 0.884375 0.204688 0.878125 0.204688 0.878125 0.251563 0.885938 0.251563 0.8875 0.253125 0.892187 0.253125 0.89375 0.251563 0.9 0.251563 0.901563 0.25 0.903125 0.25 0.904688 0.251563 0.907812 0.251563 0.909375 0.253125 0.907812 0.254687 0.907812 0.259375 0.90625 0.260938 0.90625 0.270312 0.907812 0.271875 0.914062 0.271875 0.915625 0.270312 0.917188 0.270312 0.91875 0.26875 0.920313 0.26875 0.921875 0.267188 0.925 0.267188 0.926562 0.265625 0.928125 0.265625 0.929688 0.264062 0.932813 0.264062 0.934375 0.2625 0.939062 0.2625 0.788621
0 0.34375 0.378125 0.342187 0.379687 0.340625 0.379687 0.339063 0.38125 0.334375 0.38125 0.332812 0.382812 0.326562 0.382812 0.325 0.384375 0.323438 0.384375 0.320312 0.3875 0.320312 0.396875 0.321875 0.398438 0.321875 0.403125 0.314063 0.410937 0.309375 0.410937 0.309375 0.426562 0.31875 0.426562 0.321875 0.429688 0.321875 0.432813 0.314063 0.440625 0.309375 0.440625 0.309375 0.453125 0.314063 0.453125 0.317187 0.45625 0.31875 0.45625 0.321875 0.459375 0.323438 0.459375 0.325 0.460938 0.326562 0.460938 0.328125 0.4625 0.329688 0.4625 0.33125 0.464063 0.334375 0.464063 0.335938 0.465625 0.339063 0.465625 0.340625 0.467187 0.348437 0.467187 0.35 0.46875 0.354688 0.46875 0.35625 0.470313 0.365625 0.470313 0.367188 0.46875 0.373437 0.46875 0.375 0.467187 0.376563 0.467187 0.378125 0.465625 0.379687 0.465625 0.384375 0.460938 0.384375 0.459375 0.385938 0.457812 0.385938 0.45625 0.3875 0.454688 0.3875 0.45 0.389062 0.448438 0.389062 0.44375 0.390625 0.442187 0.390625 0.439063 0.392188 0.4375 0.392188 0.435937 0.39375 0.434375 0.39375 0.432813 0.395312 0.43125 0.395312 0.428125 0.396875 0.426562 0.396875 0.425 0.398438 0.423438 0.398438 0.4125 0.396875 0.410937 0.396875 0.409375 0.389062 0.401563 0.389062 0.4 0.3875 0.398438 0.3875 0.392188 0.389062 0.390625 0.389062 0.376563 0.3875 0.375 0.3875 0.371875 0.382812 0.367188 0.379687 0.367188 0.378125 0.36875 0.376563 0.36875 0.371875 0.373437 0.364062 0.373437 0.359375 0.378125 0.34375 0.378125 0.34375 0.367188 0.345313 0.365625 0.346875 0.365625 0.348437 0.364062 0.348437 0.359375 0.329688 0.359375 0.329688 0.364062 0.33125 0.365625 0.334375 0.365625 0.335938 0.367188 0.34375 0.367188 0.783325
0 0.759375 0.703125 0.759375 0.707812 0.75625 0.710938 0.75625 0.7125 0.754687 0.714063 0.754687 0.715625 0.753125 0.717188 0.753125 0.71875 0.745313 0.726562 0.74375 0.726562 0.734375 0.735937 0.728125 0.735937 0.728125 0.751562 0.732813 0.751562 0.740625 0.759375 0.740625 0.7625 0.74375 0.765625 0.74375 0.767187 0.753125 0.776563 0.753125 0.778125 0.757812 0.782812 0.757812 0.784375 0.759375 0.785937 0.759375 0.7875 0.760938 0.7875 0.765625 0.792188 0.801562 0.792188 0.803125 0.790625 0.804688 0.790625 0.80625 0.789062 0.80625 0.7875 0.809375 0.784375 0.809375 0.782812 0.810938 0.78125 0.810938 0.779688 0.8125 0.778125 0.8125 0.776563 0.81875 0.770312 0.81875 0.767187 0.820312 0.765625 0.820312 0.754687 0.821875 0.753125 0.821875 0.75 0.823438 0.748438 0.823438 0.7375 0.8125 0.726562 0.8125 0.725 0.810938 0.723437 0.810938 0.721875 0.807813 0.71875 0.807813 0.717188 0.80625 0.717188 0.801562 0.7125 0.8 0.7125 0.795313 0.707812 0.795313 0.703125 0.773967
0 0.478125 0.096875 0.478125 0.101562 0.465625 0.114063 0.465625 0.115625 0.4625 0.11875 0.4625 0.120312 0.457812 0.125 0.453125 0.125 0.453125 0.140625 0.459375 0.140625 0.482812 0.164062 0.484375 0.164062 0.496875 0.176563 0.496875 0.178125 0.5 0.18125 0.5 0.182812 0.501562 0.184375 0.501562 0.185937 0.503125 0.1875 0.504687 0.1875 0.50625 0.189063 0.507812 0.189063 0.509375 0.190625 0.509375 0.195312 0.509375 0.190625 0.510938 0.189063 0.514063 0.189063 0.515625 0.1875 0.517187 0.1875 0.521875 0.182812 0.521875 0.18125 0.523438 0.179688 0.523438 0.178125 0.525 0.176563 0.525 0.175 0.526563 0.173438 0.526563 0.171875 0.532812 0.165625 0.540625 0.165625 0.542188 0.164062 0.545313 0.164062 0.548437 0.160938 0.548437 0.159375 0.55 0.157813 0.55 0.153125 0.551562 0.151562 0.551562 0.14375 0.553125 0.142188 0.553125 0.132812 0.551562 0.13125 0.551562 0.129688 0.548437 0.126563 0.548437 0.125 0.545313 0.121875 0.545313 0.117188 0.54375 0.115625 0.54375 0.107813 0.542188 0.107813 0.539062 0.104687 0.535937 0.104687 0.532812 0.101562 0.532812 0.096875 0.771295
0 0.710938 0.684375 0.710938 0.689062 0.707812 0.692187 0.70625 0.692187 0.704687 0.69375 0.703125 0.69375 0.7 0.696875 0.698438 0.696875 0.69375 0.701563 0.69375 0.704687 0.692187 0.70625 0.692187 0.709375 0.689062 0.7125 0.684375 0.7125 0.684375 0.732813 0.690625 0.732813 0.695312 0.7375 0.696875 0.7375 0.701563 0.742188 0.703125 0.742188 0.704687 0.74375 0.734375 0.74375 0.735937 0.742188 0.7375 0.742188 0.739062 0.740625 0.740625 0.740625 0.740625 0.739062 0.745313 0.734375 0.746875 0.734375 0.748438 0.732813 0.748438 0.73125 0.75 0.729688 0.75 0.728125 0.753125 0.725 0.757812 0.725 0.757812 0.709375 0.753125 0.709375 0.75 0.70625 0.75 0.704687 0.748438 0.703125 0.748438 0.701563 0.7375 0.690625 0.7375 0.684375 0.760529
0 0.184375 0.053125 0.184375 0.0578125 0.179688 0.0625 0.178125 0.0625 0.176563 0.0640625 0.175 0.0625 0.173438 0.0625 0.171875 0.0609375 0.167187 0.0609375 0.165625 0.0625 0.164062 0.0625 0.160938 0.065625 0.160938 0.0671875 0.157813 0.0703125 0.15625 0.0703125 0.153125 0.0734375 0.151562 0.0734375 0.15 0.075 0.148438 0.075 0.145313 0.078125 0.134375 0.078125 0.134375 0.090625 0.139062 0.090625 0.14375 0.0953125 0.14375 0.101562 0.145313 0.103125 0.146875 0.103125 0.151562 0.107813 0.151562 0.110937 0.153125 0.1125 0.153125 0.123438 0.154687 0.125 0.154687 0.128125 0.15625 0.129688 0.15625 0.140625 0.157813 0.142188 0.157813 0.145313 0.159375 0.146875 0.159375 0.15 0.167187 0.157813 0.16875 0.157813 0.170312 0.159375 0.171875 0.159375 0.173438 0.160938 0.175 0.160938 0.176563 0.1625 0.184375 0.1625 0.185937 0.164062 0.189063 0.164062 0.190625 0.165625 0.192188 0.165625 0.19375 0.167187 0.196875 0.167187 0.198437 0.165625 0.2 0.165625 0.201562 0.164062 0.201562 0.1625 0.203125 0.160938 0.203125 0.157813 0.204688 0.15625 0.204688 0.154687 0.209375 0.15 0.2125 0.15 0.214062 0.148438 0.217187 0.148438 0.21875 0.146875 0.220313 0.146875 0.223438 0.14375 0.223438 0.142188 0.225 0.140625 0.225 0.129688 0.226562 0.128125 0.226562 0.126563 0.228125 0.125 0.228125 0.123438 0.229687 0.121875 0.229687 0.114063 0.225 0.109375 0.225 0.1 0.228125 0.096875 0.228125 0.0953125 0.226562 0.09375 0.226562 0.0921875 0.225 0.090625 0.225 0.0890625 0.217187 0.08125 0.217187 0.0796875 0.215625 0.078125 0.215625 0.0765625 0.214062 0.075 0.214062 0.0703125 0.2125 0.06875 0.2125 0.0671875 0.20625 0.0609375 0.204688 0.0609375 0.203125 0.059375 0.203125 0.053125 0.7522
0 0.865625 0.003125 0.865625 0.0375 0.870313 0.0375 0.871875 0.0390625 0.871875 0.040625 0.873438 0.0421875 0.873438 0.0515625 0.88125 0.059375 0.882812 0.059375 0.884375 0.0609375 0.8875 0.0609375 0.889063 0.0625 0.890625 0.0625 0.892187 0.0640625 0.896875 0.0640625 0.898438 0.065625 0.9 0.065625 0.901563 0.0671875 0.903125 0.0671875 0.907812 0.071875 0.907812 0.0765625 0.91875 0.0765625 0.91875 0.071875 0.920313 0.0703125 0.920313 0.0671875 0.925 0.0625 0.926562 0.0625 0.928125 0.0609375 0.93125 0.0609375 0.9375 0.0546875 0.9375 0.053125 0.939062 0.0515625 0.939062 0.05 0.940625 0.0484375 0.945312 0.0484375 0.945312 0.01875 0.939062 0.01875 0.93125 0.0109375 0.93125 0.009375 0.929688 0.0078125 0.929688 0.003125 0.751876
0 0.8625 0.690625 0.8625 0.695312 0.859375 0.698438 0.857813 0.698438 0.854688 0.701563 0.853125 0.701563 0.85 0.704687 0.85 0.70625 0.845312 0.710938 0.840625 0.710938 0.840625 0.745313 0.845312 0.745313 0.848437 0.748438 0.85 0.748438 0.851562 0.75 0.853125 0.75 0.854688 0.751562 0.85625 0.751562 0.859375 0.754687 0.859375 0.75625 0.860937 0.757812 0.860937 0.759375 0.8625 0.760938 0.8625 0.764063 0.864062 0.765625 0.864062 0.767187 0.867188 0.770312 0.86875 0.770312 0.870313 0.771875 0.871875 0.771875 0.873438 0.773438 0.875 0.773438 0.878125 0.776563 0.879687 0.776563 0.88125 0.778125 0.901563 0.778125 0.903125 0.776563 0.904688 0.776563 0.907812 0.773438 0.909375 0.773438 0.9125 0.770312 0.914062 0.770312 0.917188 0.767187 0.917188 0.765625 0.920313 0.7625 0.920313 0.760938 0.921875 0.759375 0.921875 0.757812 0.923437 0.75625 0.923437 0.754687 0.925 0.753125 0.925 0.751562 0.926562 0.75 0.926562 0.748438 0.928125 0.746875 0.928125 0.740625 0.929688 0.739062 0.928125 0.7375 0.928125 0.732813 0.926562 0.73125 0.926562 0.729688 0.921875 0.725 0.921875 0.723437 0.920313 0.721875 0.920313 0.70625 0.91875 0.704687 0.91875 0.703125 0.915625 0.7 0.915625 0.698438 0.9125 0.695312 0.9125 0.690625 0.749966
0 0.396875 0.128125 0.395312 0.129688 0.39375 0.129688 0.389062 0.134375 0.385938 0.134375 0.384375 0.135937 0.378125 0.135937 0.365625 0.148438 0.365625 0.15 0.354688 0.160938 0.354688 0.1625 0.353125 0.164062 0.346875 0.164062 0.346875 0.190625 0.353125 0.190625 0.35625 0.19375 0.357812 0.19375 0.360938 0.196875 0.360938 0.2 0.364062 0.203125 0.364062 0.204688 0.365625 0.204688 0.370313 0.209375 0.370313 0.210938 0.371875 0.2125 0.371875 0.214062 0.376563 0.21875 0.378125 0.21875 0.379687 0.217187 0.38125 0.217187 0.384375 0.214062 0.385938 0.214062 0.3875 0.2125 0.392188 0.2125 0.395312 0.215625 0.396875 0.215625 0.398438 0.217187 0.401563 0.217187 0.403125 0.21875 0.407813 0.21875 0.409375 0.220313 0.4125 0.220313 0.415625 0.223438 0.423438 0.223438 0.425 0.221875 0.426562 0.221875 0.428125 0.220313 0.428125 0.214062 0.429688 0.2125 0.429688 0.20625 0.432813 0.203125 0.432813 0.201562 0.435937 0.198437 0.4375 0.198437 0.446875 0.189063 0.446875 0.1875 0.448438 0.185937 0.448438 0.179688 0.446875 0.178125 0.446875 0.170312 0.448438 0.16875 0.448438 0.165625 0.45 0.164062 0.45 0.160938 0.451562 0.159375 0.451562 0.153125 0.45 0.151562 0.45 0.15 0.448438 0.148438 0.446875 0.148438 0.440625 0.142188 0.439063 0.142188 0.4375 0.140625 0.435937 0.140625 0.434375 0.139062 0.41875 0.139062 0.417188 0.1375 0.415625 0.1375 0.407813 0.129688 0.404687 0.129688 0.403125 0.128125 0.736096
0 0.195312 0.290625 0.195312 0.296875 0.190625 0.301562 0.189063 0.301562 0.1875 0.303125 0.185937 0.303125 0.184375 0.304688 0.182812 0.304688 0.18125 0.30625 0.179688 0.30625 0.176563 0.309375 0.178125 0.310937 0.178125 0.31875 0.179688 0.320312 0.179688 0.321875 0.176563 0.325 0.175 0.325 0.173438 0.326562 0.171875 0.326562 0.170312 0.328125 0.16875 0.328125 0.167187 0.329688 0.165625 0.329688 0.164062 0.33125 0.159375 0.33125 0.159375 0.346875 0.164062 0.346875 0.167187 0.35 0.167187 0.367188 0.16875 0.36875 0.16875 0.373437 0.170312 0.375 0.170312 0.376563 0.173438 0.379687 0.175 0.379687 0.178125 0.382812 0.18125 0.382812 0.182812 0.384375 0.184375 0.384375 0.185937 0.385938 0.1875 0.385938 0.190625 0.389062 0.192188 0.389062 0.19375 0.390625 0.207813 0.390625 0.209375 0.392188 0.210938 0.392188 0.2125 0.39375 0.214062 0.39375 0.215625 0.395312 0.217187 0.39375 0.223438 0.39375 0.225 0.392188 0.232812 0.392188 0.234375 0.390625 0.2375 0.390625 0.248437 0.379687 0.25 0.379687 0.251563 0.378125 0.2625 0.378125 0.264062 0.376563 0.267188 0.376563 0.26875 0.375 0.276563 0.375 0.276563 0.314063 0.270312 0.314063 0.26875 0.315625 0.267188 0.315625 0.2625 0.320312 0.260938 0.320312 0.259375 0.321875 0.257812 0.321875 0.25625 0.320312 0.25625 0.314063 0.254687 0.3125 0.254687 0.307813 0.25 0.303125 0.24375 0.303125 0.242188 0.301562 0.2375 0.301562 0.235938 0.3 0.234375 0.3 0.229687 0.295312 0.229687 0.290625 0.726844
0 0.107813 0.090625 0.107813 0.0953125 0.103125 0.1 0.101562 0.1 0.1 0.101562 0.0984375 0.101562 0.096875 0.103125 0.0953125 0.103125 0.0921875 0.10625 0.0921875 0.107813 0.0890625 0.110937 0.0890625 0.1125 0.0875 0.114063 0.0875 0.115625 0.0859375 0.117188 0.0859375 0.128125 0.084375 0.129688 0.084375 0.13125 0.0828125 0.132812 0.071875 0.132812 0.071875 0.142188 0.0765625 0.142188 0.0796875 0.145313 0.0796875 0.148438 0.08125 0.15 0.08125 0.153125 0.0828125 0.154687 0.0828125 0.15625 0.084375 0.157813 0.084375 0.159375 0.090625 0.165625 0.090625 0.167187 0.09375 0.170312 0.09375 0.171875 0.0953125 0.173438 0.096875 0.173438 0.0984375 0.175 0.104687 0.175 0.10625 0.173438 0.107813 0.173438 0.109375 0.171875 0.109375 0.170312 0.1125 0.167187 0.114063 0.167187 0.115625 0.165625 0.123438 0.165625 0.125 0.164062 0.126563 0.164062 0.128125 0.1625 0.129688 0.1625 0.132812 0.159375 0.134375 0.159375 0.135937 0.157813 0.1375 0.157813 0.140625 0.154687 0.142188 0.154687 0.145313 0.151562 0.146875 0.151562 0.148438 0.15 0.15 0.15 0.151562 0.148438 0.151562 0.146875 0.153125 0.145313 0.153125 0.132812 0.151562 0.13125 0.151562 0.115625 0.15 0.114063 0.15 0.1125 0.148438 0.110937 0.148438 0.109375 0.146875 0.107813 0.146875 0.104687 0.145313 0.103125 0.145313 0.101562 0.140625 0.096875 0.140625 0.090625 0.725239
0 0.58125 0.084375 0.58125 0.0890625 0.578125 0.0921875 0.576563 0.0921875 0.570312 0.0984375 0.56875 0.0984375 0.565625 0.101562 0.559375 0.101562 0.559375 0.128125 0.564062 0.128125 0.570312 0.134375 0.570312 0.135937 0.571875 0.1375 0.573438 0.1375 0.576563 0.140625 0.576563 0.142188 0.585938 0.142188 0.5875 0.140625 0.601562 0.140625 0.603125 0.139062 0.609375 0.139062 0.610937 0.1375 0.6125 0.1375 0.615625 0.134375 0.615625 0.132812 0.617188 0.13125 0.617188 0.129688 0.61875 0.128125 0.61875 0.125 0.620313 0.123438 0.620313 0.11875 0.621875 0.117188 0.626562 0.117188 0.626562 0.1125 0.621875 0.1125 0.620313 0.110937 0.620313 0.107813 0.61875 0.10625 0.61875 0.104687 0.609375 0.0953125 0.609375 0.09375 0.607813 0.0921875 0.607813 0.090625 0.60625 0.0890625 0.60625 0.084375 0.708397
0 0.420312 0.228125 0.420312 0.232812 0.41875 0.234375 0.417188 0.234375 0.415625 0.235938 0.410937 0.235938 0.409375 0.2375 0.40625 0.2375 0.403125 0.240625 0.4 0.240625 0.398438 0.242188 0.396875 0.242188 0.395312 0.24375 0.39375 0.24375 0.389062 0.248437 0.389062 0.251563 0.3875 0.253125 0.3875 0.254687 0.385938 0.25625 0.385938 0.259375 0.38125 0.264062 0.38125 0.273438 0.382812 0.275 0.382812 0.2875 0.38125 0.289062 0.38125 0.295312 0.379687 0.296875 0.38125 0.298438 0.38125 0.301562 0.389062 0.309375 0.389062 0.310937 0.390625 0.3125 0.390625 0.314063 0.398438 0.321875 0.398438 0.328125 0.4 0.329688 0.4 0.339063 0.415625 0.339063 0.415625 0.334375 0.41875 0.33125 0.420312 0.33125 0.421875 0.329688 0.429688 0.329688 0.43125 0.328125 0.432813 0.328125 0.434375 0.326562 0.440625 0.326562 0.44375 0.323438 0.445312 0.323438 0.446875 0.321875 0.446875 0.320312 0.448438 0.31875 0.448438 0.317187 0.45 0.315625 0.45 0.3125 0.451562 0.310937 0.451562 0.309375 0.453125 0.307813 0.453125 0.30625 0.457812 0.301562 0.457812 0.3 0.460938 0.296875 0.460938 0.295312 0.4625 0.29375 0.4625 0.292188 0.464063 0.290625 0.464063 0.289062 0.467187 0.285937 0.467187 0.284375 0.46875 0.282813 0.46875 0.28125 0.470313 0.279687 0.470313 0.278125 0.471875 0.276563 0.471875 0.270312 0.470313 0.26875 0.470313 0.267188 0.46875 0.265625 0.46875 0.264062 0.467187 0.2625 0.467187 0.260938 0.465625 0.259375 0.465625 0.246875 0.464063 0.245312 0.464063 0.24375 0.4625 0.242188 0.4625 0.240625 0.45625 0.234375 0.45625 0.228125 0.70337
0 0.517187 0.203125 0.517187 0.209375 0.515625 0.210938 0.514063 0.210938 0.5125 0.2125 0.510938 0.2125 0.509375 0.214062 0.50625 0.214062 0.504687 0.2125 0.501562 0.2125 0.5 0.214062 0.496875 0.214062 0.490625 0.220313 0.490625 0.221875 0.489062 0.223438 0.489062 0.226562 0.485938 0.229687 0.485938 0.23125 0.478125 0.239063 0.478125 0.240625 0.479688 0.242188 0.479688 0.24375 0.48125 0.245312 0.48125 0.253125 0.479688 0.254687 0.479688 0.257812 0.478125 0.259375 0.478125 0.265625 0.476562 0.267188 0.475 0.267188 0.471875 0.270312 0.473437 0.271875 0.473437 0.273438 0.479688 0.279687 0.48125 0.279687 0.482812 0.28125 0.498437 0.28125 0.5 0.282813 0.503125 0.282813 0.504687 0.284375 0.50625 0.284375 0.509375 0.2875 0.510938 0.2875 0.515625 0.292188 0.517187 0.292188 0.51875 0.29375 0.521875 0.29375 0.528125 0.2875 0.529688 0.2875 0.53125 0.285937 0.532812 0.285937 0.534375 0.284375 0.5375 0.284375 0.539062 0.282813 0.542188 0.282813 0.545313 0.279687 0.545313 0.278125 0.546875 0.276563 0.546875 0.271875 0.548437 0.270312 0.548437 0.264062 0.55 0.2625 0.55 0.253125 0.54375 0.246875 0.54375 0.235938 0.545313 0.234375 0.545313 0.225 0.546875 0.223438 0.546875 0.220313 0.548437 0.21875 0.548437 0.215625 0.55 0.214062 0.55 0.203125 0.684448
0 0.298438 0.15625 0.296875 0.157813 0.292188 0.157813 0.290625 0.159375 0.275 0.159375 0.273438 0.160938 0.253125 0.160938 0.25 0.164062 0.25 0.165625 0.245312 0.170312 0.24375 0.170312 0.242188 0.171875 0.242188 0.173438 0.239063 0.176563 0.239063 0.178125 0.2375 0.179688 0.2375 0.18125 0.235938 0.182812 0.235938 0.184375 0.234375 0.185937 0.228125 0.185937 0.228125 0.201562 0.234375 0.201562 0.239063 0.20625 0.239063 0.209375 0.240625 0.210938 0.240625 0.217187 0.239063 0.21875 0.239063 0.220313 0.2375 0.221875 0.2375 0.223438 0.235938 0.225 0.235938 0.232812 0.239063 0.235938 0.240625 0.235938 0.242188 0.2375 0.245312 0.2375 0.246875 0.239063 0.248437 0.239063 0.25 0.240625 0.25 0.242188 0.251563 0.24375 0.251563 0.246875 0.253125 0.248437 0.253125 0.251563 0.254687 0.251563 0.25625 0.253125 0.260938 0.253125 0.2625 0.251563 0.267188 0.251563 0.26875 0.253125 0.271875 0.253125 0.275 0.25625 0.275 0.257812 0.276563 0.259375 0.276563 0.2625 0.278125 0.264062 0.284375 0.264062 0.284375 0.2625 0.285937 0.260938 0.285937 0.259375 0.289062 0.25625 0.290625 0.25625 0.295312 0.260938 0.295312 0.2625 0.296875 0.2625 0.298438 0.264062 0.317187 0.264062 0.31875 0.2625 0.321875 0.2625 0.326562 0.257812 0.326562 0.25625 0.328125 0.254687 0.328125 0.253125 0.33125 0.25 0.33125 0.248437 0.34375 0.235938 0.345313 0.235938 0.346875 0.234375 0.35 0.234375 0.351562 0.232812 0.357812 0.232812 0.351562 0.232812 0.348437 0.229687 0.348437 0.228125 0.346875 0.226562 0.346875 0.225 0.342187 0.220313 0.342187 0.21875 0.339063 0.215625 0.339063 0.2125 0.340625 0.210938 0.340625 0.204688 0.342187 0.203125 0.342187 0.201562 0.34375 0.2 0.34375 0.198437 0.348437 0.19375 0.35 0.19375 0.351562 0.192188 0.357812 0.192188 0.357812 0.167187 0.353125 0.167187 0.351562 0.16875 0.351562 0.170312 0.35 0.171875 0.35 0.173438 0.348437 0.175 0.348437 0.176563 0.346875 0.178125 0.345313 0.178125 0.34375 0.179688 0.340625 0.179688 0.3375 0.176563 0.3375 0.16875 0.335938 0.167187 0.335938 0.1625 0.334375 0.160938 0.334375 0.159375 0.332812 0.159375 0.33125 0.160938 0.329688 0.160938 0.328125 0.1625 0.326562 0.1625 0.325 0.164062 0.323438 0.164062 0.321875 0.165625 0.320312 0.165625 0.31875 0.164062 0.317187 0.164062 0.315625 0.1625 0.314063 0.1625 0.3125 0.160938 0.310937 0.160938 0.307813 0.157813 0.304688 0.157813 0.303125 0.15625 0.670887
0 0.965625 0.196875 0.965625 0.201562 0.964063 0.203125 0.964063 0.204688 0.9625 0.20625 0.9625 0.207813 0.95625 0.214062 0.953125 0.214062 0.95 0.217187 0.95 0.21875 0.948438 0.220313 0.946875 0.220313 0.945312 0.221875 0.940625 0.221875 0.940625 0.271875 0.951563 0.271875 0.954687 0.275 0.95625 0.275 0.9625 0.28125 0.964063 0.28125 0.967188 0.284375 0.967188 0.289062 0.98125 0.289062 0.98125 0.284375 0.982813 0.282813 0.989062 0.282813 0.990625 0.284375 0.990625 0.289062 0.998438 0.289062 0.998438 0.196875 0.615686
0 0.217187 0.971875 0.217187 0.976562 0.214062 0.979688 0.2125 0.979688 0.209375 0.982813 0.203125 0.982813 0.203125 0.998438 0.292188 0.998438 0.292188 0.996875 0.289062 0.99375 0.289062 0.990625 0.2875 0.989062 0.2875 0.9875 0.285937 0.985937 0.285937 0.984375 0.282813 0.98125 0.279687 0.98125 0.278125 0.979688 0.275 0.979688 0.273438 0.978125 0.271875 0.978125 0.270312 0.976562 0.270312 0.971875 0.612758
0 0.196875 0.003125 0.196875 0.009375 0.204688 0.009375 0.20625 0.0109375 0.207813 0.0109375 0.209375 0.0125 0.214062 0.0125 0.221875 0.0203125 0.223438 0.0203125 0.226562 0.0234375 0.23125 0.0234375 0.232812 0.025 0.239063 0.025 0.240625 0.0265625 0.242188 0.0265625 0.245312 0.0296875 0.246875 0.0296875 0.251563 0.034375 0.251563 0.0390625 0.254687 0.0390625 0.254687 0.034375 0.257812 0.03125 0.257812 0.0296875 0.2625 0.025 0.264062 0.025 0.267188 0.021875 0.26875 0.021875 0.278125 0.0125 0.279687 0.0125 0.28125 0.0109375 0.282813 0.0109375 0.284375 0.009375 0.285937 0.009375 0.285937 0.003125 0.611203
0 0.798437 0.003125 0.798437 0.009375 0.790625 0.0171875 0.789062 0.0171875 0.7875 0.01875 0.782812 0.01875 0.78125 0.0203125 0.779688 0.0203125 0.778125 0.021875 0.776563 0.021875 0.775 0.0234375 0.775 0.025 0.771875 0.028125 0.765625 0.028125 0.765625 0.059375 0.771875 0.059375 0.773438 0.0609375 0.773438 0.0625 0.775 0.0640625 0.775 0.065625 0.784375 0.075 0.785937 0.075 0.7875 0.0765625 0.790625 0.0765625 0.792188 0.078125 0.79375 0.078125 0.798437 0.0828125 0.8 0.0828125 0.801562 0.084375 0.804688 0.084375 0.80625 0.0859375 0.81875 0.0859375 0.820312 0.0875 0.832812 0.0875 0.834375 0.0859375 0.835938 0.0859375 0.8375 0.084375 0.839063 0.084375 0.842188 0.08125 0.84375 0.08125 0.85 0.075 0.85 0.0734375 0.859375 0.0640625 0.859375 0.0625 0.8625 0.059375 0.8625 0.0546875 0.870313 0.046875 0.870313 0.0421875 0.86875 0.040625 0.86875 0.0390625 0.867188 0.0375 0.867188 0.0359375 0.865625 0.034375 0.865625 0.0328125 0.8625 0.0296875 0.8625 0.028125 0.859375 0.025 0.859375 0.0234375 0.857813 0.021875 0.857813 0.0203125 0.85625 0.01875 0.85625 0.015625 0.854688 0.0140625 0.854688 0.0109375 0.853125 0.009375 0.853125 0.003125 0.598893
0 0.382812 0.584375 0.382812 0.589063 0.379687 0.592188 0.378125 0.592188 0.376563 0.59375 0.375 0.59375 0.373437 0.595312 0.370313 0.595312 0.36875 0.596875 0.365625 0.596875 0.359375 0.603125 0.357812 0.603125 0.354688 0.60625 0.353125 0.60625 0.351562 0.607813 0.348437 0.607813 0.34375 0.6125 0.34375 0.614062 0.342187 0.615625 0.342187 0.620313 0.340625 0.621875 0.340625 0.623438 0.339063 0.625 0.334375 0.625 0.334375 0.642187 0.339063 0.642187 0.342187 0.645312 0.342187 0.646875 0.348437 0.653125 0.348437 0.654688 0.351562 0.657812 0.351562 0.659375 0.353125 0.660937 0.353125 0.6625 0.354688 0.664062 0.354688 0.665625 0.360938 0.671875 0.3625 0.671875 0.364062 0.673437 0.367188 0.673437 0.36875 0.675 0.375 0.675 0.376563 0.676562 0.378125 0.676562 0.379687 0.678125 0.379687 0.682813 0.389062 0.682813 0.389062 0.678125 0.395312 0.671875 0.396875 0.671875 0.4 0.66875 0.401563 0.66875 0.403125 0.667188 0.40625 0.667188 0.407813 0.665625 0.409375 0.665625 0.415625 0.659375 0.417188 0.659375 0.421875 0.654688 0.421875 0.653125 0.423438 0.651563 0.423438 0.646875 0.425 0.645312 0.425 0.642187 0.426562 0.640625 0.426562 0.639063 0.428125 0.6375 0.432813 0.6375 0.432813 0.617188 0.428125 0.617188 0.425 0.614062 0.425 0.6125 0.41875 0.60625 0.41875 0.604688 0.415625 0.601562 0.415625 0.6 0.414062 0.598437 0.414062 0.596875 0.4125 0.595312 0.4125 0.59375 0.409375 0.590625 0.409375 0.584375 0.598722
0 0.615625 0.003125 0.615625 0.0140625 0.620313 0.0140625 0.621875 0.015625 0.626562 0.015625 0.628125 0.0171875 0.629687 0.0171875 0.63125 0.01875 0.632812 0.01875 0.635938 0.021875 0.6375 0.021875 0.640625 0.025 0.653125 0.025 0.654688 0.0265625 0.65625 0.0265625 0.657812 0.028125 0.657812 0.0328125 0.66875 0.0328125 0.66875 0.028125 0.670313 0.0265625 0.671875 0.0265625 0.673437 0.025 0.676562 0.025 0.678125 0.0234375 0.684375 0.0234375 0.685938 0.021875 0.689062 0.021875 0.692187 0.01875 0.69375 0.01875 0.704687 0.0078125 0.704687 0.003125 0.576512
0 0.5 0.409375 0.5 0.414062 0.496875 0.417188 0.495313 0.417188 0.492188 0.420312 0.490625 0.420312 0.489062 0.421875 0.4875 0.421875 0.484375 0.425 0.482812 0.425 0.48125 0.426562 0.479688 0.426562 0.478125 0.428125 0.471875 0.428125 0.471875 0.451562 0.479688 0.451562 0.48125 0.453125 0.484375 0.453125 0.485938 0.454688 0.4875 0.454688 0.490625 0.457812 0.492188 0.457812 0.49375 0.459375 0.495313 0.459375 0.501562 0.465625 0.503125 0.465625 0.504687 0.467187 0.507812 0.467187 0.509375 0.46875 0.51875 0.46875 0.520312 0.467187 0.521875 0.467187 0.525 0.464063 0.526563 0.464063 0.532812 0.457812 0.532812 0.45625 0.5375 0.451562 0.5375 0.45 0.539062 0.448438 0.539062 0.446875 0.540625 0.445312 0.540625 0.442187 0.542188 0.440625 0.542188 0.439063 0.54375 0.4375 0.54375 0.432813 0.545313 0.43125 0.545313 0.428125 0.540625 0.423438 0.540625 0.421875 0.539062 0.420312 0.539062 0.41875 0.535937 0.415625 0.535937 0.409375 0.541561
0 0.328125 0.965625 0.328125 0.970312 0.323438 0.975 0.323438 0.976562 0.320312 0.979688 0.31875 0.979688 0.317187 0.98125 0.317187 0.982813 0.3125 0.9875 0.3125 0.989062 0.307813 0.99375 0.30625 0.99375 0.303125 0.996875 0.303125 0.998438 0.389062 0.998438 0.389062 0.9875 0.382812 0.9875 0.38125 0.985937 0.38125 0.984375 0.375 0.978125 0.375 0.976562 0.371875 0.973437 0.371875 0.971875 0.370313 0.970312 0.370313 0.965625 0.354688 0.965625 0.354688 0.970312 0.353125 0.971875 0.348437 0.971875 0.346875 0.970312 0.346875 0.965625 0.533173
0 0.634375 0.803125 0.634375 0.85625 0.640625 0.85625 0.642187 0.857813 0.645312 0.857813 0.646875 0.859375 0.648438 0.859375 0.65 0.860937 0.651563 0.860937 0.654688 0.864062 0.654688 0.865625 0.65625 0.867188 0.65625 0.86875 0.659375 0.871875 0.6625 0.86875 0.696875 0.86875 0.698438 0.870313 0.7 0.870313 0.701563 0.871875 0.704687 0.871875 0.70625 0.873438 0.709375 0.873438 0.710938 0.871875 0.7125 0.871875 0.717188 0.867188 0.717188 0.865625 0.720312 0.8625 0.720312 0.859375 0.721875 0.857813 0.721875 0.854688 0.723437 0.853125 0.723437 0.85 0.725 0.848437 0.725 0.845312 0.728125 0.842188 0.728125 0.840625 0.729688 0.839063 0.729688 0.8375 0.73125 0.835938 0.73125 0.834375 0.734375 0.83125 0.739062 0.83125 0.739062 0.823438 0.734375 0.823438 0.73125 0.820312 0.73125 0.81875 0.721875 0.809375 0.721875 0.803125 0.521368
0 0.003125 0.267188 0.003125 0.329688 0.0078125 0.329688 0.009375 0.328125 0.009375 0.325 0.0109375 0.323438 0.0109375 0.317187 0.0125 0.315625 0.0125 0.314063 0.015625 0.310937 0.0171875 0.310937 0.01875 0.309375 0.01875 0.3 0.0171875 0.298438 0.0171875 0.290625 0.01875 0.289062 0.01875 0.28125 0.0171875 0.279687 0.0171875 0.278125 0.015625 0.276563 0.015625 0.275 0.0140625 0.275 0.0078125 0.26875 0.0078125 0.267188 0.513997
0 0.270312 0.304688 0.26875 0.30625 0.267188 0.30625 0.265625 0.307813 0.2625 0.307813 0.259375 0.310937 0.257812 0.310937 0.25625 0.309375 0.253125 0.309375 0.251563 0.307813 0.248437 0.307813 0.246875 0.30625 0.234375 0.30625 0.232812 0.307813 0.228125 0.307813 0.228125 0.385938 0.235938 0.385938 0.245312 0.376563 0.248437 0.376563 0.25 0.375 0.251563 0.375 0.253125 0.376563 0.254687 0.376563 0.25625 0.378125 0.265625 0.378125 0.267188 0.376563 0.270312 0.376563 0.273438 0.373437 0.275 0.373437 0.278125 0.370313 0.278125 0.36875 0.279687 0.367188 0.279687 0.365625 0.28125 0.364062 0.28125 0.3625 0.282813 0.360938 0.282813 0.359375 0.285937 0.35625 0.285937 0.354688 0.289062 0.351562 0.289062 0.35 0.290625 0.348437 0.290625 0.334375 0.289062 0.332812 0.289062 0.325 0.2875 0.323438 0.2875 0.321875 0.284375 0.31875 0.284375 0.317187 0.271875 0.304688 0.505529
0 0.003125 0.165625 0.003125 0.225 0.009375 0.225 0.0109375 0.223438 0.0125 0.223438 0.0140625 0.221875 0.015625 0.221875 0.0171875 0.220313 0.0171875 0.21875 0.01875 0.217187 0.01875 0.214062 0.0203125 0.2125 0.0203125 0.209375 0.021875 0.207813 0.021875 0.20625 0.0234375 0.204688 0.0234375 0.2 0.021875 0.198437 0.021875 0.195312 0.0203125 0.19375 0.0203125 0.190625 0.01875 0.189063 0.01875 0.185937 0.0171875 0.184375 0.0171875 0.182812 0.015625 0.18125 0.015625 0.179688 0.0140625 0.178125 0.0140625 0.176563 0.009375 0.171875 0.009375 0.165625 0.504895
