0 0.804688 0.759375 0.804688 0.764063 0.832812 0.764063 0.832812 0.75 0.825 0.75 0.823438 0.748438 0.820312 0.748438 0.81875 0.75 0.817187 0.75 0.810938 0.75625 0.809375 0.75625 0.807813 0.757812 0.80625 0.757812 0.804688 0.759375 0.689062 0.69375 0.690625 0.695312 0.690625 0.696875 0.692187 0.698438 0.689062 0.68125 0.689062 0.682813 0.684375 0.675 0.690625 0.675 0.690625 0.673437 0.692187 0.671875 0.698438 0.671875 0.7 0.673437 0.7 0.682813 0.701563 0.684375 0.701563 0.685938 0.703125 0.6875 0.703125 0.692187 0.701563 0.69375 0.701563 0.698438 0.7 0.7 0.7 0.704687 0.698438 0.70625 0.698438 0.714063 0.701563 0.717188 0.703125 0.717188 0.704687 0.71875 0.709375 0.71875 0.710938 0.720312 0.717188 0.720312 0.71875 0.721875 0.720312 0.721875 0.723437 0.725 0.723437 0.726562 0.725 0.728125 0.723437 0.729688 0.723437 0.732813 0.720312 0.735937 0.720312 0.740625 0.735937 0.740625 0.740625 0.745313 0.742188 0.745313 0.745313 0.748438 0.753125 0.748438 0.754687 0.746875 0.75625 0.746875 0.757812 0.745313 0.757812 0.74375 0.760938 0.740625 0.760938 0.739062 0.7625 0.7375 0.7625 0.734375 0.765625 0.73125 0.770312 0.735937 0.771875 0.735937 0.773438 0.7375 0.775 0.7375 0.776563 0.739062 0.7875 0.739062 0.789062 0.7375 0.789062 0.735937 0.790625 0.734375 0.789062 0.732813 0.789062 0.73125 0.7875 0.729688 0.7875 0.720312 0.790625 0.717188 0.792188 0.71875 0.8 0.71875 0.801562 0.720312 0.80625 0.720312 0.807813 0.721875 0.814062 0.721875 0.814062 0.703125 0.815625 0.701563 0.815625 0.682813 0.821875 0.676562 0.821875 0.673437 0.823438 0.671875 0.823438 0.670313 0.810938 0.657812 0.810938 0.653125 0.809375 0.651563 0.809375 0.646875 0.807813 0.645312 0.807813 0.64375 0.80625 0.642187 0.804688 0.642187 0.803125 0.640625 0.796875 0.640625 0.795313 0.642187 0.792188 0.642187 0.790625 0.64375 0.78125 0.64375 0.779688 0.642187 0.779688 0.640625 0.778125 0.639063 0.778125 0.6375 0.773438 0.632812 0.773438 0.628125 0.764063 0.628125 0.764063 0.632812 0.7625 0.634375 0.7625 0.6375 0.760938 0.639063 0.760938 0.640625 0.759375 0.642187 0.759375 0.645312 0.753125 0.651563 0.75 0.651563 0.748438 0.65 0.746875 0.65 0.732813 0.635938 0.726562 0.635938 0.726562 0.6375 0.725 0.639063 0.725 0.64375 0.723437 0.645312 0.723437 0.651563 0.721875 0.653125 0.721875 0.65625 0.720312 0.657812 0.71875 0.657812 0.717188 0.659375 0.714063 0.659375 0.7125 0.657812 0.704687 0.657812 0.7 0.6625 0.7 0.66875 0.698438 0.670313 0.698438 0.671875 0.692187 0.671875 0.690625 0.670313 0.684375 0.670313 0.684375 0.675 0.689062 0.682813 0.684375 0.682813 0.684375 0.68125 0.689062 0.68125 0.692187 0.698438 0.692187 0.707812 0.690625 0.709375 0.684375 0.709375 0.684375 0.69375 0.689062 0.69375 0.894291
0 0.220313 0.003125 0.220313 0.0140625 0.215625 0.01875 0.214062 0.01875 0.210938 0.015625 0.209375 0.015625 0.207813 0.0140625 0.203125 0.0140625 0.203125 0.0296875 0.209375 0.0296875 0.215625 0.0359375 0.217187 0.0359375 0.21875 0.0375 0.21875 0.0390625 0.220313 0.040625 0.220313 0.0421875 0.221875 0.04375 0.221875 0.046875 0.223438 0.0484375 0.223438 0.05 0.225 0.0515625 0.225 0.053125 0.228125 0.05625 0.229687 0.0546875 0.23125 0.0546875 0.232812 0.053125 0.234375 0.053125 0.235938 0.0515625 0.240625 0.0515625 0.24375 0.0546875 0.24375 0.05625 0.251563 0.0640625 0.259375 0.0640625 0.260938 0.0625 0.2625 0.0625 0.265625 0.059375 0.265625 0.0578125 0.270312 0.053125 0.271875 0.053125 0.273438 0.0515625 0.275 0.0515625 0.276563 0.05 0.279687 0.05 0.28125 0.0515625 0.290625 0.0515625 0.295312 0.046875 0.295312 0.0421875 0.296875 0.040625 0.296875 0.0375 0.298438 0.0359375 0.298438 0.034375 0.309375 0.0234375 0.309375 0.021875 0.310937 0.0203125 0.310937 0.0125 0.309375 0.0109375 0.309375 0.009375 0.307813 0.0078125 0.307813 0.003125 0.893675
0 0.934375 0.509375 0.934375 0.515625 0.932813 0.517187 0.932813 0.51875 0.929688 0.521875 0.921875 0.521875 0.920313 0.520312 0.914062 0.520312 0.909375 0.525 0.909375 0.5375 0.910937 0.539062 0.909375 0.540625 0.909375 0.54375 0.90625 0.546875 0.904688 0.546875 0.903125 0.548437 0.898438 0.548437 0.896875 0.55 0.89375 0.55 0.892187 0.551562 0.890625 0.551562 0.8875 0.554688 0.8875 0.55625 0.885938 0.557813 0.885938 0.559375 0.882812 0.5625 0.878125 0.5625 0.878125 0.578125 0.882812 0.578125 0.8875 0.582812 0.889063 0.582812 0.890625 0.584375 0.890625 0.585938 0.89375 0.589063 0.89375 0.592188 0.892187 0.59375 0.892187 0.595312 0.889063 0.598437 0.8875 0.598437 0.885938 0.6 0.884375 0.6 0.882812 0.601562 0.878125 0.601562 0.878125 0.607813 0.882812 0.607813 0.884375 0.609375 0.885938 0.609375 0.892187 0.615625 0.892187 0.617188 0.896875 0.621875 0.9 0.621875 0.901563 0.623438 0.90625 0.623438 0.907812 0.621875 0.914062 0.621875 0.915625 0.623438 0.917188 0.623438 0.920313 0.626562 0.920313 0.629687 0.921875 0.63125 0.921875 0.632812 0.923437 0.634375 0.923437 0.635938 0.926562 0.639063 0.928125 0.639063 0.929688 0.640625 0.939062 0.640625 0.940625 0.639063 0.942187 0.639063 0.94375 0.6375 0.945312 0.6375 0.951563 0.63125 0.951563 0.629687 0.953125 0.628125 0.95625 0.628125 0.957812 0.626562 0.964063 0.626562 0.96875 0.63125 0.970312 0.63125 0.978125 0.639063 0.979688 0.6375 0.982813 0.6375 0.990625 0.629687 0.992188 0.629687 0.995313 0.626562 0.998438 0.626562 0.998438 0.534375 0.99375 0.534375 0.992188 0.535937 0.989062 0.535937 0.98125 0.528125 0.98125 0.523438 0.978125 0.520312 0.978125 0.509375 0.891086
0 0.0828125 0.409375 0.0828125 0.414062 0.0796875 0.417188 0.0796875 0.420312 0.0765625 0.423438 0.075 0.423438 0.071875 0.426562 0.0703125 0.426562 0.0671875 0.423438 0.065625 0.423438 0.0625 0.420312 0.0609375 0.420312 0.0578125 0.417188 0.0546875 0.417188 0.053125 0.415625 0.0515625 0.417188 0.0515625 0.421875 0.04375 0.429688 0.040625 0.429688 0.0390625 0.43125 0.0375 0.429688 0.0265625 0.429688 0.025 0.43125 0.0234375 0.43125 0.021875 0.432813 0.0203125 0.432813 0.01875 0.434375 0.0171875 0.434375 0.015625 0.435937 0.0125 0.435937 0.0109375 0.4375 0.003125 0.4375 0.003125 0.504687 0.015625 0.504687 0.0171875 0.50625 0.0171875 0.507812 0.01875 0.509375 0.01875 0.523438 0.0203125 0.525 0.034375 0.525 0.0359375 0.526563 0.0359375 0.528125 0.0390625 0.53125 0.040625 0.53125 0.0421875 0.529688 0.04375 0.529688 0.0453125 0.528125 0.046875 0.528125 0.0484375 0.526563 0.05 0.526563 0.053125 0.523438 0.0546875 0.525 0.0671875 0.525 0.0703125 0.528125 0.0703125 0.529688 0.071875 0.53125 0.071875 0.532812 0.0765625 0.5375 0.0765625 0.545313 0.078125 0.545313 0.078125 0.5375 0.0796875 0.535937 0.0796875 0.534375 0.08125 0.532812 0.08125 0.53125 0.0828125 0.529688 0.0921875 0.529688 0.096875 0.525 0.0984375 0.525 0.0984375 0.523438 0.107813 0.514063 0.107813 0.507812 0.10625 0.50625 0.10625 0.496875 0.109375 0.49375 0.1125 0.49375 0.114063 0.492188 0.115625 0.492188 0.115625 0.490625 0.117188 0.489062 0.117188 0.4875 0.11875 0.485938 0.11875 0.48125 0.117188 0.479688 0.117188 0.478125 0.115625 0.476562 0.115625 0.475 0.114063 0.473437 0.114063 0.471875 0.1125 0.470313 0.1125 0.465625 0.114063 0.464063 0.114063 0.4625 0.115625 0.460938 0.115625 0.459375 0.117188 0.457812 0.117188 0.454688 0.11875 0.453125 0.11875 0.445312 0.117188 0.44375 0.117188 0.440625 0.115625 0.439063 0.115625 0.4375 0.114063 0.4375 0.1125 0.435937 0.10625 0.435937 0.104687 0.4375 0.101562 0.4375 0.1 0.435937 0.096875 0.435937 0.09375 0.432813 0.09375 0.43125 0.0921875 0.429688 0.0921875 0.426562 0.090625 0.425 0.090625 0.421875 0.0875 0.41875 0.0859375 0.41875 0.084375 0.417188 0.084375 0.415625 0.0828125 0.414062 0.890304
0 0.651563 0.360938 0.646875 0.360938 0.64375 0.364062 0.639063 0.364062 0.6375 0.365625 0.6375 0.370313 0.654688 0.370313 0.654688 0.365625 0.653125 0.364062 0.653125 0.3625 0.651563 0.360938 0.654688 0.35 0.6625 0.35 0.664062 0.348437 0.665625 0.348437 0.667188 0.346875 0.66875 0.346875 0.670313 0.345313 0.673437 0.345313 0.675 0.346875 0.676562 0.346875 0.68125 0.351562 0.68125 0.353125 0.682813 0.354688 0.682813 0.357812 0.684375 0.359375 0.684375 0.3625 0.682813 0.364062 0.682813 0.370313 0.685938 0.370313 0.685938 0.365625 0.69375 0.357812 0.69375 0.354688 0.695312 0.353125 0.695312 0.351562 0.7 0.346875 0.7 0.345313 0.701563 0.34375 0.703125 0.34375 0.704687 0.342187 0.70625 0.342187 0.707812 0.340625 0.715625 0.340625 0.717188 0.342187 0.725 0.342187 0.728125 0.339063 0.728125 0.329688 0.726562 0.328125 0.728125 0.326562 0.729688 0.326562 0.73125 0.325 0.740625 0.325 0.742188 0.323438 0.74375 0.323438 0.746875 0.320312 0.745313 0.31875 0.745313 0.301562 0.74375 0.3 0.74375 0.298438 0.742188 0.296875 0.742188 0.29375 0.740625 0.292188 0.740625 0.289062 0.74375 0.285937 0.74375 0.278125 0.734375 0.26875 0.734375 0.267188 0.732813 0.265625 0.732813 0.264062 0.73125 0.2625 0.729688 0.2625 0.728125 0.260938 0.715625 0.260938 0.707812 0.253125 0.707812 0.246875 0.701563 0.246875 0.701563 0.251563 0.698438 0.254687 0.69375 0.254687 0.692187 0.25625 0.689062 0.25625 0.6875 0.254687 0.684375 0.254687 0.676562 0.2625 0.675 0.2625 0.673437 0.264062 0.657812 0.264062 0.65625 0.265625 0.654688 0.265625 0.654688 0.267188 0.653125 0.26875 0.653125 0.271875 0.648438 0.276563 0.648438 0.284375 0.646875 0.285937 0.645312 0.285937 0.64375 0.2875 0.64375 0.289062 0.640625 0.292188 0.640625 0.29375 0.639063 0.295312 0.639063 0.296875 0.6375 0.298438 0.6375 0.3 0.635938 0.301562 0.628125 0.301562 0.628125 0.309375 0.64375 0.309375 0.648438 0.314063 0.648438 0.315625 0.646875 0.317187 0.646875 0.329688 0.645312 0.33125 0.645312 0.335938 0.646875 0.3375 0.646875 0.339063 0.648438 0.340625 0.648438 0.342187 0.654688 0.348437 0.654688 0.35 0.881493
0 0.420312 0.426562 0.421875 0.428125 0.423438 0.428125 0.425 0.429688 0.432813 0.429688 0.432813 0.421875 0.420312 0.421875 0.420312 0.426562 0.407813 0.435937 0.404687 0.432813 0.389062 0.432813 0.3875 0.43125 0.385938 0.43125 0.382812 0.428125 0.382812 0.421875 0.335938 0.421875 0.335938 0.428125 0.329688 0.434375 0.329688 0.435937 0.326562 0.439063 0.321875 0.439063 0.321875 0.44375 0.326562 0.44375 0.329688 0.446875 0.328125 0.448438 0.328125 0.451562 0.326562 0.453125 0.321875 0.453125 0.321875 0.515625 0.33125 0.515625 0.332812 0.517187 0.339063 0.517187 0.340625 0.51875 0.342187 0.51875 0.34375 0.520312 0.345313 0.520312 0.35 0.525 0.35 0.526563 0.351562 0.528125 0.35625 0.528125 0.357812 0.529688 0.3625 0.529688 0.364062 0.53125 0.376563 0.53125 0.378125 0.529688 0.390625 0.529688 0.392188 0.528125 0.395312 0.528125 0.396875 0.526563 0.398438 0.526563 0.401563 0.523438 0.401563 0.521875 0.407813 0.515625 0.407813 0.514063 0.409375 0.5125 0.409375 0.510938 0.4125 0.507812 0.414062 0.507812 0.41875 0.503125 0.41875 0.5 0.420312 0.498437 0.420312 0.495313 0.421875 0.49375 0.421875 0.490625 0.423438 0.489062 0.423438 0.485938 0.425 0.484375 0.425 0.473437 0.426562 0.471875 0.423438 0.46875 0.423438 0.467187 0.420312 0.464063 0.420312 0.4625 0.417188 0.459375 0.417188 0.457812 0.415625 0.45625 0.415625 0.454688 0.414062 0.453125 0.414062 0.451562 0.410937 0.448438 0.410937 0.446875 0.409375 0.445312 0.409375 0.439063 0.407813 0.4375 0.407813 0.435937 0.879792
0 0.867188 0.234375 0.867188 0.239063 0.860937 0.245312 0.857813 0.245312 0.85625 0.246875 0.85 0.246875 0.848437 0.245312 0.84375 0.245312 0.842188 0.24375 0.8375 0.24375 0.835938 0.242188 0.834375 0.242188 0.832812 0.24375 0.829687 0.24375 0.828125 0.245312 0.826563 0.245312 0.825 0.246875 0.823438 0.246875 0.821875 0.248437 0.815625 0.248437 0.814062 0.25 0.810938 0.25 0.809375 0.251563 0.809375 0.253125 0.807813 0.254687 0.807813 0.257812 0.80625 0.259375 0.80625 0.264062 0.804688 0.265625 0.804688 0.26875 0.803125 0.270312 0.796875 0.270312 0.796875 0.271875 0.807813 0.271875 0.810938 0.275 0.810938 0.276563 0.817187 0.282813 0.817187 0.284375 0.820312 0.2875 0.820312 0.289062 0.821875 0.290625 0.821875 0.29375 0.823438 0.295312 0.823438 0.296875 0.821875 0.298438 0.821875 0.303125 0.823438 0.304688 0.823438 0.307813 0.825 0.309375 0.825 0.317187 0.823438 0.31875 0.823438 0.320312 0.821875 0.321875 0.821875 0.323438 0.81875 0.326562 0.81875 0.328125 0.817187 0.329688 0.815625 0.329688 0.804688 0.340625 0.804688 0.34375 0.801562 0.346875 0.796875 0.346875 0.801562 0.346875 0.807813 0.353125 0.810938 0.353125 0.8125 0.354688 0.815625 0.354688 0.817187 0.35625 0.820312 0.35625 0.821875 0.357812 0.823438 0.35625 0.828125 0.35625 0.829687 0.354688 0.829687 0.353125 0.835938 0.346875 0.8375 0.346875 0.839063 0.345313 0.842188 0.348437 0.842188 0.35 0.84375 0.351562 0.84375 0.353125 0.845312 0.354688 0.845312 0.357812 0.846875 0.359375 0.846875 0.360938 0.85 0.364062 0.85 0.365625 0.851562 0.367188 0.853125 0.367188 0.854688 0.365625 0.85625 0.365625 0.8625 0.359375 0.8625 0.357812 0.864062 0.35625 0.865625 0.35625 0.867188 0.354688 0.867188 0.353125 0.870313 0.35 0.876562 0.35 0.878125 0.351562 0.879687 0.351562 0.882812 0.354688 0.884375 0.354688 0.885938 0.35625 0.904688 0.35625 0.90625 0.357812 0.909375 0.357812 0.910937 0.35625 0.910937 0.354688 0.9125 0.353125 0.9125 0.351562 0.910937 0.35 0.910937 0.345313 0.909375 0.34375 0.909375 0.342187 0.907812 0.340625 0.907812 0.339063 0.903125 0.334375 0.903125 0.33125 0.904688 0.329688 0.904688 0.328125 0.907812 0.325 0.910937 0.325 0.9125 0.323438 0.915625 0.323438 0.917188 0.321875 0.91875 0.321875 0.91875 0.317187 0.917188 0.315625 0.917188 0.3125 0.915625 0.310937 0.915625 0.307813 0.91875 0.304688 0.91875 0.303125 0.928125 0.29375 0.928125 0.292188 0.929688 0.290625 0.929688 0.289062 0.93125 0.2875 0.93125 0.271875 0.929688 0.270312 0.929688 0.26875 0.928125 0.267188 0.928125 0.265625 0.926562 0.264062 0.926562 0.2625 0.923437 0.259375 0.923437 0.257812 0.921875 0.257812 0.920313 0.25625 0.91875 0.25625 0.917188 0.254687 0.915625 0.254687 0.914062 0.253125 0.9125 0.253125 0.907812 0.248437 0.90625 0.248437 0.903125 0.245312 0.903125 0.24375 0.901563 0.242188 0.901563 0.240625 0.9 0.239063 0.9 0.234375 0.877434
0 0.0109375 0.246875 0.0109375 0.251563 0.00625 0.25625 0.0046875 0.25625 0.003125 0.257812 0 0.257812 0 0.339063 0.003125 0.339063 0.0046875 0.3375 0.00625 0.3375 0.0078125 0.335938 0.0109375 0.335938 0.0125 0.334375 0.0171875 0.334375 0.01875 0.335938 0.0265625 0.335938 0.028125 0.3375 0.03125 0.3375 0.0328125 0.339063 0.0359375 0.339063 0.0375 0.340625 0.053125 0.340625 0.065625 0.328125 0.0671875 0.328125 0.0734375 0.321875 0.0734375 0.317187 0.071875 0.315625 0.071875 0.314063 0.0734375 0.3125 0.0734375 0.304688 0.075 0.303125 0.0703125 0.298438 0.0703125 0.296875 0.065625 0.292188 0.065625 0.284375 0.0671875 0.282813 0.0671875 0.28125 0.06875 0.279687 0.06875 0.273438 0.0671875 0.271875 0.0671875 0.270312 0.0640625 0.267188 0.0625 0.267188 0.0609375 0.265625 0.0609375 0.264062 0.0578125 0.260938 0.0578125 0.259375 0.0546875 0.25625 0.0546875 0.254687 0.053125 0.254687 0.0515625 0.253125 0.05 0.253125 0.0484375 0.254687 0.0375 0.254687 0.034375 0.251563 0.034375 0.246875 0.875084
0 0.0140625 0.328125 0.0140625 0.334375 0.009375 0.339063 0 0.339063 0 0.445312 0.003125 0.445312 0.003125 0.440625 0.0046875 0.439063 0.0046875 0.4375 0.00625 0.435937 0.0078125 0.435937 0.009375 0.434375 0.015625 0.434375 0.0171875 0.432813 0.0203125 0.432813 0.021875 0.43125 0.0234375 0.43125 0.025 0.429688 0.0265625 0.429688 0.028125 0.428125 0.0296875 0.429688 0.0359375 0.429688 0.0375 0.43125 0.040625 0.43125 0.0421875 0.429688 0.04375 0.429688 0.0515625 0.421875 0.053125 0.421875 0.0546875 0.420312 0.0625 0.420312 0.0640625 0.41875 0.0765625 0.41875 0.078125 0.417188 0.078125 0.404687 0.0765625 0.403125 0.0765625 0.39375 0.0796875 0.390625 0.0796875 0.389062 0.08125 0.3875 0.08125 0.384375 0.0828125 0.382812 0.0828125 0.378125 0.08125 0.376563 0.08125 0.360938 0.0828125 0.359375 0.08125 0.357812 0.08125 0.35625 0.078125 0.353125 0.0765625 0.353125 0.075 0.351562 0.0734375 0.351562 0.071875 0.35 0.0703125 0.35 0.06875 0.348437 0.065625 0.348437 0.0640625 0.346875 0.0640625 0.339063 0.0625 0.3375 0.0625 0.335938 0.059375 0.332812 0.059375 0.328125 0.0578125 0.328125 0.0578125 0.332812 0.053125 0.3375 0.0515625 0.3375 0.046875 0.342187 0.0453125 0.342187 0.04375 0.34375 0.0375 0.34375 0.0359375 0.342187 0.034375 0.342187 0.0296875 0.3375 0.0296875 0.335938 0.028125 0.334375 0.028125 0.328125 0.87413
0 0.646875 0.634375 0.646875 0.639063 0.660937 0.639063 0.660937 0.634375 0.659375 0.632812 0.657812 0.632812 0.65625 0.63125 0.65 0.63125 0.646875 0.634375 0.553125 0.60625 0.554688 0.607813 0.554688 0.609375 0.55625 0.610937 0.646875 0.532812 0.653125 0.539062 0.65625 0.539062 0.6625 0.545313 0.6625 0.548437 0.664062 0.55 0.664062 0.553125 0.665625 0.554688 0.665625 0.557813 0.667188 0.559375 0.667188 0.560938 0.66875 0.5625 0.66875 0.567187 0.670313 0.56875 0.559375 0.521875 0.559375 0.515625 0.546875 0.515625 0.546875 0.526563 0.554688 0.526563 0.559375 0.521875 0.670313 0.56875 0.670313 0.582812 0.66875 0.584375 0.66875 0.5875 0.667188 0.589063 0.667188 0.590625 0.657812 0.6 0.657812 0.601562 0.65625 0.603125 0.65625 0.609375 0.654688 0.610937 0.654688 0.6125 0.653125 0.614062 0.642187 0.614062 0.640625 0.6125 0.634375 0.61875 0.634375 0.620313 0.63125 0.623438 0.63125 0.625 0.629687 0.626562 0.629687 0.628125 0.628125 0.629687 0.628125 0.639063 0.626562 0.639063 0.626562 0.632812 0.625 0.63125 0.625 0.629687 0.615625 0.620313 0.614062 0.620313 0.6125 0.621875 0.6125 0.623438 0.609375 0.626562 0.609375 0.628125 0.60625 0.628125 0.604688 0.629687 0.601562 0.629687 0.6 0.628125 0.598437 0.628125 0.589063 0.61875 0.5875 0.61875 0.584375 0.615625 0.582812 0.615625 0.579687 0.6125 0.578125 0.6125 0.576563 0.610937 0.573438 0.610937 0.571875 0.609375 0.570312 0.609375 0.56875 0.607813 0.56875 0.60625 0.567187 0.604688 0.567187 0.603125 0.565625 0.601562 0.565625 0.6 0.564062 0.598437 0.564062 0.590625 0.5625 0.589063 0.5625 0.585938 0.560938 0.584375 0.560938 0.582812 0.559375 0.58125 0.55625 0.584375 0.55625 0.5875 0.554688 0.589063 0.554688 0.590625 0.553125 0.592188 0.553125 0.595312 0.546875 0.595312 0.546875 0.551562 0.553125 0.551562 0.554688 0.553125 0.559375 0.553125 0.560938 0.551562 0.560938 0.55 0.5625 0.548437 0.5625 0.54375 0.560938 0.542188 0.560938 0.5375 0.5625 0.535937 0.5625 0.529688 0.564062 0.528125 0.565625 0.528125 0.567187 0.526563 0.576563 0.526563 0.578125 0.528125 0.58125 0.528125 0.582812 0.529688 0.5875 0.525 0.5875 0.523438 0.589063 0.523438 0.590625 0.521875 0.590625 0.515625 0.6125 0.515625 0.6125 0.520312 0.614062 0.521875 0.615625 0.521875 0.617188 0.520312 0.617188 0.515625 0.64375 0.515625 0.64375 0.521875 0.645312 0.523438 0.645312 0.526563 0.646875 0.528125 0.646875 0.532812 0.55625 0.610937 0.55625 0.6125 0.557813 0.614062 0.55625 0.615625 0.546875 0.615625 0.546875 0.60625 0.553125 0.60625 0.874121
0 0.389062 0.714063 0.390625 0.715625 0.395312 0.715625 0.395312 0.709375 0.390625 0.709375 0.389062 0.710938 0.389062 0.714063 0.376563 0.714063 0.373437 0.710938 0.373437 0.709375 0.371875 0.707812 0.371875 0.703125 0.373437 0.701563 0.373437 0.7 0.376563 0.696875 0.376563 0.68125 0.382812 0.675 0.384375 0.675 0.385938 0.673437 0.3875 0.673437 0.389062 0.671875 0.389062 0.670313 0.376563 0.657812 0.375 0.657812 0.370313 0.653125 0.370313 0.645312 0.36875 0.64375 0.36875 0.6375 0.364062 0.632812 0.359375 0.632812 0.357812 0.63125 0.35625 0.632812 0.351562 0.632812 0.348437 0.629687 0.346875 0.629687 0.345313 0.628125 0.34375 0.628125 0.342187 0.626562 0.3375 0.626562 0.335938 0.628125 0.323438 0.628125 0.321875 0.626562 0.317187 0.626562 0.315625 0.625 0.3125 0.628125 0.3 0.628125 0.298438 0.629687 0.284375 0.629687 0.282813 0.63125 0.275 0.63125 0.273438 0.632812 0.270312 0.632812 0.267188 0.635938 0.267188 0.639063 0.265625 0.640625 0.265625 0.64375 0.264062 0.645312 0.264062 0.65 0.260938 0.653125 0.257812 0.653125 0.25625 0.651563 0.25625 0.65 0.253125 0.646875 0.253125 0.642187 0.251563 0.640625 0.246875 0.640625 0.246875 0.671875 0.251563 0.671875 0.254687 0.675 0.254687 0.676562 0.25625 0.678125 0.25625 0.70625 0.257812 0.707812 0.257812 0.709375 0.26875 0.720312 0.26875 0.728125 0.270312 0.729688 0.270312 0.73125 0.271875 0.732813 0.271875 0.734375 0.273438 0.735937 0.273438 0.7375 0.276563 0.740625 0.279687 0.740625 0.28125 0.739062 0.301562 0.739062 0.303125 0.7375 0.304688 0.7375 0.30625 0.735937 0.307813 0.735937 0.309375 0.734375 0.310937 0.734375 0.3125 0.735937 0.317187 0.735937 0.31875 0.7375 0.3375 0.7375 0.339063 0.739062 0.346875 0.739062 0.353125 0.732813 0.354688 0.732813 0.35625 0.73125 0.357812 0.73125 0.360938 0.728125 0.364062 0.728125 0.365625 0.726562 0.370313 0.726562 0.371875 0.725 0.373437 0.725 0.373437 0.723437 0.376563 0.720312 0.376563 0.714063 0.873013
0 0.507812 0.7125 0.501562 0.7125 0.5 0.714063 0.5 0.715625 0.507812 0.715625 0.507812 0.7125 0.501562 0.629687 0.5 0.628125 0.49375 0.653125 0.48125 0.653125 0.479688 0.654688 0.476562 0.654688 0.475 0.65625 0.473437 0.65625 0.471875 0.657812 0.470313 0.657812 0.46875 0.659375 0.467187 0.659375 0.465625 0.660937 0.460938 0.660937 0.459375 0.6625 0.457812 0.6625 0.45625 0.660937 0.454688 0.660937 0.45 0.65625 0.45 0.654688 0.448438 0.653125 0.448438 0.651563 0.453125 0.646875 0.453125 0.645312 0.45625 0.642187 0.45625 0.640625 0.457812 0.639063 0.457812 0.63125 0.453125 0.626562 0.453125 0.625 0.45 0.621875 0.45 0.615625 0.43125 0.615625 0.43125 0.626562 0.428125 0.629687 0.428125 0.63125 0.426562 0.632812 0.426562 0.634375 0.421875 0.639063 0.414062 0.639063 0.4125 0.6375 0.410937 0.6375 0.40625 0.632812 0.40625 0.63125 0.404687 0.629687 0.404687 0.625 0.40625 0.623438 0.40625 0.615625 0.396875 0.615625 0.396875 0.635938 0.395312 0.6375 0.395312 0.646875 0.398438 0.65 0.4 0.65 0.404687 0.654688 0.404687 0.65625 0.40625 0.657812 0.404687 0.659375 0.404687 0.6625 0.403125 0.664062 0.403125 0.665625 0.401563 0.667188 0.4 0.667188 0.398438 0.66875 0.396875 0.66875 0.395312 0.670313 0.389062 0.670313 0.382812 0.664062 0.38125 0.664062 0.378125 0.660937 0.376563 0.660937 0.375 0.659375 0.365625 0.659375 0.365625 0.728125 0.370313 0.728125 0.371875 0.726562 0.373437 0.726562 0.375 0.725 0.375 0.723437 0.376563 0.721875 0.378125 0.721875 0.379687 0.720312 0.38125 0.720312 0.382812 0.71875 0.384375 0.71875 0.385938 0.720312 0.385938 0.721875 0.3875 0.723437 0.3875 0.726562 0.389062 0.728125 0.389062 0.729688 0.392188 0.732813 0.392188 0.734375 0.390625 0.735937 0.390625 0.742188 0.389062 0.74375 0.389062 0.75 0.390625 0.751562 0.390625 0.754687 0.396875 0.754687 0.398438 0.753125 0.4 0.753125 0.401563 0.751562 0.403125 0.751562 0.404687 0.75 0.40625 0.75 0.407813 0.748438 0.4125 0.748438 0.414062 0.746875 0.417188 0.746875 0.420312 0.74375 0.420312 0.742188 0.421875 0.740625 0.423438 0.740625 0.426562 0.7375 0.434375 0.7375 0.435937 0.739062 0.442187 0.739062 0.44375 0.7375 0.448438 0.7375 0.45 0.735937 0.4625 0.735937 0.465625 0.732813 0.465625 0.729688 0.470313 0.725 0.471875 0.725 0.473437 0.723437 0.476562 0.723437 0.478125 0.721875 0.479688 0.723437 0.482812 0.723437 0.484375 0.725 0.485938 0.723437 0.489062 0.723437 0.489062 0.71875 0.4875 0.717188 0.4875 0.715625 0.485938 0.714063 0.482812 0.714063 0.48125 0.7125 0.478125 0.7125 0.476562 0.710938 0.476562 0.709375 0.475 0.707812 0.475 0.7 0.478125 0.696875 0.484375 0.696875 0.485938 0.695312 0.496875 0.695312 0.498437 0.696875 0.5 0.696875 0.503125 0.7 0.507812 0.7 0.507812 0.69375 0.501562 0.69375 0.498437 0.690625 0.498437 0.682813 0.495313 0.682813 0.49375 0.68125 0.489062 0.68125 0.4875 0.679688 0.485938 0.679688 0.484375 0.678125 0.484375 0.671875 0.485938 0.670313 0.485938 0.66875 0.489062 0.665625 0.490625 0.665625 0.490625 0.664062 0.492188 0.6625 0.492188 0.659375 0.49375 0.657812 0.49375 0.653125 0.5 0.628125 0.5 0.615625 0.507812 0.615625 0.507812 0.634375 0.503125 0.634375 0.503125 0.632812 0.501562 0.63125 0.501562 0.629687 0.872852
0 0.0171875 0 0.0171875 0.00625 0.0140625 0.009375 0.009375 0.009375 0.009375 0.0171875 0.0140625 0.0171875 0.015625 0.01875 0.015625 0.028125 0.0140625 0.0296875 0.009375 0.0296875 0.009375 0.0421875 0.015625 0.0421875 0.0171875 0.04375 0.0203125 0.04375 0.021875 0.0453125 0.028125 0.0453125 0.034375 0.0515625 0.034375 0.0546875 0.0359375 0.05625 0.0359375 0.0609375 0.0390625 0.0640625 0.0390625 0.065625 0.0421875 0.06875 0.0421875 0.0703125 0.04375 0.071875 0.04375 0.0765625 0.0453125 0.078125 0.0453125 0.0796875 0.0484375 0.0828125 0.0484375 0.0890625 0.0578125 0.0890625 0.0578125 0.0828125 0.0671875 0.0734375 0.06875 0.0734375 0.0703125 0.071875 0.078125 0.071875 0.0796875 0.0703125 0.0921875 0.0703125 0.09375 0.06875 0.1 0.06875 0.101562 0.0671875 0.103125 0.0671875 0.10625 0.0640625 0.10625 0.0625 0.107813 0.0609375 0.107813 0.059375 0.109375 0.0578125 0.109375 0.05625 0.1125 0.053125 0.1125 0.0453125 0.110937 0.04375 0.110937 0.0390625 0.109375 0.0375 0.109375 0.034375 0.107813 0.0328125 0.107813 0.03125 0.10625 0.0296875 0.10625 0.028125 0.104687 0.0265625 0.104687 0.0234375 0.103125 0.021875 0.103125 0.009375 0.104687 0.0078125 0.107813 0.0078125 0.109375 0.00625 0.110937 0.00625 0.1125 0.0046875 0.114063 0.0046875 0.115625 0.003125 0.121875 0.003125 0.123438 0.0015625 0.132812 0.0015625 0.132812 0 0.872472
0 0.623438 0.628125 0.623438 0.632812 0.621875 0.634375 0.620313 0.634375 0.61875 0.635938 0.614062 0.635938 0.6125 0.6375 0.610937 0.6375 0.60625 0.642187 0.604688 0.642187 0.6 0.646875 0.6 0.65 0.598437 0.651563 0.598437 0.659375 0.595312 0.6625 0.590625 0.6625 0.589063 0.664062 0.585938 0.664062 0.584375 0.665625 0.578125 0.665625 0.578125 0.6875 0.582812 0.6875 0.584375 0.689062 0.585938 0.689062 0.5875 0.690625 0.590625 0.690625 0.59375 0.69375 0.595312 0.69375 0.596875 0.695312 0.596875 0.698438 0.595312 0.7 0.595312 0.701563 0.5875 0.709375 0.585938 0.709375 0.585938 0.710938 0.584375 0.7125 0.584375 0.714063 0.585938 0.715625 0.5875 0.715625 0.59375 0.721875 0.59375 0.723437 0.595312 0.725 0.595312 0.726562 0.596875 0.726562 0.598437 0.728125 0.604688 0.728125 0.607813 0.725 0.610937 0.725 0.6125 0.726562 0.614062 0.726562 0.615625 0.728125 0.615625 0.73125 0.617188 0.732813 0.617188 0.734375 0.626562 0.734375 0.628125 0.732813 0.629687 0.732813 0.63125 0.73125 0.634375 0.73125 0.635938 0.729688 0.645312 0.729688 0.646875 0.728125 0.648438 0.728125 0.65 0.726562 0.651563 0.726562 0.653125 0.725 0.65625 0.725 0.657812 0.723437 0.664062 0.723437 0.665625 0.725 0.678125 0.725 0.682813 0.720312 0.682813 0.71875 0.685938 0.715625 0.685938 0.714063 0.692187 0.707812 0.692187 0.695312 0.690625 0.69375 0.690625 0.692187 0.689062 0.690625 0.689062 0.689062 0.690625 0.6875 0.690625 0.685938 0.69375 0.682813 0.69375 0.679688 0.692187 0.678125 0.692187 0.675 0.690625 0.673437 0.690625 0.670313 0.6875 0.667188 0.6875 0.665625 0.682813 0.660937 0.682813 0.659375 0.679688 0.65625 0.679688 0.654688 0.676562 0.651563 0.676562 0.65 0.675 0.648438 0.675 0.646875 0.671875 0.64375 0.671875 0.642187 0.667188 0.6375 0.667188 0.635938 0.664062 0.632812 0.664062 0.628125 0.645312 0.628125 0.645312 0.632812 0.64375 0.634375 0.642187 0.634375 0.640625 0.635938 0.6375 0.635938 0.635938 0.634375 0.634375 0.634375 0.632812 0.632812 0.632812 0.628125 0.871285
0 0.071875 0.521875 0.071875 0.528125 0.0703125 0.529688 0.0703125 0.534375 0.06875 0.535937 0.06875 0.5375 0.0640625 0.542188 0.053125 0.542188 0.0515625 0.54375 0.046875 0.54375 0.0453125 0.542188 0.034375 0.542188 0.03125 0.545313 0.03125 0.554688 0.0328125 0.55625 0.0328125 0.559375 0.034375 0.560938 0.034375 0.5625 0.0359375 0.564062 0.0359375 0.567187 0.0375 0.56875 0.0375 0.571875 0.0421875 0.576563 0.0421875 0.579687 0.04375 0.58125 0.04375 0.584375 0.0421875 0.585938 0.0421875 0.5875 0.0375 0.592188 0.0359375 0.592188 0.034375 0.59375 0.0296875 0.59375 0.028125 0.595312 0.0234375 0.595312 0.0234375 0.596875 0.028125 0.601562 0.0296875 0.601562 0.03125 0.603125 0.034375 0.603125 0.040625 0.609375 0.040625 0.6125 0.0421875 0.614062 0.0421875 0.61875 0.040625 0.620313 0.040625 0.623438 0.0390625 0.625 0.0390625 0.629687 0.0375 0.63125 0.0375 0.632812 0.0359375 0.634375 0.0359375 0.640625 0.0375 0.642187 0.04375 0.642187 0.05 0.635938 0.0515625 0.635938 0.053125 0.634375 0.0546875 0.634375 0.05625 0.632812 0.0578125 0.632812 0.059375 0.63125 0.06875 0.63125 0.0703125 0.632812 0.071875 0.632812 0.0734375 0.634375 0.0734375 0.639063 0.0765625 0.642187 0.0765625 0.64375 0.078125 0.645312 0.071875 0.651563 0.0703125 0.651563 0.06875 0.653125 0.06875 0.657812 0.139062 0.657812 0.139062 0.653125 0.1375 0.651563 0.135937 0.651563 0.134375 0.65 0.11875 0.65 0.117188 0.651563 0.10625 0.651563 0.104687 0.65 0.103125 0.65 0.101562 0.648438 0.0984375 0.648438 0.0953125 0.645312 0.096875 0.64375 0.103125 0.64375 0.10625 0.640625 0.107813 0.640625 0.114063 0.634375 0.121875 0.634375 0.123438 0.635938 0.125 0.635938 0.126563 0.6375 0.128125 0.6375 0.132812 0.642187 0.140625 0.642187 0.142188 0.640625 0.14375 0.640625 0.14375 0.639063 0.140625 0.635938 0.140625 0.634375 0.1375 0.63125 0.1375 0.629687 0.135937 0.628125 0.135937 0.626562 0.125 0.615625 0.125 0.607813 0.126563 0.60625 0.129688 0.60625 0.13125 0.604688 0.1375 0.604688 0.139062 0.603125 0.140625 0.603125 0.14375 0.6 0.14375 0.598437 0.145313 0.596875 0.139062 0.590625 0.139062 0.582812 0.142188 0.579687 0.142188 0.578125 0.145313 0.575 0.145313 0.573438 0.146875 0.571875 0.146875 0.56875 0.148438 0.567187 0.148438 0.55625 0.146875 0.554688 0.146875 0.553125 0.145313 0.553125 0.14375 0.551562 0.142188 0.551562 0.139062 0.548437 0.139062 0.546875 0.1375 0.545313 0.1375 0.54375 0.135937 0.542188 0.135937 0.540625 0.132812 0.5375 0.125 0.5375 0.123438 0.535937 0.120312 0.535937 0.117188 0.532812 0.115625 0.532812 0.114063 0.53125 0.104687 0.53125 0.103125 0.529688 0.1 0.529688 0.0984375 0.53125 0.0921875 0.53125 0.090625 0.529688 0.0890625 0.529688 0.0859375 0.526563 0.0859375 0.521875 0.871175
0 0.10625 0.003125 0.10625 0.009375 0.114063 0.0171875 0.114063 0.01875 0.117188 0.021875 0.117188 0.028125 0.114063 0.03125 0.114063 0.034375 0.1125 0.0359375 0.1125 0.05 0.114063 0.0515625 0.114063 0.053125 0.11875 0.0578125 0.11875 0.0625 0.120312 0.0640625 0.120312 0.06875 0.121875 0.0703125 0.123438 0.0703125 0.125 0.071875 0.128125 0.071875 0.129688 0.0703125 0.132812 0.0703125 0.134375 0.06875 0.135937 0.06875 0.139062 0.065625 0.140625 0.065625 0.142188 0.0640625 0.14375 0.0640625 0.145313 0.0625 0.15 0.0625 0.151562 0.0609375 0.1625 0.0609375 0.164062 0.059375 0.16875 0.059375 0.170312 0.0578125 0.171875 0.0578125 0.173438 0.059375 0.175 0.059375 0.176563 0.0609375 0.178125 0.0609375 0.179688 0.0625 0.19375 0.0625 0.195312 0.0609375 0.203125 0.0609375 0.20625 0.0578125 0.20625 0.05 0.204688 0.0484375 0.204688 0.0453125 0.203125 0.04375 0.203125 0.0421875 0.2 0.0390625 0.201562 0.0375 0.201562 0.0359375 0.204688 0.0328125 0.207813 0.0328125 0.209375 0.03125 0.210938 0.03125 0.2125 0.0296875 0.214062 0.0296875 0.214062 0.021875 0.2125 0.0203125 0.2125 0.01875 0.204688 0.0109375 0.203125 0.0109375 0.2 0.0078125 0.2 0.003125 0.869036
0 0.0890625 0.709375 0.0890625 0.715625 0.0875 0.717188 0.0859375 0.717188 0.08125 0.721875 0.0796875 0.721875 0.075 0.726562 0.0734375 0.726562 0.0703125 0.729688 0.0703125 0.73125 0.06875 0.732813 0.06875 0.735937 0.071875 0.739062 0.071875 0.740625 0.0734375 0.742188 0.0734375 0.74375 0.075 0.745313 0.075 0.751562 0.0765625 0.753125 0.0765625 0.7625 0.075 0.764063 0.075 0.782812 0.0734375 0.784375 0.0734375 0.7875 0.071875 0.789062 0.071875 0.790625 0.0703125 0.792188 0.0703125 0.79375 0.06875 0.795313 0.06875 0.798437 0.0640625 0.803125 0.059375 0.803125 0.065625 0.803125 0.0671875 0.804688 0.06875 0.804688 0.071875 0.807813 0.0734375 0.807813 0.075 0.809375 0.0765625 0.809375 0.078125 0.810938 0.0859375 0.810938 0.0875 0.8125 0.0890625 0.8125 0.0921875 0.815625 0.0953125 0.815625 0.096875 0.817187 0.101562 0.817187 0.103125 0.81875 0.110937 0.81875 0.1125 0.820312 0.115625 0.820312 0.117188 0.821875 0.132812 0.821875 0.134375 0.820312 0.135937 0.820312 0.1375 0.81875 0.139062 0.81875 0.142188 0.815625 0.142188 0.8125 0.14375 0.810938 0.14375 0.807813 0.146875 0.804688 0.148438 0.804688 0.159375 0.79375 0.159375 0.792188 0.1625 0.789062 0.1625 0.7875 0.167187 0.782812 0.167187 0.78125 0.16875 0.779688 0.16875 0.776563 0.167187 0.775 0.167187 0.770312 0.165625 0.76875 0.165625 0.764063 0.167187 0.7625 0.167187 0.757812 0.164062 0.754687 0.164062 0.753125 0.1625 0.751562 0.164062 0.75 0.164062 0.748438 0.167187 0.745313 0.167187 0.74375 0.16875 0.742188 0.16875 0.740625 0.170312 0.739062 0.16875 0.7375 0.16875 0.734375 0.167187 0.732813 0.165625 0.732813 0.164062 0.73125 0.1625 0.73125 0.160938 0.729688 0.15625 0.729688 0.154687 0.728125 0.153125 0.728125 0.15 0.725 0.15 0.723437 0.146875 0.720312 0.145313 0.720312 0.14375 0.71875 0.139062 0.71875 0.135937 0.721875 0.134375 0.721875 0.132812 0.723437 0.129688 0.723437 0.128125 0.721875 0.126563 0.721875 0.125 0.720312 0.125 0.71875 0.123438 0.717188 0.123438 0.715625 0.121875 0.714063 0.121875 0.709375 0.109375 0.709375 0.109375 0.714063 0.107813 0.715625 0.10625 0.715625 0.104687 0.717188 0.103125 0.717188 0.101562 0.71875 0.1 0.71875 0.0984375 0.717188 0.0953125 0.717188 0.0921875 0.714063 0.0921875 0.709375 0.868373
0 0.270312 0.370313 0.270312 0.376563 0.271875 0.376563 0.271875 0.371875 0.270312 0.370313 0.165625 0.259375 0.3 0.251563 0.301562 0.253125 0.28125 0.278125 0.279687 0.278125 0.276563 0.275 0.275 0.275 0.265625 0.265625 0.259375 0.265625 0.257812 0.264062 0.257812 0.259375 0.25625 0.257812 0.25625 0.25625 0.254687 0.254687 0.240625 0.254687 0.239063 0.25625 0.2375 0.254687 0.232812 0.254687 0.23125 0.253125 0.229687 0.253125 0.228125 0.251563 0.228125 0.246875 0.226562 0.246875 0.226562 0.251563 0.225 0.253125 0.223438 0.253125 0.221875 0.254687 0.217187 0.254687 0.214062 0.257812 0.2 0.257812 0.198437 0.259375 0.196875 0.259375 0.196875 0.267188 0.195312 0.26875 0.195312 0.270312 0.19375 0.271875 0.192188 0.271875 0.190625 0.273438 0.182812 0.273438 0.18125 0.275 0.179688 0.275 0.178125 0.276563 0.176563 0.276563 0.176563 0.278125 0.175 0.279687 0.175 0.285937 0.173438 0.2875 0.173438 0.290625 0.170312 0.29375 0.16875 0.29375 0.167187 0.295312 0.164062 0.295312 0.1625 0.296875 0.159375 0.296875 0.157813 0.298438 0.153125 0.298438 0.153125 0.309375 0.160938 0.309375 0.1625 0.307813 0.167187 0.307813 0.16875 0.30625 0.170312 0.30625 0.173438 0.309375 0.173438 0.315625 0.170312 0.31875 0.16875 0.31875 0.167187 0.320312 0.167187 0.321875 0.165625 0.323438 0.165625 0.325 0.164062 0.326562 0.164062 0.328125 0.165625 0.329688 0.165625 0.33125 0.167187 0.332812 0.167187 0.334375 0.16875 0.334375 0.171875 0.3375 0.175 0.3375 0.176563 0.339063 0.179688 0.339063 0.18125 0.340625 0.182812 0.340625 0.19375 0.351562 0.19375 0.353125 0.196875 0.35625 0.198437 0.35625 0.2 0.354688 0.204688 0.354688 0.20625 0.353125 0.214062 0.353125 0.215625 0.354688 0.221875 0.354688 0.223438 0.35625 0.235938 0.35625 0.2375 0.357812 0.242188 0.357812 0.24375 0.359375 0.254687 0.359375 0.25625 0.357812 0.257812 0.357812 0.257812 0.35625 0.25625 0.354688 0.25625 0.351562 0.253125 0.348437 0.253125 0.346875 0.251563 0.345313 0.251563 0.340625 0.253125 0.339063 0.259375 0.339063 0.260938 0.340625 0.2625 0.340625 0.264062 0.342187 0.273438 0.342187 0.275 0.34375 0.278125 0.34375 0.2875 0.334375 0.2875 0.328125 0.285937 0.326562 0.285937 0.325 0.282813 0.321875 0.282813 0.320312 0.28125 0.31875 0.28125 0.315625 0.279687 0.314063 0.28125 0.3125 0.28125 0.309375 0.285937 0.304688 0.2875 0.304688 0.292188 0.3 0.29375 0.3 0.295312 0.298438 0.295312 0.292188 0.289062 0.285937 0.2875 0.285937 0.284375 0.282813 0.284375 0.28125 0.28125 0.278125 0.301562 0.253125 0.307813 0.253125 0.307813 0.246875 0.3 0.246875 0.3 0.251563 0.165625 0.259375 0.165625 0.259375 0.868275
0 0.228125 0.609375 0.228125 0.614062 0.223438 0.61875 0.223438 0.620313 0.220313 0.623438 0.21875 0.623438 0.214062 0.628125 0.192188 0.628125 0.184375 0.635938 0.175 0.635938 0.173438 0.634375 0.165625 0.634375 0.164062 0.635938 0.1625 0.635938 0.159375 0.639063 0.159375 0.642187 0.160938 0.64375 0.160938 0.648438 0.159375 0.65 0.159375 0.651563 0.157813 0.653125 0.15625 0.653125 0.153125 0.65625 0.146875 0.65625 0.146875 0.665625 0.151562 0.665625 0.159375 0.673437 0.159375 0.675 0.160938 0.676562 0.160938 0.68125 0.1625 0.682813 0.160938 0.684375 0.160938 0.685938 0.157813 0.689062 0.15625 0.689062 0.151562 0.69375 0.146875 0.69375 0.146875 0.703125 0.151562 0.703125 0.153125 0.704687 0.154687 0.704687 0.15625 0.70625 0.157813 0.70625 0.159375 0.707812 0.1625 0.707812 0.164062 0.709375 0.165625 0.709375 0.170312 0.714063 0.170312 0.71875 0.171875 0.720312 0.178125 0.720312 0.179688 0.71875 0.18125 0.71875 0.182812 0.717188 0.1875 0.717188 0.189063 0.715625 0.190625 0.715625 0.195312 0.720312 0.196875 0.720312 0.198437 0.721875 0.214062 0.721875 0.215625 0.723437 0.21875 0.723437 0.220313 0.725 0.223438 0.725 0.225 0.726562 0.229687 0.726562 0.23125 0.728125 0.235938 0.728125 0.2375 0.726562 0.239063 0.726562 0.240625 0.725 0.240625 0.721875 0.248437 0.714063 0.248437 0.7125 0.25 0.710938 0.25 0.709375 0.251563 0.707812 0.251563 0.70625 0.253125 0.704687 0.253125 0.703125 0.25625 0.7 0.25625 0.698438 0.257812 0.696875 0.257812 0.695312 0.259375 0.69375 0.259375 0.685938 0.25625 0.682813 0.254687 0.682813 0.25 0.678125 0.25 0.670313 0.251563 0.66875 0.253125 0.66875 0.254687 0.667188 0.257812 0.667188 0.259375 0.665625 0.260938 0.665625 0.265625 0.660937 0.265625 0.651563 0.264062 0.65 0.264062 0.648438 0.260938 0.645312 0.260938 0.64375 0.259375 0.642187 0.259375 0.639063 0.257812 0.6375 0.253125 0.6375 0.251563 0.635938 0.25 0.635938 0.248437 0.634375 0.246875 0.634375 0.245312 0.632812 0.245312 0.629687 0.24375 0.628125 0.24375 0.620313 0.242188 0.61875 0.242188 0.617188 0.239063 0.614062 0.239063 0.609375 0.868209
0 0.684375 0.5625 0.684375 0.564062 0.682813 0.565625 0.684375 0.567187 0.684375 0.570312 0.678125 0.576563 0.676562 0.576563 0.676562 0.578125 0.679688 0.58125 0.679688 0.582812 0.684375 0.5875 0.685938 0.5875 0.6875 0.589063 0.6875 0.590625 0.689062 0.592188 0.689062 0.596875 0.6875 0.598437 0.6875 0.601562 0.685938 0.603125 0.685938 0.604688 0.682813 0.607813 0.682813 0.609375 0.696875 0.609375 0.701563 0.614062 0.698438 0.617188 0.698438 0.61875 0.696875 0.620313 0.696875 0.621875 0.6875 0.63125 0.6875 0.632812 0.685938 0.634375 0.685938 0.639063 0.689062 0.642187 0.69375 0.642187 0.695312 0.640625 0.696875 0.640625 0.698438 0.639063 0.7 0.639063 0.701563 0.6375 0.703125 0.6375 0.704687 0.635938 0.70625 0.635938 0.707812 0.634375 0.710938 0.634375 0.7125 0.632812 0.717188 0.632812 0.71875 0.63125 0.723437 0.63125 0.725 0.632812 0.74375 0.632812 0.745313 0.634375 0.75 0.634375 0.751562 0.635938 0.753125 0.635938 0.754687 0.6375 0.75625 0.6375 0.757812 0.639063 0.759375 0.639063 0.760938 0.640625 0.765625 0.640625 0.770312 0.645312 0.771875 0.645312 0.771875 0.64375 0.773438 0.642187 0.773438 0.640625 0.776563 0.6375 0.776563 0.635938 0.779688 0.632812 0.78125 0.632812 0.782812 0.63125 0.790625 0.63125 0.792188 0.629687 0.79375 0.629687 0.796875 0.626562 0.796875 0.61875 0.801562 0.614062 0.803125 0.614062 0.804688 0.6125 0.809375 0.6125 0.8125 0.609375 0.8125 0.6 0.810938 0.598437 0.810938 0.596875 0.809375 0.595312 0.809375 0.59375 0.807813 0.592188 0.807813 0.584375 0.809375 0.582812 0.809375 0.5625 0.807813 0.560938 0.807813 0.557813 0.80625 0.55625 0.80625 0.553125 0.803125 0.55 0.801562 0.55 0.8 0.548437 0.798437 0.548437 0.795313 0.545313 0.795313 0.540625 0.79375 0.539062 0.79375 0.535937 0.792188 0.534375 0.7875 0.534375 0.785937 0.535937 0.784375 0.535937 0.782812 0.5375 0.78125 0.5375 0.778125 0.540625 0.776563 0.540625 0.767187 0.53125 0.765625 0.53125 0.764063 0.529688 0.7625 0.53125 0.754687 0.53125 0.753125 0.532812 0.75 0.532812 0.748438 0.534375 0.746875 0.534375 0.745313 0.535937 0.74375 0.535937 0.742188 0.5375 0.740625 0.5375 0.739062 0.539062 0.7375 0.539062 0.735937 0.540625 0.720312 0.540625 0.71875 0.542188 0.715625 0.542188 0.714063 0.54375 0.7125 0.54375 0.703125 0.553125 0.701563 0.553125 0.698438 0.55625 0.696875 0.55625 0.695312 0.557813 0.69375 0.557813 0.690625 0.560938 0.6875 0.560938 0.685938 0.5625 0.684375 0.5625 0.670313 0.542188 0.673437 0.539062 0.673437 0.5375 0.679688 0.53125 0.679688 0.529688 0.68125 0.528125 0.68125 0.526563 0.682813 0.525 0.682813 0.523438 0.685938 0.520312 0.685938 0.515625 0.665625 0.515625 0.665625 0.542188 0.670313 0.542188 0.866459
0 0.1875 0.534375 0.1875 0.540625 0.182812 0.545313 0.178125 0.545313 0.176563 0.546875 0.175 0.546875 0.173438 0.548437 0.170312 0.548437 0.16875 0.55 0.157813 0.55 0.15625 0.551562 0.154687 0.551562 0.153125 0.553125 0.153125 0.559375 0.15625 0.5625 0.15625 0.564062 0.157813 0.565625 0.157813 0.56875 0.159375 0.570312 0.159375 0.571875 0.153125 0.578125 0.15 0.578125 0.148438 0.576563 0.139062 0.576563 0.1375 0.578125 0.1375 0.58125 0.135937 0.582812 0.135937 0.585938 0.134375 0.5875 0.128125 0.5875 0.128125 0.601562 0.1375 0.601562 0.139062 0.603125 0.140625 0.603125 0.14375 0.60625 0.14375 0.607813 0.145313 0.609375 0.145313 0.615625 0.14375 0.617188 0.14375 0.621875 0.146875 0.625 0.148438 0.625 0.15 0.626562 0.154687 0.626562 0.15625 0.625 0.159375 0.625 0.160938 0.623438 0.165625 0.623438 0.167187 0.625 0.16875 0.625 0.170312 0.626562 0.170312 0.634375 0.171875 0.635938 0.171875 0.639063 0.173438 0.640625 0.173438 0.645312 0.185937 0.645312 0.185937 0.640625 0.1875 0.639063 0.19375 0.639063 0.195312 0.640625 0.195312 0.645312 0.20625 0.645312 0.20625 0.6375 0.209375 0.634375 0.210938 0.634375 0.2125 0.632812 0.2125 0.63125 0.214062 0.629687 0.215625 0.63125 0.215625 0.632812 0.217187 0.634375 0.217187 0.635938 0.21875 0.6375 0.21875 0.645312 0.225 0.645312 0.225 0.632812 0.228125 0.629687 0.228125 0.626562 0.234375 0.620313 0.235938 0.620313 0.234375 0.61875 0.234375 0.615625 0.240625 0.609375 0.240625 0.607813 0.246875 0.601562 0.246875 0.6 0.248437 0.598437 0.248437 0.595312 0.2375 0.584375 0.2375 0.560938 0.235938 0.559375 0.235938 0.55625 0.234375 0.554688 0.234375 0.553125 0.232812 0.551562 0.229687 0.551562 0.228125 0.55 0.226562 0.55 0.225 0.551562 0.221875 0.551562 0.220313 0.553125 0.21875 0.553125 0.217187 0.554688 0.214062 0.554688 0.207813 0.548437 0.207813 0.546875 0.20625 0.545313 0.20625 0.542188 0.204688 0.540625 0.204688 0.534375 0.865676
0 0.265625 0.059375 0.264062 0.0609375 0.2625 0.0609375 0.251563 0.071875 0.245312 0.071875 0.24375 0.0734375 0.240625 0.0734375 0.2375 0.0765625 0.2375 0.08125 0.235938 0.0828125 0.235938 0.0859375 0.232812 0.0890625 0.221875 0.0890625 0.221875 0.0984375 0.228125 0.0984375 0.229687 0.1 0.229687 0.101562 0.23125 0.103125 0.23125 0.104687 0.232812 0.10625 0.232812 0.107813 0.234375 0.109375 0.234375 0.115625 0.228125 0.121875 0.228125 0.125 0.226562 0.126563 0.221875 0.126563 0.221875 0.13125 0.226562 0.13125 0.228125 0.132812 0.228125 0.134375 0.23125 0.1375 0.23125 0.140625 0.229687 0.142188 0.229687 0.14375 0.226562 0.146875 0.221875 0.146875 0.221875 0.153125 0.228125 0.153125 0.229687 0.154687 0.229687 0.15625 0.23125 0.157813 0.232812 0.157813 0.246875 0.171875 0.254687 0.171875 0.25625 0.170312 0.259375 0.170312 0.260938 0.16875 0.2625 0.16875 0.264062 0.167187 0.26875 0.167187 0.270312 0.16875 0.279687 0.16875 0.28125 0.167187 0.282813 0.167187 0.285937 0.164062 0.2875 0.164062 0.289062 0.1625 0.290625 0.1625 0.292188 0.160938 0.295312 0.160938 0.296875 0.159375 0.3 0.159375 0.301562 0.160938 0.304688 0.160938 0.30625 0.1625 0.309375 0.1625 0.310937 0.164062 0.314063 0.164062 0.315625 0.165625 0.325 0.165625 0.328125 0.1625 0.328125 0.160938 0.329688 0.159375 0.329688 0.154687 0.33125 0.153125 0.33125 0.135937 0.335938 0.13125 0.3375 0.13125 0.339063 0.129688 0.345313 0.129688 0.345313 0.114063 0.340625 0.114063 0.332812 0.10625 0.332812 0.1 0.334375 0.0984375 0.334375 0.0890625 0.332812 0.0875 0.332812 0.0859375 0.33125 0.084375 0.329688 0.084375 0.328125 0.0828125 0.328125 0.08125 0.323438 0.0765625 0.321875 0.0765625 0.315625 0.0703125 0.314063 0.0703125 0.3125 0.06875 0.310937 0.06875 0.309375 0.0671875 0.296875 0.0671875 0.289062 0.059375 0.273438 0.059375 0.271875 0.0609375 0.26875 0.0609375 0.267188 0.059375 0.865412
0 0.145313 0.735937 0.142188 0.739062 0.142188 0.745313 0.159375 0.745313 0.159375 0.740625 0.15625 0.7375 0.15 0.7375 0.148438 0.735937 0.145313 0.735937 0.139062 0.725 0.140625 0.723437 0.140625 0.715625 0.142188 0.714063 0.142188 0.7125 0.145313 0.709375 0.145313 0.707812 0.148438 0.704687 0.148438 0.698438 0.15 0.696875 0.15 0.695312 0.15625 0.689062 0.15625 0.6875 0.159375 0.684375 0.159375 0.68125 0.160938 0.679688 0.160938 0.676562 0.157813 0.673437 0.157813 0.671875 0.151562 0.665625 0.151562 0.664062 0.15 0.6625 0.15 0.654688 0.151562 0.653125 0.151562 0.646875 0.15 0.645312 0.15 0.639063 0.146875 0.635938 0.14375 0.635938 0.142188 0.634375 0.140625 0.634375 0.139062 0.632812 0.132812 0.632812 0.13125 0.634375 0.107813 0.634375 0.103125 0.629687 0.103125 0.621875 0.0875 0.621875 0.0875 0.626562 0.084375 0.629687 0.0828125 0.629687 0.08125 0.63125 0.0796875 0.63125 0.078125 0.632812 0.0640625 0.632812 0.0625 0.634375 0.0578125 0.634375 0.05625 0.635938 0.053125 0.635938 0.0515625 0.6375 0.0375 0.6375 0.0359375 0.639063 0.034375 0.639063 0.034375 0.65 0.0359375 0.651563 0.0359375 0.667188 0.034375 0.66875 0.034375 0.685938 0.0328125 0.6875 0.0328125 0.689062 0.03125 0.690625 0.0328125 0.692187 0.0328125 0.695312 0.0359375 0.698438 0.0359375 0.7 0.0390625 0.703125 0.0390625 0.710938 0.040625 0.7125 0.046875 0.7125 0.0484375 0.710938 0.053125 0.710938 0.0546875 0.7125 0.05625 0.7125 0.0609375 0.717188 0.0609375 0.71875 0.0625 0.71875 0.0671875 0.723437 0.0671875 0.725 0.0703125 0.728125 0.0734375 0.728125 0.0765625 0.725 0.0796875 0.725 0.08125 0.726562 0.0828125 0.726562 0.084375 0.728125 0.0921875 0.728125 0.0953125 0.725 0.096875 0.725 0.0984375 0.723437 0.1 0.723437 0.101562 0.721875 0.10625 0.721875 0.107813 0.720312 0.121875 0.720312 0.123438 0.721875 0.126563 0.721875 0.128125 0.723437 0.13125 0.723437 0.132812 0.725 0.139062 0.725 0.86472
0 0.0578125 0.0859375 0.0546875 0.0890625 0.0546875 0.09375 0.053125 0.0953125 0.053125 0.096875 0.0546875 0.0984375 0.0546875 0.103125 0.0515625 0.10625 0.0515625 0.107813 0.0453125 0.114063 0.040625 0.114063 0.040625 0.128125 0.046875 0.128125 0.0484375 0.129688 0.05 0.129688 0.0515625 0.13125 0.053125 0.13125 0.0546875 0.132812 0.0546875 0.140625 0.053125 0.142188 0.053125 0.148438 0.05625 0.151562 0.05625 0.153125 0.0578125 0.153125 0.059375 0.154687 0.0640625 0.154687 0.065625 0.15625 0.084375 0.15625 0.0859375 0.157813 0.0859375 0.159375 0.0875 0.160938 0.0875 0.1625 0.0890625 0.164062 0.0890625 0.170312 0.096875 0.170312 0.096875 0.165625 0.0984375 0.164062 0.1 0.164062 0.101562 0.1625 0.103125 0.1625 0.109375 0.15625 0.1125 0.15625 0.117188 0.151562 0.11875 0.151562 0.125 0.145313 0.125 0.1375 0.123438 0.135937 0.123438 0.120312 0.121875 0.11875 0.121875 0.114063 0.123438 0.1125 0.123438 0.110937 0.125 0.109375 0.125 0.096875 0.126563 0.0953125 0.126563 0.0875 0.128125 0.0859375 0.128125 0.084375 0.120312 0.0765625 0.11875 0.0765625 0.117188 0.075 0.115625 0.075 0.114063 0.0734375 0.110937 0.0734375 0.107813 0.0703125 0.107813 0.065625 0.071875 0.065625 0.071875 0.0703125 0.06875 0.0734375 0.06875 0.075 0.0671875 0.0765625 0.0671875 0.078125 0.059375 0.0859375 0.0578125 0.0859375 0.053125 0.078125 0.0546875 0.0765625 0.0546875 0.075 0.059375 0.0703125 0.059375 0.065625 0.05 0.065625 0.05 0.0734375 0.0515625 0.075 0.0515625 0.078125 0.053125 0.078125 0.864418
0 0.8125 0.721875 0.8125 0.726562 0.810938 0.728125 0.809375 0.728125 0.807813 0.729688 0.803125 0.729688 0.801562 0.73125 0.798437 0.73125 0.796875 0.732813 0.790625 0.732813 0.789062 0.734375 0.7875 0.734375 0.785937 0.735937 0.78125 0.735937 0.779688 0.734375 0.770312 0.734375 0.767187 0.7375 0.765625 0.7375 0.765625 0.739062 0.764063 0.740625 0.764063 0.742188 0.760938 0.745313 0.760938 0.746875 0.759375 0.748438 0.759375 0.75 0.75625 0.753125 0.75625 0.75625 0.754687 0.757812 0.754687 0.760938 0.75 0.765625 0.748438 0.765625 0.746875 0.767187 0.74375 0.767187 0.742188 0.76875 0.740625 0.76875 0.739062 0.770312 0.734375 0.770312 0.734375 0.778125 0.74375 0.778125 0.745313 0.776563 0.746875 0.776563 0.748438 0.778125 0.751562 0.778125 0.753125 0.779688 0.754687 0.779688 0.75625 0.78125 0.757812 0.78125 0.760938 0.784375 0.760938 0.785937 0.7625 0.7875 0.7625 0.790625 0.759375 0.79375 0.759375 0.795313 0.751562 0.803125 0.751562 0.807813 0.753125 0.809375 0.753125 0.8125 0.75625 0.815625 0.757812 0.815625 0.759375 0.817187 0.760938 0.815625 0.778125 0.815625 0.779688 0.817187 0.779688 0.81875 0.7875 0.826563 0.789062 0.826563 0.790625 0.828125 0.795313 0.828125 0.796875 0.829687 0.798437 0.828125 0.81875 0.828125 0.821875 0.825 0.821875 0.821875 0.823438 0.820312 0.823438 0.817187 0.826563 0.814062 0.828125 0.814062 0.829687 0.8125 0.834375 0.8125 0.835938 0.810938 0.8375 0.810938 0.840625 0.807813 0.840625 0.801562 0.842188 0.8 0.842188 0.798437 0.84375 0.796875 0.84375 0.795313 0.845312 0.79375 0.845312 0.792188 0.846875 0.790625 0.846875 0.7875 0.848437 0.785937 0.848437 0.78125 0.846875 0.779688 0.846875 0.76875 0.85 0.765625 0.85 0.764063 0.854688 0.759375 0.854688 0.751562 0.853125 0.75 0.853125 0.748438 0.851562 0.746875 0.851562 0.745313 0.848437 0.742188 0.846875 0.742188 0.845312 0.740625 0.840625 0.740625 0.839063 0.742188 0.834375 0.742188 0.832812 0.740625 0.83125 0.740625 0.829687 0.739062 0.828125 0.739062 0.823438 0.734375 0.823438 0.732813 0.821875 0.73125 0.820312 0.73125 0.81875 0.729688 0.817187 0.729688 0.815625 0.728125 0.815625 0.721875 0.864323
0 0.0296875 0.715625 0.0296875 0.720312 0.025 0.725 0.0234375 0.725 0.021875 0.726562 0.0078125 0.726562 0.00625 0.728125 0.00625 0.729688 0.0046875 0.73125 0.0046875 0.742188 0.0015625 0.745313 0 0.745313 0 0.796875 0.0015625 0.796875 0.003125 0.798437 0.0046875 0.798437 0.00625 0.8 0.0078125 0.8 0.009375 0.801562 0.0125 0.801562 0.0140625 0.803125 0.015625 0.803125 0.0171875 0.804688 0.0203125 0.804688 0.021875 0.80625 0.0234375 0.80625 0.025 0.807813 0.028125 0.807813 0.0296875 0.809375 0.034375 0.809375 0.0359375 0.807813 0.0453125 0.807813 0.046875 0.80625 0.05 0.80625 0.0515625 0.804688 0.053125 0.804688 0.0609375 0.796875 0.0640625 0.796875 0.065625 0.795313 0.0671875 0.795313 0.06875 0.79375 0.06875 0.792188 0.0703125 0.790625 0.0703125 0.782812 0.071875 0.78125 0.071875 0.778125 0.0734375 0.776563 0.0734375 0.775 0.0765625 0.771875 0.0765625 0.767187 0.078125 0.765625 0.078125 0.760938 0.0765625 0.759375 0.0765625 0.754687 0.075 0.753125 0.075 0.751562 0.0734375 0.75 0.0734375 0.740625 0.071875 0.739062 0.071875 0.7375 0.0703125 0.735937 0.0671875 0.735937 0.065625 0.734375 0.059375 0.734375 0.0546875 0.729688 0.0546875 0.728125 0.0515625 0.725 0.0515625 0.723437 0.05 0.721875 0.05 0.715625 0.864007
0 0.6125 0.789062 0.6125 0.7875 0.610937 0.785937 0.610937 0.773438 0.609375 0.771875 0.609375 0.767187 0.607813 0.765625 0.607813 0.764063 0.603125 0.764063 0.603125 0.792188 0.607813 0.792188 0.609375 0.790625 0.610937 0.790625 0.6125 0.789062 0.617188 0.789062 0.61875 0.789062 0.620313 0.790625 0.626562 0.790625 0.628125 0.792188 0.629687 0.792188 0.63125 0.79375 0.632812 0.79375 0.635938 0.796875 0.635938 0.798437 0.6375 0.8 0.6375 0.80625 0.635938 0.807813 0.635938 0.825 0.634375 0.826563 0.634375 0.832812 0.635938 0.834375 0.635938 0.835938 0.639063 0.839063 0.645312 0.839063 0.646875 0.8375 0.648438 0.8375 0.65 0.835938 0.651563 0.835938 0.653125 0.834375 0.659375 0.834375 0.660937 0.835938 0.6625 0.835938 0.664062 0.8375 0.665625 0.8375 0.670313 0.842188 0.670313 0.84375 0.671875 0.845312 0.671875 0.848437 0.676562 0.853125 0.684375 0.853125 0.684375 0.851562 0.685938 0.85 0.685938 0.848437 0.6875 0.846875 0.6875 0.842188 0.689062 0.840625 0.689062 0.839063 0.690625 0.8375 0.690625 0.835938 0.692187 0.834375 0.692187 0.832812 0.695312 0.829687 0.696875 0.829687 0.698438 0.828125 0.703125 0.828125 0.704687 0.829687 0.70625 0.829687 0.707812 0.83125 0.709375 0.83125 0.710938 0.832812 0.721875 0.832812 0.729688 0.825 0.729688 0.823438 0.73125 0.821875 0.73125 0.815625 0.729688 0.814062 0.729688 0.8125 0.726562 0.809375 0.726562 0.80625 0.725 0.804688 0.725 0.801562 0.726562 0.8 0.728125 0.8 0.73125 0.796875 0.734375 0.796875 0.735937 0.795313 0.7375 0.795313 0.739062 0.79375 0.740625 0.79375 0.742188 0.792188 0.74375 0.792188 0.745313 0.790625 0.745313 0.7875 0.74375 0.785937 0.74375 0.784375 0.742188 0.782812 0.742188 0.78125 0.740625 0.779688 0.740625 0.776563 0.734375 0.770312 0.734375 0.767187 0.732813 0.765625 0.732813 0.764063 0.734375 0.7625 0.734375 0.757812 0.735937 0.75625 0.735937 0.745313 0.734375 0.74375 0.729688 0.74375 0.728125 0.742188 0.725 0.742188 0.723437 0.74375 0.721875 0.74375 0.720312 0.742188 0.71875 0.742188 0.715625 0.739062 0.715625 0.7375 0.710938 0.732813 0.704687 0.732813 0.703125 0.734375 0.696875 0.734375 0.690625 0.728125 0.690625 0.726562 0.689062 0.725 0.689062 0.723437 0.6875 0.721875 0.6875 0.715625 0.679688 0.715625 0.679688 0.721875 0.678125 0.723437 0.676562 0.723437 0.673437 0.726562 0.66875 0.726562 0.667188 0.725 0.6625 0.725 0.660937 0.723437 0.654688 0.723437 0.653125 0.725 0.651563 0.725 0.646875 0.729688 0.64375 0.729688 0.642187 0.73125 0.639063 0.73125 0.6375 0.732813 0.635938 0.732813 0.634375 0.734375 0.632812 0.734375 0.63125 0.735937 0.626562 0.735937 0.625 0.7375 0.61875 0.7375 0.617188 0.739062 0.615625 0.739062 0.614062 0.740625 0.614062 0.742188 0.6125 0.74375 0.6125 0.748438 0.614062 0.75 0.614062 0.751562 0.620313 0.757812 0.621875 0.757812 0.623438 0.759375 0.623438 0.760938 0.628125 0.765625 0.626562 0.767187 0.626562 0.76875 0.620313 0.775 0.620313 0.776563 0.61875 0.778125 0.61875 0.7875 0.617188 0.789062 0.862746
0 0.15 0.053125 0.15 0.059375 0.145313 0.0640625 0.145313 0.065625 0.14375 0.0671875 0.14375 0.0703125 0.142188 0.071875 0.142188 0.078125 0.135937 0.084375 0.134375 0.084375 0.128125 0.090625 0.128125 0.09375 0.126563 0.0953125 0.126563 0.096875 0.128125 0.0984375 0.128125 0.104687 0.126563 0.10625 0.126563 0.109375 0.125 0.110937 0.125 0.134375 0.126563 0.135937 0.126563 0.139062 0.128125 0.140625 0.128125 0.142188 0.129688 0.142188 0.13125 0.14375 0.132812 0.14375 0.134375 0.145313 0.142188 0.145313 0.14375 0.146875 0.14375 0.148438 0.145313 0.15 0.145313 0.160938 0.146875 0.1625 0.146875 0.164062 0.148438 0.165625 0.148438 0.16875 0.151562 0.171875 0.153125 0.171875 0.154687 0.173438 0.160938 0.173438 0.1625 0.171875 0.164062 0.171875 0.165625 0.170312 0.167187 0.170312 0.175 0.1625 0.175 0.160938 0.178125 0.157813 0.179688 0.157813 0.18125 0.159375 0.182812 0.159375 0.1875 0.164062 0.189063 0.164062 0.190625 0.165625 0.19375 0.165625 0.195312 0.167187 0.198437 0.167187 0.2 0.165625 0.203125 0.165625 0.204688 0.164062 0.204688 0.153125 0.203125 0.151562 0.203125 0.148438 0.201562 0.146875 0.20625 0.142188 0.209375 0.142188 0.210938 0.140625 0.217187 0.140625 0.21875 0.139062 0.221875 0.139062 0.226562 0.134375 0.226562 0.123438 0.225 0.121875 0.225 0.120312 0.223438 0.11875 0.221875 0.11875 0.21875 0.115625 0.21875 0.110937 0.217187 0.109375 0.221875 0.104687 0.221875 0.103125 0.225 0.1 0.225 0.0984375 0.228125 0.0953125 0.228125 0.09375 0.229687 0.0921875 0.229687 0.090625 0.228125 0.0890625 0.223438 0.0890625 0.221875 0.0875 0.214062 0.0875 0.2125 0.0890625 0.207813 0.0890625 0.20625 0.0875 0.204688 0.0875 0.201562 0.084375 0.201562 0.08125 0.2 0.0796875 0.2 0.0671875 0.196875 0.0640625 0.19375 0.0640625 0.192188 0.065625 0.190625 0.065625 0.189063 0.0671875 0.182812 0.0671875 0.173438 0.0578125 0.173438 0.053125 0.860549
0 0.535937 0.664062 0.535937 0.657812 0.534375 0.65625 0.53125 0.65625 0.529688 0.657812 0.529688 0.664062 0.535937 0.664062 0.582812 0.65 0.582812 0.664062 0.551562 0.664062 0.551562 0.659375 0.553125 0.657812 0.553125 0.65625 0.554688 0.654688 0.554688 0.653125 0.55625 0.653125 0.557813 0.651563 0.573438 0.534375 0.575 0.535937 0.575 0.539062 0.551562 0.548437 0.546875 0.54375 0.545313 0.54375 0.54375 0.542188 0.539062 0.542188 0.5375 0.540625 0.535937 0.540625 0.534375 0.539062 0.534375 0.5375 0.529688 0.532812 0.529688 0.528125 0.521875 0.528125 0.521875 0.532812 0.51875 0.535937 0.517187 0.535937 0.515625 0.5375 0.50625 0.5375 0.504687 0.535937 0.501562 0.535937 0.498437 0.532812 0.498437 0.528125 0.485938 0.528125 0.485938 0.535937 0.482812 0.539062 0.48125 0.539062 0.479688 0.540625 0.473437 0.540625 0.471875 0.542188 0.46875 0.539062 0.46875 0.528125 0.446875 0.528125 0.446875 0.542188 0.465625 0.542188 0.46875 0.545313 0.46875 0.551562 0.470313 0.553125 0.470313 0.55625 0.471875 0.557813 0.471875 0.559375 0.473437 0.560938 0.473437 0.567187 0.471875 0.56875 0.471875 0.570312 0.470313 0.571875 0.470313 0.573438 0.467187 0.576563 0.467187 0.59375 0.465625 0.595312 0.4625 0.595312 0.460938 0.59375 0.459375 0.59375 0.45625 0.590625 0.45625 0.579687 0.457812 0.578125 0.457812 0.570312 0.45625 0.570312 0.454688 0.56875 0.453125 0.56875 0.451562 0.567187 0.446875 0.567187 0.446875 0.626562 0.453125 0.626562 0.454688 0.628125 0.459375 0.628125 0.460938 0.626562 0.464063 0.626562 0.467187 0.629687 0.46875 0.629687 0.473437 0.634375 0.475 0.634375 0.476562 0.635938 0.476562 0.6375 0.478125 0.639063 0.478125 0.642187 0.476562 0.64375 0.476562 0.651563 0.478125 0.653125 0.479688 0.653125 0.48125 0.654688 0.492188 0.654688 0.49375 0.653125 0.5 0.653125 0.501562 0.651563 0.503125 0.651563 0.504687 0.653125 0.510938 0.653125 0.5125 0.654688 0.521875 0.654688 0.523438 0.653125 0.525 0.653125 0.526563 0.651563 0.528125 0.651563 0.529688 0.65 0.53125 0.65 0.532812 0.648438 0.535937 0.648438 0.5375 0.646875 0.542188 0.646875 0.54375 0.645312 0.545313 0.645312 0.546875 0.64375 0.546875 0.642187 0.548437 0.640625 0.548437 0.6375 0.546875 0.635938 0.546875 0.632812 0.545313 0.632812 0.540625 0.628125 0.540625 0.626562 0.539062 0.625 0.539062 0.623438 0.5375 0.621875 0.540625 0.61875 0.54375 0.61875 0.545313 0.617188 0.546875 0.617188 0.548437 0.61875 0.557813 0.61875 0.559375 0.617188 0.564062 0.617188 0.565625 0.615625 0.567187 0.615625 0.56875 0.614062 0.56875 0.609375 0.567187 0.607813 0.567187 0.60625 0.565625 0.604688 0.565625 0.589063 0.567187 0.5875 0.567187 0.585938 0.56875 0.584375 0.56875 0.576563 0.564062 0.571875 0.564062 0.570312 0.5625 0.56875 0.5625 0.565625 0.560938 0.564062 0.560938 0.5625 0.559375 0.560938 0.559375 0.559375 0.55625 0.55625 0.55625 0.554688 0.551562 0.55 0.551562 0.548437 0.575 0.539062 0.573438 0.540625 0.570312 0.540625 0.56875 0.539062 0.56875 0.528125 0.573438 0.528125 0.573438 0.534375 0.557813 0.651563 0.575 0.651563 0.576563 0.65 0.582812 0.65 0.859679
0 0.773438 0.154687 0.771875 0.15625 0.770312 0.15625 0.767187 0.159375 0.767187 0.160938 0.764063 0.164062 0.760938 0.164062 0.759375 0.1625 0.757812 0.1625 0.75625 0.160938 0.754687 0.160938 0.753125 0.159375 0.748438 0.159375 0.746875 0.157813 0.7375 0.167187 0.734375 0.167187 0.732813 0.16875 0.728125 0.16875 0.726562 0.170312 0.725 0.170312 0.720312 0.175 0.720312 0.18125 0.721875 0.182812 0.721875 0.190625 0.720312 0.192188 0.71875 0.192188 0.715625 0.195312 0.714063 0.195312 0.7125 0.196875 0.710938 0.196875 0.710938 0.2 0.709375 0.201562 0.7125 0.204688 0.7125 0.20625 0.714063 0.207813 0.714063 0.215625 0.710938 0.21875 0.709375 0.21875 0.707812 0.220313 0.70625 0.220313 0.703125 0.223438 0.696875 0.223438 0.696875 0.24375 0.701563 0.24375 0.703125 0.245312 0.70625 0.245312 0.707812 0.246875 0.709375 0.246875 0.7125 0.25 0.714063 0.25 0.717188 0.253125 0.71875 0.253125 0.720312 0.254687 0.723437 0.254687 0.725 0.25625 0.7375 0.25625 0.739062 0.254687 0.742188 0.257812 0.742188 0.259375 0.74375 0.260938 0.74375 0.2625 0.745313 0.264062 0.745313 0.267188 0.746875 0.26875 0.746875 0.270312 0.748438 0.270312 0.75 0.271875 0.753125 0.271875 0.75625 0.26875 0.759375 0.26875 0.764063 0.264062 0.764063 0.2625 0.770312 0.25625 0.784375 0.25625 0.785937 0.257812 0.7875 0.257812 0.789062 0.259375 0.796875 0.259375 0.8 0.25625 0.8 0.246875 0.798437 0.245312 0.798437 0.242188 0.796875 0.240625 0.796875 0.239063 0.798437 0.2375 0.798437 0.235938 0.803125 0.23125 0.804688 0.23125 0.814062 0.221875 0.814062 0.2125 0.8125 0.210938 0.8125 0.209375 0.814062 0.207813 0.814062 0.20625 0.817187 0.203125 0.817187 0.201562 0.821875 0.196875 0.821875 0.1875 0.820312 0.185937 0.820312 0.184375 0.814062 0.178125 0.814062 0.176563 0.8125 0.176563 0.809375 0.173438 0.809375 0.171875 0.80625 0.16875 0.80625 0.167187 0.804688 0.165625 0.804688 0.164062 0.801562 0.160938 0.8 0.160938 0.798437 0.159375 0.792188 0.159375 0.790625 0.160938 0.784375 0.160938 0.778125 0.154687 0.859561
0 0.50625 0.621875 0.50625 0.626562 0.507812 0.628125 0.507812 0.63125 0.509375 0.632812 0.509375 0.635938 0.510938 0.6375 0.510938 0.639063 0.5125 0.640625 0.5125 0.645312 0.507812 0.65 0.50625 0.65 0.504687 0.651563 0.501562 0.651563 0.5 0.653125 0.485938 0.653125 0.484375 0.654688 0.482812 0.654688 0.48125 0.65625 0.478125 0.65625 0.476562 0.657812 0.475 0.657812 0.473437 0.659375 0.465625 0.659375 0.465625 0.69375 0.478125 0.69375 0.485938 0.701563 0.485938 0.703125 0.479688 0.709375 0.478125 0.709375 0.473437 0.704687 0.473437 0.703125 0.470313 0.7 0.465625 0.7 0.465625 0.720312 0.48125 0.720312 0.482812 0.721875 0.484375 0.721875 0.485938 0.720312 0.4875 0.720312 0.490625 0.717188 0.492188 0.717188 0.49375 0.715625 0.496875 0.715625 0.503125 0.721875 0.503125 0.723437 0.504687 0.725 0.504687 0.728125 0.510938 0.734375 0.50625 0.739062 0.50625 0.742188 0.504687 0.74375 0.504687 0.745313 0.50625 0.746875 0.509375 0.746875 0.514063 0.742188 0.515625 0.742188 0.51875 0.739062 0.51875 0.7375 0.520312 0.735937 0.520312 0.734375 0.526563 0.728125 0.528125 0.728125 0.53125 0.73125 0.532812 0.73125 0.539062 0.7375 0.540625 0.7375 0.542188 0.739062 0.545313 0.739062 0.546875 0.740625 0.548437 0.739062 0.553125 0.739062 0.55625 0.735937 0.557813 0.735937 0.559375 0.734375 0.5625 0.734375 0.567187 0.729688 0.567187 0.728125 0.56875 0.726562 0.56875 0.717188 0.570312 0.715625 0.570312 0.714063 0.571875 0.7125 0.582812 0.7125 0.584375 0.710938 0.5875 0.710938 0.589063 0.709375 0.589063 0.70625 0.5875 0.70625 0.585938 0.704687 0.584375 0.704687 0.582812 0.703125 0.582812 0.698438 0.58125 0.696875 0.582812 0.695312 0.582812 0.692187 0.584375 0.690625 0.584375 0.685938 0.582812 0.684375 0.582812 0.678125 0.584375 0.676562 0.584375 0.675 0.585938 0.673437 0.585938 0.671875 0.590625 0.667188 0.592188 0.667188 0.59375 0.665625 0.59375 0.664062 0.595312 0.6625 0.595312 0.657812 0.592188 0.654688 0.590625 0.654688 0.585938 0.65 0.585938 0.648438 0.584375 0.646875 0.584375 0.64375 0.578125 0.6375 0.575 0.6375 0.573438 0.635938 0.571875 0.635938 0.570312 0.634375 0.565625 0.634375 0.564062 0.635938 0.560938 0.635938 0.559375 0.6375 0.55625 0.6375 0.553125 0.640625 0.551562 0.640625 0.55 0.639063 0.546875 0.639063 0.545313 0.6375 0.542188 0.6375 0.540625 0.635938 0.539062 0.635938 0.5375 0.6375 0.535937 0.6375 0.534375 0.639063 0.532812 0.639063 0.53125 0.640625 0.528125 0.640625 0.526563 0.642187 0.523438 0.642187 0.521875 0.64375 0.520312 0.64375 0.517187 0.640625 0.517187 0.63125 0.521875 0.626562 0.521875 0.621875 0.858048
0 0.629687 0.520312 0.629687 0.5375 0.63125 0.539062 0.625 0.545313 0.623438 0.545313 0.621875 0.546875 0.621875 0.551562 0.639063 0.551562 0.639063 0.515625 0.632812 0.515625 0.632812 0.517187 0.629687 0.520312 0.615625 0.517187 0.615625 0.5125 0.617188 0.510938 0.617188 0.501562 0.620313 0.498437 0.620313 0.496875 0.621875 0.495313 0.621875 0.485938 0.620313 0.484375 0.620313 0.482812 0.61875 0.48125 0.61875 0.479688 0.617188 0.478125 0.617188 0.45 0.615625 0.448438 0.615625 0.445312 0.61875 0.442187 0.620313 0.442187 0.621875 0.440625 0.625 0.440625 0.626562 0.439063 0.629687 0.439063 0.629687 0.434375 0.517187 0.434375 0.517187 0.440625 0.520312 0.44375 0.520312 0.445312 0.521875 0.446875 0.523438 0.446875 0.525 0.448438 0.525 0.451562 0.526563 0.453125 0.526563 0.454688 0.528125 0.45625 0.528125 0.457812 0.529688 0.459375 0.529688 0.467187 0.526563 0.470313 0.525 0.470313 0.523438 0.471875 0.523438 0.473437 0.521875 0.475 0.521875 0.478125 0.520312 0.479688 0.520312 0.48125 0.51875 0.482812 0.51875 0.484375 0.515625 0.4875 0.509375 0.4875 0.509375 0.514063 0.520312 0.514063 0.525 0.51875 0.525 0.520312 0.528125 0.523438 0.529688 0.523438 0.535937 0.529688 0.5375 0.529688 0.539062 0.53125 0.542188 0.53125 0.545313 0.534375 0.545313 0.5375 0.546875 0.5375 0.548437 0.535937 0.55 0.535937 0.551562 0.534375 0.554688 0.534375 0.55625 0.532812 0.5625 0.532812 0.564062 0.53125 0.565625 0.53125 0.567187 0.532812 0.573438 0.532812 0.575 0.534375 0.578125 0.534375 0.579687 0.532812 0.584375 0.532812 0.5875 0.529688 0.592188 0.529688 0.595312 0.532812 0.596875 0.532812 0.596875 0.53125 0.6 0.528125 0.601562 0.528125 0.60625 0.523438 0.607813 0.523438 0.609375 0.521875 0.6125 0.521875 0.614062 0.520312 0.614062 0.51875 0.615625 0.517187 0.856558
0 0.907812 0.046875 0.907812 0.053125 0.90625 0.0546875 0.90625 0.05625 0.904688 0.0578125 0.904688 0.059375 0.898438 0.065625 0.8875 0.065625 0.885938 0.0671875 0.875 0.0671875 0.873438 0.065625 0.870313 0.065625 0.86875 0.0671875 0.867188 0.0671875 0.864062 0.0703125 0.864062 0.075 0.8625 0.0765625 0.8625 0.078125 0.865625 0.08125 0.865625 0.0828125 0.867188 0.084375 0.867188 0.0890625 0.86875 0.090625 0.86875 0.0953125 0.870313 0.096875 0.870313 0.109375 0.86875 0.110937 0.86875 0.115625 0.865625 0.11875 0.865625 0.120312 0.8625 0.123438 0.8625 0.125 0.860937 0.126563 0.860937 0.128125 0.859375 0.129688 0.853125 0.129688 0.853125 0.142188 0.860937 0.142188 0.8625 0.14375 0.871875 0.14375 0.873438 0.145313 0.873438 0.148438 0.870313 0.151562 0.870313 0.157813 0.871875 0.159375 0.875 0.159375 0.876562 0.160938 0.878125 0.160938 0.88125 0.164062 0.882812 0.164062 0.884375 0.165625 0.885938 0.165625 0.8875 0.167187 0.89375 0.167187 0.895312 0.16875 0.909375 0.16875 0.910937 0.167187 0.9125 0.167187 0.917188 0.1625 0.917188 0.160938 0.920313 0.157813 0.921875 0.157813 0.923437 0.159375 0.925 0.159375 0.926562 0.160938 0.928125 0.160938 0.929688 0.1625 0.93125 0.1625 0.934375 0.165625 0.935938 0.164062 0.9375 0.164062 0.940625 0.160938 0.940625 0.159375 0.942187 0.157813 0.942187 0.15625 0.94375 0.154687 0.94375 0.151562 0.945312 0.15 0.945312 0.146875 0.946875 0.145313 0.946875 0.140625 0.948438 0.139062 0.948438 0.1375 0.953125 0.132812 0.953125 0.129688 0.954687 0.128125 0.954687 0.125 0.95625 0.123438 0.95625 0.121875 0.957812 0.120312 0.957812 0.114063 0.959375 0.1125 0.959375 0.101562 0.960938 0.1 0.960938 0.0953125 0.9625 0.09375 0.9625 0.0875 0.960938 0.0859375 0.960938 0.084375 0.953125 0.0765625 0.953125 0.0703125 0.954687 0.06875 0.954687 0.065625 0.95625 0.0640625 0.954687 0.0625 0.954687 0.059375 0.953125 0.0578125 0.945312 0.0578125 0.94375 0.059375 0.935938 0.059375 0.934375 0.0609375 0.928125 0.0609375 0.923437 0.05625 0.923437 0.0546875 0.921875 0.053125 0.921875 0.046875 0.853961
0 0.084375 0.253125 0.0828125 0.254687 0.0796875 0.254687 0.0765625 0.257812 0.075 0.257812 0.071875 0.260938 0.071875 0.2625 0.0703125 0.264062 0.0703125 0.271875 0.06875 0.273438 0.06875 0.278125 0.065625 0.28125 0.065625 0.282813 0.0640625 0.284375 0.0640625 0.2875 0.0625 0.289062 0.0640625 0.290625 0.0640625 0.292188 0.0671875 0.295312 0.0671875 0.296875 0.0703125 0.3 0.0703125 0.301562 0.071875 0.303125 0.071875 0.309375 0.0703125 0.310937 0.0703125 0.3125 0.06875 0.314063 0.06875 0.315625 0.0640625 0.320312 0.0640625 0.321875 0.075 0.332812 0.075 0.334375 0.0734375 0.335938 0.0734375 0.339063 0.071875 0.340625 0.071875 0.34375 0.0703125 0.345313 0.071875 0.346875 0.071875 0.348437 0.0734375 0.348437 0.0765625 0.351562 0.0859375 0.351562 0.0875 0.35 0.0890625 0.35 0.090625 0.348437 0.0921875 0.348437 0.09375 0.346875 0.0953125 0.346875 0.096875 0.345313 0.1 0.345313 0.101562 0.34375 0.104687 0.34375 0.10625 0.345313 0.107813 0.345313 0.109375 0.346875 0.114063 0.346875 0.115625 0.348437 0.120312 0.348437 0.121875 0.346875 0.123438 0.346875 0.129688 0.340625 0.129688 0.339063 0.13125 0.3375 0.14375 0.3375 0.145313 0.339063 0.157813 0.339063 0.159375 0.3375 0.160938 0.3375 0.164062 0.334375 0.164062 0.329688 0.1625 0.328125 0.1625 0.323438 0.160938 0.321875 0.160938 0.314063 0.165625 0.309375 0.16875 0.309375 0.171875 0.30625 0.171875 0.304688 0.175 0.301562 0.173438 0.3 0.173438 0.298438 0.171875 0.296875 0.164062 0.296875 0.1625 0.295312 0.1625 0.29375 0.160938 0.292188 0.160938 0.2875 0.1625 0.285937 0.1625 0.282813 0.164062 0.28125 0.164062 0.279687 0.165625 0.278125 0.165625 0.276563 0.167187 0.275 0.167187 0.273438 0.170312 0.270312 0.170312 0.265625 0.171875 0.264062 0.171875 0.253125 0.170312 0.251563 0.167187 0.251563 0.165625 0.253125 0.164062 0.253125 0.1625 0.254687 0.160938 0.254687 0.157813 0.257812 0.151562 0.257812 0.140625 0.246875 0.140625 0.240625 0.125 0.240625 0.125 0.245312 0.121875 0.248437 0.11875 0.248437 0.117188 0.246875 0.117188 0.240625 0.0984375 0.240625 0.0984375 0.251563 0.096875 0.253125 0.084375 0.253125 0.08125 0.246875 0.08125 0.240625 0.053125 0.240625 0.053125 0.248437 0.0640625 0.248437 0.065625 0.246875 0.08125 0.246875 0.852866
0 0.589063 0.240625 0.585938 0.24375 0.576563 0.24375 0.575 0.245312 0.575 0.246875 0.573438 0.248437 0.573438 0.251563 0.571875 0.253125 0.559375 0.253125 0.557813 0.254687 0.557813 0.259375 0.55625 0.260938 0.55625 0.264062 0.554688 0.265625 0.554688 0.267188 0.55 0.271875 0.548437 0.271875 0.546875 0.273438 0.546875 0.276563 0.545313 0.278125 0.545313 0.279687 0.54375 0.28125 0.542188 0.28125 0.540625 0.282813 0.528125 0.282813 0.526563 0.284375 0.521875 0.284375 0.529688 0.284375 0.532812 0.2875 0.532812 0.289062 0.534375 0.290625 0.534375 0.296875 0.535937 0.298438 0.535937 0.304688 0.532812 0.307813 0.529688 0.307813 0.528125 0.309375 0.528125 0.3125 0.526563 0.314063 0.526563 0.315625 0.525 0.317187 0.525 0.321875 0.526563 0.323438 0.526563 0.325 0.528125 0.326562 0.528125 0.328125 0.529688 0.329688 0.529688 0.334375 0.53125 0.335938 0.53125 0.339063 0.534375 0.342187 0.535937 0.340625 0.54375 0.340625 0.545313 0.339063 0.546875 0.340625 0.548437 0.340625 0.551562 0.34375 0.553125 0.34375 0.554688 0.345313 0.55625 0.345313 0.557813 0.346875 0.557813 0.348437 0.559375 0.348437 0.560938 0.35 0.564062 0.35 0.565625 0.348437 0.567187 0.348437 0.567187 0.346875 0.570312 0.34375 0.571875 0.34375 0.578125 0.3375 0.58125 0.340625 0.58125 0.342187 0.584375 0.345313 0.585938 0.345313 0.5875 0.346875 0.589063 0.346875 0.590625 0.348437 0.592188 0.346875 0.596875 0.346875 0.598437 0.348437 0.604688 0.348437 0.60625 0.346875 0.607813 0.346875 0.607813 0.332812 0.609375 0.33125 0.610937 0.332812 0.617188 0.332812 0.61875 0.334375 0.621875 0.334375 0.623438 0.335938 0.625 0.335938 0.628125 0.339063 0.634375 0.339063 0.635938 0.340625 0.639063 0.340625 0.640625 0.339063 0.640625 0.3375 0.642187 0.335938 0.642187 0.33125 0.640625 0.329688 0.640625 0.328125 0.639063 0.326562 0.639063 0.3125 0.6375 0.310937 0.6375 0.309375 0.635938 0.307813 0.635938 0.304688 0.634375 0.303125 0.635938 0.301562 0.635938 0.3 0.640625 0.295312 0.640625 0.29375 0.646875 0.2875 0.646875 0.285937 0.648438 0.284375 0.65 0.284375 0.65 0.278125 0.648438 0.276563 0.64375 0.276563 0.642187 0.275 0.639063 0.275 0.6375 0.273438 0.634375 0.273438 0.632812 0.271875 0.632812 0.270312 0.63125 0.26875 0.63125 0.264062 0.629687 0.2625 0.629687 0.259375 0.628125 0.257812 0.628125 0.25625 0.625 0.253125 0.625 0.251563 0.620313 0.246875 0.6125 0.246875 0.610937 0.248437 0.596875 0.248437 0.595312 0.246875 0.59375 0.246875 0.590625 0.24375 0.590625 0.242188 0.852561
0 0.959375 0.628125 0.95625 0.63125 0.954687 0.63125 0.954687 0.632812 0.951563 0.635938 0.951563 0.6375 0.946875 0.642187 0.945312 0.642187 0.94375 0.64375 0.940625 0.64375 0.939062 0.645312 0.934375 0.645312 0.932813 0.646875 0.928125 0.646875 0.926562 0.648438 0.925 0.648438 0.921875 0.651563 0.921875 0.653125 0.91875 0.65625 0.91875 0.68125 0.917188 0.682813 0.917188 0.690625 0.914062 0.69375 0.909375 0.69375 0.909375 0.696875 0.914062 0.696875 0.915625 0.698438 0.917188 0.698438 0.91875 0.7 0.920313 0.7 0.923437 0.703125 0.925 0.703125 0.926562 0.704687 0.928125 0.704687 0.929688 0.70625 0.93125 0.70625 0.934375 0.709375 0.934375 0.710938 0.935938 0.7125 0.935938 0.715625 0.929688 0.721875 0.929688 0.723437 0.926562 0.726562 0.926562 0.728125 0.929688 0.73125 0.93125 0.73125 0.932813 0.732813 0.940625 0.732813 0.942187 0.734375 0.946875 0.734375 0.948438 0.735937 0.951563 0.735937 0.953125 0.7375 0.959375 0.7375 0.960938 0.735937 0.965625 0.735937 0.967188 0.734375 0.96875 0.734375 0.970312 0.732813 0.971875 0.732813 0.973437 0.73125 0.975 0.73125 0.978125 0.728125 0.979688 0.729688 0.9875 0.729688 0.989062 0.728125 0.992188 0.728125 0.99375 0.726562 0.998438 0.726562 0.998438 0.628125 0.996875 0.628125 0.995313 0.629687 0.99375 0.629687 0.982813 0.640625 0.975 0.640625 0.964063 0.629687 0.960938 0.629687 0.852047
0 0.240625 0.439063 0.232812 0.446875 0.23125 0.446875 0.229687 0.448438 0.228125 0.448438 0.223438 0.453125 0.225 0.454688 0.225 0.457812 0.228125 0.460938 0.228125 0.4625 0.229687 0.464063 0.229687 0.467187 0.228125 0.46875 0.228125 0.470313 0.226562 0.471875 0.226562 0.473437 0.225 0.475 0.225 0.478125 0.220313 0.482812 0.215625 0.482812 0.215625 0.5 0.223438 0.5 0.225 0.498437 0.228125 0.498437 0.229687 0.5 0.229687 0.501562 0.23125 0.503125 0.232812 0.503125 0.234375 0.504687 0.235938 0.504687 0.240625 0.509375 0.240625 0.51875 0.242188 0.520312 0.242188 0.521875 0.24375 0.523438 0.24375 0.525 0.245312 0.526563 0.245312 0.528125 0.248437 0.53125 0.248437 0.5375 0.246875 0.539062 0.246875 0.540625 0.25 0.54375 0.2625 0.54375 0.264062 0.542188 0.270312 0.542188 0.271875 0.540625 0.273438 0.540625 0.275 0.539062 0.278125 0.539062 0.279687 0.5375 0.303125 0.5375 0.304688 0.539062 0.304688 0.540625 0.303125 0.542188 0.301562 0.542188 0.3 0.54375 0.3 0.551562 0.31875 0.551562 0.31875 0.545313 0.314063 0.540625 0.310937 0.540625 0.309375 0.539062 0.309375 0.5375 0.307813 0.535937 0.307813 0.532812 0.310937 0.529688 0.310937 0.528125 0.3125 0.526563 0.3125 0.525 0.320312 0.517187 0.321875 0.517187 0.328125 0.510938 0.328125 0.509375 0.329688 0.507812 0.329688 0.504687 0.33125 0.503125 0.33125 0.498437 0.332812 0.496875 0.332812 0.482812 0.329688 0.479688 0.328125 0.479688 0.326562 0.478125 0.326562 0.476562 0.325 0.475 0.325 0.473437 0.323438 0.471875 0.323438 0.470313 0.325 0.46875 0.325 0.465625 0.326562 0.464063 0.326562 0.4625 0.328125 0.460938 0.328125 0.45625 0.323438 0.451562 0.323438 0.45 0.317187 0.44375 0.317187 0.442187 0.309375 0.434375 0.309375 0.432813 0.307813 0.43125 0.307813 0.429688 0.30625 0.428125 0.30625 0.426562 0.303125 0.423438 0.303125 0.421875 0.301562 0.420312 0.301562 0.415625 0.296875 0.415625 0.296875 0.420312 0.290625 0.426562 0.289062 0.426562 0.2875 0.428125 0.279687 0.428125 0.275 0.423438 0.275 0.421875 0.273438 0.420312 0.273438 0.415625 0.259375 0.415625 0.259375 0.420312 0.25625 0.423438 0.25625 0.425 0.254687 0.426562 0.254687 0.428125 0.251563 0.43125 0.251563 0.432813 0.246875 0.4375 0.245312 0.4375 0.24375 0.439063 0.240625 0.439063 0.228125 0.425 0.23125 0.421875 0.232812 0.421875 0.234375 0.420312 0.234375 0.415625 0.215625 0.415625 0.215625 0.425 0.228125 0.425 0.851771
0 0.407813 0.453125 0.403125 0.453125 0.4 0.45625 0.398438 0.45625 0.396875 0.457812 0.396875 0.464063 0.407813 0.464063 0.407813 0.453125 0.407813 0.439063 0.407813 0.440625 0.4 0.440625 0.392188 0.415625 0.39375 0.414062 0.395312 0.414062 0.398438 0.410937 0.398438 0.409375 0.4 0.407813 0.4 0.395312 0.398438 0.395312 0.395312 0.392188 0.39375 0.392188 0.392188 0.390625 0.390625 0.390625 0.389062 0.389062 0.3875 0.389062 0.382812 0.384375 0.382812 0.382812 0.385938 0.379687 0.385938 0.378125 0.3875 0.376563 0.3875 0.373437 0.389062 0.371875 0.389062 0.36875 0.3875 0.367188 0.3875 0.365625 0.385938 0.364062 0.384375 0.364062 0.382812 0.3625 0.375 0.3625 0.371875 0.359375 0.371875 0.354688 0.373437 0.353125 0.373437 0.35 0.371875 0.348437 0.371875 0.346875 0.370313 0.345313 0.364062 0.345313 0.359375 0.340625 0.359375 0.334375 0.35 0.334375 0.35 0.339063 0.346875 0.342187 0.34375 0.342187 0.342187 0.340625 0.340625 0.340625 0.339063 0.339063 0.339063 0.334375 0.323438 0.334375 0.323438 0.339063 0.320312 0.342187 0.314063 0.342187 0.310937 0.339063 0.310937 0.334375 0.301562 0.334375 0.301562 0.340625 0.3 0.342187 0.3 0.34375 0.298438 0.345313 0.298438 0.359375 0.295312 0.3625 0.29375 0.360938 0.292188 0.360938 0.290625 0.359375 0.289062 0.359375 0.2875 0.357812 0.282813 0.357812 0.282813 0.360938 0.284375 0.3625 0.284375 0.364062 0.285937 0.365625 0.285937 0.367188 0.2875 0.36875 0.2875 0.371875 0.289062 0.373437 0.289062 0.375 0.290625 0.376563 0.2875 0.379687 0.279687 0.379687 0.276563 0.376563 0.276563 0.371875 0.275 0.370313 0.275 0.36875 0.273438 0.367188 0.273438 0.365625 0.271875 0.364062 0.265625 0.364062 0.265625 0.421875 0.270312 0.421875 0.271875 0.420312 0.273438 0.420312 0.275 0.41875 0.275 0.415625 0.278125 0.4125 0.279687 0.414062 0.279687 0.415625 0.285937 0.421875 0.285937 0.423438 0.289062 0.426562 0.295312 0.426562 0.298438 0.429688 0.298438 0.43125 0.301562 0.43125 0.304688 0.434375 0.304688 0.4375 0.30625 0.439063 0.30625 0.442187 0.307813 0.44375 0.307813 0.445312 0.309375 0.445312 0.310937 0.446875 0.3125 0.446875 0.314063 0.448438 0.321875 0.448438 0.325 0.445312 0.326562 0.445312 0.334375 0.4375 0.353125 0.4375 0.354688 0.439063 0.3625 0.439063 0.364062 0.4375 0.364062 0.434375 0.365625 0.432813 0.365625 0.428125 0.36875 0.425 0.373437 0.425 0.375 0.423438 0.376563 0.423438 0.379687 0.420312 0.38125 0.420312 0.382812 0.41875 0.384375 0.41875 0.385938 0.417188 0.3875 0.417188 0.389062 0.415625 0.392188 0.415625 0.4 0.440625 0.401563 0.439063 0.407813 0.439063 0.848745
0 0.551562 0.721875 0.551562 0.728125 0.548437 0.73125 0.542188 0.73125 0.540625 0.729688 0.539062 0.729688 0.5375 0.73125 0.5375 0.732813 0.532812 0.7375 0.521875 0.7375 0.514063 0.745313 0.514063 0.746875 0.5125 0.748438 0.5125 0.75 0.509375 0.753125 0.514063 0.757812 0.514063 0.759375 0.515625 0.760938 0.515625 0.771875 0.514063 0.773438 0.5125 0.773438 0.510938 0.775 0.509375 0.775 0.507812 0.776563 0.50625 0.776563 0.504687 0.778125 0.507812 0.78125 0.507812 0.782812 0.509375 0.784375 0.504687 0.789062 0.503125 0.789062 0.5 0.785937 0.5 0.753125 0.498437 0.751562 0.498437 0.746875 0.496875 0.745313 0.496875 0.74375 0.495313 0.742188 0.490625 0.742188 0.490625 0.801562 0.496875 0.801562 0.503125 0.795313 0.503125 0.792188 0.504687 0.790625 0.50625 0.790625 0.507812 0.789062 0.509375 0.790625 0.515625 0.790625 0.517187 0.792188 0.520312 0.792188 0.523438 0.795313 0.523438 0.804688 0.521875 0.80625 0.521875 0.809375 0.520312 0.810938 0.520312 0.823438 0.521875 0.825 0.521875 0.826563 0.523438 0.828125 0.526563 0.828125 0.528125 0.829687 0.5375 0.829687 0.539062 0.83125 0.540625 0.83125 0.54375 0.834375 0.546875 0.834375 0.548437 0.835938 0.55625 0.835938 0.557813 0.834375 0.567187 0.834375 0.56875 0.835938 0.579687 0.835938 0.58125 0.834375 0.590625 0.834375 0.592188 0.832812 0.59375 0.832812 0.596875 0.829687 0.596875 0.826563 0.598437 0.825 0.598437 0.81875 0.596875 0.817187 0.596875 0.8125 0.603125 0.80625 0.603125 0.804688 0.604688 0.803125 0.604688 0.801562 0.60625 0.8 0.60625 0.798437 0.609375 0.795313 0.609375 0.79375 0.610937 0.792188 0.610937 0.764063 0.609375 0.7625 0.609375 0.757812 0.604688 0.753125 0.603125 0.753125 0.601562 0.751562 0.6 0.753125 0.589063 0.753125 0.5875 0.751562 0.5875 0.748438 0.585938 0.746875 0.5875 0.745313 0.5875 0.74375 0.589063 0.742188 0.589063 0.739062 0.590625 0.7375 0.590625 0.73125 0.5875 0.728125 0.5875 0.721875 0.575 0.721875 0.575 0.726562 0.573438 0.728125 0.571875 0.728125 0.570312 0.726562 0.570312 0.721875 0.848644
0 0.0890625 0.153125 0.0890625 0.159375 0.0875 0.160938 0.0859375 0.160938 0.078125 0.16875 0.0765625 0.16875 0.075 0.170312 0.0734375 0.170312 0.065625 0.178125 0.065625 0.179688 0.0625 0.182812 0.0625 0.184375 0.0609375 0.185937 0.0609375 0.1875 0.059375 0.189063 0.059375 0.190625 0.053125 0.196875 0.053125 0.203125 0.0546875 0.204688 0.0546875 0.20625 0.05625 0.207813 0.05625 0.217187 0.0546875 0.21875 0.0546875 0.226562 0.05625 0.228125 0.05625 0.229687 0.059375 0.232812 0.059375 0.240625 0.053125 0.246875 0.053125 0.248437 0.0515625 0.25 0.0515625 0.253125 0.059375 0.253125 0.0609375 0.251563 0.0640625 0.251563 0.065625 0.25 0.0765625 0.25 0.0796875 0.253125 0.0796875 0.254687 0.08125 0.25625 0.08125 0.257812 0.0828125 0.259375 0.084375 0.259375 0.0859375 0.257812 0.0890625 0.257812 0.090625 0.25625 0.09375 0.25625 0.0953125 0.254687 0.1 0.254687 0.107813 0.246875 0.109375 0.246875 0.110937 0.248437 0.1125 0.248437 0.114063 0.25 0.115625 0.25 0.123438 0.257812 0.125 0.257812 0.128125 0.260938 0.129688 0.260938 0.13125 0.259375 0.134375 0.259375 0.140625 0.265625 0.140625 0.270312 0.151562 0.270312 0.151562 0.264062 0.153125 0.2625 0.153125 0.257812 0.151562 0.257812 0.145313 0.251563 0.14375 0.251563 0.139062 0.246875 0.139062 0.245312 0.135937 0.242188 0.135937 0.239063 0.140625 0.234375 0.142188 0.234375 0.145313 0.23125 0.15625 0.23125 0.157813 0.232812 0.165625 0.232812 0.165625 0.229687 0.167187 0.228125 0.167187 0.226562 0.165625 0.225 0.165625 0.223438 0.1625 0.220313 0.160938 0.220313 0.148438 0.207813 0.148438 0.201562 0.15 0.2 0.15 0.196875 0.151562 0.195312 0.151562 0.19375 0.153125 0.192188 0.153125 0.190625 0.154687 0.189063 0.154687 0.1875 0.157813 0.184375 0.157813 0.18125 0.15625 0.179688 0.15625 0.178125 0.153125 0.175 0.15 0.175 0.148438 0.173438 0.135937 0.173438 0.129688 0.167187 0.129688 0.165625 0.128125 0.164062 0.128125 0.1625 0.126563 0.160938 0.125 0.160938 0.121875 0.157813 0.121875 0.153125 0.84692
0 0.357812 0.639063 0.357812 0.645312 0.370313 0.645312 0.370313 0.6375 0.359375 0.6375 0.357812 0.639063 0.239063 0.617188 0.242188 0.620313 0.242188 0.625 0.24375 0.626562 0.234375 0.60625 0.239063 0.60625 0.240625 0.604688 0.240625 0.603125 0.245312 0.598437 0.246875 0.598437 0.248437 0.596875 0.253125 0.596875 0.254687 0.598437 0.257812 0.598437 0.264062 0.604688 0.264062 0.60625 0.265625 0.607813 0.265625 0.609375 0.260938 0.614062 0.259375 0.614062 0.259375 0.615625 0.257812 0.617188 0.257812 0.61875 0.25625 0.620313 0.25625 0.628125 0.259375 0.63125 0.260938 0.629687 0.265625 0.629687 0.267188 0.628125 0.278125 0.628125 0.279687 0.629687 0.28125 0.629687 0.282813 0.63125 0.285937 0.63125 0.290625 0.635938 0.290625 0.6375 0.292188 0.639063 0.292188 0.645312 0.329688 0.645312 0.329688 0.6375 0.328125 0.635938 0.328125 0.632812 0.329688 0.63125 0.339063 0.63125 0.340625 0.629687 0.34375 0.629687 0.345313 0.628125 0.345313 0.626562 0.346875 0.625 0.346875 0.61875 0.348437 0.617188 0.348437 0.614062 0.351562 0.610937 0.353125 0.610937 0.354688 0.609375 0.357812 0.609375 0.359375 0.607813 0.359375 0.60625 0.360938 0.604688 0.360938 0.6 0.35 0.589063 0.35 0.5875 0.348437 0.585938 0.348437 0.584375 0.346875 0.582812 0.346875 0.576563 0.348437 0.575 0.348437 0.571875 0.35 0.570312 0.35 0.56875 0.351562 0.567187 0.351562 0.5625 0.35 0.560938 0.35 0.557813 0.348437 0.55625 0.346875 0.55625 0.345313 0.554688 0.34375 0.554688 0.342187 0.553125 0.3375 0.553125 0.335938 0.551562 0.329688 0.551562 0.328125 0.55 0.326562 0.55 0.321875 0.545313 0.321875 0.54375 0.31875 0.540625 0.31875 0.534375 0.298438 0.534375 0.298438 0.539062 0.29375 0.54375 0.29375 0.545313 0.290625 0.548437 0.28125 0.548437 0.271875 0.539062 0.271875 0.534375 0.25 0.534375 0.25 0.540625 0.251563 0.540625 0.253125 0.542188 0.260938 0.542188 0.2625 0.54375 0.264062 0.54375 0.267188 0.546875 0.267188 0.554688 0.26875 0.55625 0.26875 0.5625 0.270312 0.564062 0.270312 0.571875 0.265625 0.576563 0.260938 0.576563 0.259375 0.575 0.257812 0.576563 0.254687 0.576563 0.253125 0.578125 0.253125 0.579687 0.251563 0.58125 0.234375 0.58125 0.234375 0.60625 0.24375 0.626562 0.239063 0.63125 0.234375 0.63125 0.234375 0.617188 0.239063 0.617188 0.84415
0 0.123438 0.334375 0.123438 0.34375 0.120312 0.346875 0.115625 0.346875 0.114063 0.345313 0.1125 0.345313 0.110937 0.34375 0.104687 0.34375 0.103125 0.342187 0.0953125 0.35 0.0953125 0.351562 0.0921875 0.354688 0.0921875 0.35625 0.0875 0.360938 0.0875 0.3625 0.0859375 0.364062 0.0859375 0.36875 0.084375 0.370313 0.084375 0.373437 0.0828125 0.375 0.0828125 0.384375 0.08125 0.385938 0.08125 0.389062 0.0796875 0.390625 0.0796875 0.392188 0.0765625 0.395312 0.071875 0.395312 0.0765625 0.395312 0.0796875 0.398438 0.0796875 0.4 0.08125 0.401563 0.08125 0.404687 0.0828125 0.40625 0.0828125 0.417188 0.0875 0.421875 0.0890625 0.421875 0.090625 0.423438 0.0953125 0.423438 0.0984375 0.426562 0.0984375 0.428125 0.1 0.429688 0.1 0.439063 0.101562 0.440625 0.103125 0.440625 0.104687 0.439063 0.10625 0.439063 0.107813 0.4375 0.110937 0.4375 0.1125 0.435937 0.115625 0.435937 0.117188 0.434375 0.120312 0.434375 0.121875 0.432813 0.123438 0.434375 0.125 0.434375 0.126563 0.435937 0.128125 0.435937 0.129688 0.4375 0.13125 0.4375 0.132812 0.439063 0.1375 0.439063 0.139062 0.440625 0.140625 0.440625 0.142188 0.439063 0.145313 0.439063 0.148438 0.435937 0.15 0.435937 0.151562 0.434375 0.153125 0.434375 0.154687 0.432813 0.15625 0.432813 0.157813 0.43125 0.159375 0.43125 0.1625 0.428125 0.164062 0.428125 0.165625 0.426562 0.16875 0.426562 0.170312 0.425 0.173438 0.425 0.175 0.423438 0.178125 0.423438 0.18125 0.420312 0.18125 0.414062 0.179688 0.4125 0.179688 0.403125 0.18125 0.401563 0.18125 0.396875 0.182812 0.395312 0.182812 0.392188 0.184375 0.390625 0.184375 0.375 0.182812 0.373437 0.182812 0.371875 0.179688 0.36875 0.179688 0.367188 0.178125 0.365625 0.178125 0.3625 0.176563 0.360938 0.176563 0.354688 0.175 0.353125 0.175 0.351562 0.173438 0.35 0.173438 0.348437 0.16875 0.34375 0.167187 0.34375 0.165625 0.342187 0.146875 0.342187 0.14375 0.339063 0.14375 0.334375 0.842042
0 0.365625 0.003125 0.365625 0.0390625 0.373437 0.0390625 0.375 0.040625 0.376563 0.040625 0.378125 0.0421875 0.379687 0.0421875 0.384375 0.046875 0.384375 0.05 0.385938 0.0515625 0.385938 0.059375 0.384375 0.0609375 0.384375 0.0671875 0.385938 0.06875 0.385938 0.0703125 0.389062 0.0734375 0.390625 0.0734375 0.392188 0.075 0.39375 0.075 0.395312 0.0765625 0.396875 0.0765625 0.398438 0.075 0.4 0.075 0.403125 0.071875 0.403125 0.0703125 0.40625 0.0671875 0.40625 0.065625 0.414062 0.0578125 0.41875 0.0625 0.420312 0.0625 0.423438 0.065625 0.423438 0.0671875 0.425 0.06875 0.426562 0.06875 0.428125 0.0703125 0.43125 0.0703125 0.432813 0.071875 0.434375 0.071875 0.435937 0.0703125 0.4375 0.0703125 0.442187 0.065625 0.442187 0.0484375 0.445312 0.0453125 0.446875 0.0453125 0.448438 0.046875 0.457812 0.046875 0.460938 0.04375 0.460938 0.0421875 0.4625 0.040625 0.4625 0.0390625 0.465625 0.0359375 0.465625 0.034375 0.467187 0.0328125 0.467187 0.021875 0.465625 0.0203125 0.464063 0.0203125 0.4625 0.01875 0.460938 0.01875 0.459375 0.0171875 0.457812 0.0171875 0.45625 0.015625 0.45625 0.003125 0.839807
0 0.2 0.539062 0.192188 0.539062 0.190625 0.540625 0.190625 0.545313 0.201562 0.545313 0.201562 0.540625 0.2 0.539062 0.196875 0.439063 0.201562 0.44375 0.20625 0.44375 0.207813 0.442187 0.210938 0.442187 0.2125 0.440625 0.217187 0.440625 0.217187 0.442187 0.21875 0.44375 0.21875 0.45 0.217187 0.451562 0.217187 0.457812 0.21875 0.459375 0.21875 0.464063 0.223438 0.46875 0.225 0.46875 0.226562 0.470313 0.228125 0.470313 0.23125 0.473437 0.23125 0.475 0.232812 0.476562 0.239063 0.476562 0.234375 0.476562 0.228125 0.482812 0.226562 0.482812 0.225 0.484375 0.221875 0.484375 0.214062 0.492188 0.214062 0.49375 0.2125 0.495313 0.2125 0.496875 0.215625 0.5 0.215625 0.503125 0.217187 0.504687 0.217187 0.50625 0.21875 0.507812 0.21875 0.514063 0.210938 0.521875 0.209375 0.521875 0.207813 0.523438 0.201562 0.523438 0.2 0.521875 0.198437 0.521875 0.195312 0.51875 0.19375 0.51875 0.190625 0.515625 0.184375 0.515625 0.18125 0.51875 0.18125 0.520312 0.179688 0.521875 0.179688 0.526563 0.114063 0.420312 0.114063 0.415625 0.109375 0.415625 0.109375 0.420312 0.114063 0.420312 0.179688 0.526563 0.176563 0.529688 0.170312 0.529688 0.16875 0.528125 0.167187 0.528125 0.165625 0.526563 0.164062 0.526563 0.1625 0.525 0.1625 0.523438 0.153125 0.514063 0.14375 0.514063 0.142188 0.515625 0.128125 0.515625 0.125 0.5125 0.125 0.509375 0.123438 0.507812 0.123438 0.503125 0.120312 0.5 0.120312 0.498437 0.117188 0.495313 0.117188 0.485938 0.11875 0.484375 0.11875 0.48125 0.120312 0.479688 0.120312 0.475 0.11875 0.473437 0.11875 0.471875 0.117188 0.470313 0.117188 0.46875 0.114063 0.465625 0.109375 0.465625 0.109375 0.4625 0.114063 0.4625 0.117188 0.459375 0.117188 0.457812 0.11875 0.45625 0.11875 0.454688 0.120312 0.453125 0.120312 0.451562 0.125 0.446875 0.125 0.445312 0.126563 0.445312 0.128125 0.44375 0.129688 0.44375 0.13125 0.442187 0.151562 0.442187 0.153125 0.440625 0.154687 0.440625 0.159375 0.435937 0.159375 0.434375 0.164062 0.429688 0.176563 0.429688 0.178125 0.43125 0.179688 0.43125 0.18125 0.432813 0.184375 0.432813 0.185937 0.434375 0.189063 0.434375 0.192188 0.4375 0.19375 0.4375 0.195312 0.439063 0.196875 0.439063 0.839585
0 0.725 0.046875 0.725 0.0515625 0.723437 0.053125 0.723437 0.0546875 0.721875 0.05625 0.721875 0.0578125 0.71875 0.0609375 0.717188 0.0609375 0.714063 0.0640625 0.7125 0.0640625 0.710938 0.065625 0.707812 0.065625 0.70625 0.0671875 0.696875 0.0671875 0.695312 0.06875 0.69375 0.06875 0.690625 0.071875 0.690625 0.075 0.689062 0.0765625 0.689062 0.08125 0.684375 0.0859375 0.682813 0.0859375 0.68125 0.0875 0.679688 0.0875 0.678125 0.0890625 0.676562 0.0890625 0.675 0.090625 0.673437 0.090625 0.671875 0.0921875 0.665625 0.0921875 0.665625 0.109375 0.670313 0.109375 0.673437 0.1125 0.673437 0.114063 0.675 0.115625 0.676562 0.115625 0.68125 0.120312 0.68125 0.126563 0.679688 0.128125 0.679688 0.13125 0.678125 0.132812 0.678125 0.135937 0.676562 0.1375 0.676562 0.140625 0.679688 0.14375 0.68125 0.14375 0.682813 0.145313 0.689062 0.145313 0.690625 0.14375 0.696875 0.14375 0.698438 0.142188 0.709375 0.142188 0.710938 0.14375 0.710938 0.148438 0.7125 0.15 0.7125 0.165625 0.714063 0.167187 0.714063 0.16875 0.720312 0.16875 0.73125 0.157813 0.732813 0.157813 0.735937 0.154687 0.7375 0.154687 0.739062 0.153125 0.740625 0.153125 0.742188 0.154687 0.754687 0.154687 0.75625 0.15625 0.759375 0.15625 0.760938 0.154687 0.760938 0.153125 0.7625 0.151562 0.7625 0.15 0.764063 0.148438 0.764063 0.146875 0.76875 0.142188 0.770312 0.142188 0.771875 0.140625 0.776563 0.140625 0.790625 0.126563 0.790625 0.123438 0.792188 0.121875 0.7875 0.117188 0.7875 0.115625 0.779688 0.107813 0.78125 0.10625 0.78125 0.103125 0.782812 0.101562 0.782812 0.1 0.785937 0.096875 0.785937 0.09375 0.7875 0.0921875 0.7875 0.090625 0.785937 0.0890625 0.785937 0.0859375 0.784375 0.084375 0.784375 0.0796875 0.782812 0.078125 0.782812 0.071875 0.78125 0.0703125 0.78125 0.0671875 0.776563 0.0625 0.775 0.0625 0.773438 0.0609375 0.771875 0.0609375 0.765625 0.0546875 0.765625 0.053125 0.764063 0.0515625 0.764063 0.046875 0.759375 0.046875 0.759375 0.0515625 0.75625 0.0546875 0.745313 0.0546875 0.742188 0.0515625 0.742188 0.046875 0.837863
0 0.190625 0.717188 0.189063 0.71875 0.1875 0.71875 0.185937 0.720312 0.184375 0.720312 0.18125 0.723437 0.179688 0.723437 0.176563 0.726562 0.175 0.726562 0.171875 0.729688 0.171875 0.73125 0.165625 0.7375 0.165625 0.739062 0.1625 0.742188 0.1625 0.74375 0.160938 0.745313 0.160938 0.746875 0.159375 0.748438 0.159375 0.75 0.157813 0.751562 0.153125 0.751562 0.153125 0.753125 0.157813 0.753125 0.159375 0.754687 0.159375 0.757812 0.160938 0.759375 0.160938 0.764063 0.1625 0.765625 0.1625 0.767187 0.164062 0.76875 0.164062 0.773438 0.1625 0.775 0.1625 0.778125 0.165625 0.78125 0.165625 0.782812 0.170312 0.7875 0.170312 0.789062 0.171875 0.790625 0.170312 0.792188 0.170312 0.798437 0.16875 0.8 0.16875 0.803125 0.170312 0.804688 0.170312 0.80625 0.173438 0.809375 0.175 0.809375 0.176563 0.810938 0.178125 0.810938 0.179688 0.8125 0.18125 0.8125 0.185937 0.817187 0.185937 0.81875 0.1875 0.820312 0.1875 0.821875 0.189063 0.823438 0.189063 0.825 0.190625 0.826563 0.192188 0.826563 0.19375 0.825 0.201562 0.825 0.203125 0.823438 0.204688 0.823438 0.20625 0.825 0.207813 0.825 0.209375 0.823438 0.209375 0.821875 0.21875 0.8125 0.229687 0.8125 0.23125 0.814062 0.232812 0.814062 0.240625 0.821875 0.24375 0.821875 0.245312 0.823438 0.25 0.823438 0.251563 0.825 0.253125 0.823438 0.254687 0.823438 0.257812 0.820312 0.257812 0.817187 0.259375 0.815625 0.259375 0.814062 0.260938 0.8125 0.260938 0.810938 0.2625 0.809375 0.2625 0.807813 0.26875 0.801562 0.267188 0.8 0.267188 0.792188 0.270312 0.789062 0.271875 0.789062 0.273438 0.7875 0.273438 0.785937 0.275 0.784375 0.275 0.78125 0.273438 0.779688 0.273438 0.778125 0.267188 0.771875 0.267188 0.770312 0.26875 0.76875 0.26875 0.765625 0.276563 0.757812 0.276563 0.75625 0.278125 0.754687 0.278125 0.751562 0.276563 0.75 0.275 0.75 0.273438 0.748438 0.271875 0.748438 0.270312 0.746875 0.265625 0.746875 0.2625 0.74375 0.2625 0.739062 0.260938 0.7375 0.260938 0.735937 0.259375 0.734375 0.259375 0.732813 0.257812 0.73125 0.257812 0.729688 0.254687 0.729688 0.253125 0.728125 0.242188 0.728125 0.240625 0.729688 0.23125 0.729688 0.229687 0.728125 0.226562 0.728125 0.225 0.726562 0.223438 0.726562 0.221875 0.725 0.215625 0.725 0.214062 0.726562 0.207813 0.726562 0.204688 0.723437 0.203125 0.723437 0.198437 0.71875 0.196875 0.71875 0.195312 0.717188 0.837856
0 0.859375 0.634375 0.859375 0.640625 0.85625 0.64375 0.85625 0.648438 0.854688 0.65 0.854688 0.654688 0.853125 0.65625 0.853125 0.657812 0.851562 0.659375 0.846875 0.659375 0.84375 0.65625 0.842188 0.65625 0.8375 0.651563 0.835938 0.651563 0.834375 0.65 0.832812 0.65 0.83125 0.648438 0.821875 0.648438 0.81875 0.651563 0.81875 0.654688 0.820312 0.65625 0.820312 0.659375 0.823438 0.6625 0.823438 0.664062 0.825 0.665625 0.825 0.673437 0.823438 0.675 0.823438 0.676562 0.821875 0.678125 0.817187 0.678125 0.815625 0.679688 0.809375 0.679688 0.809375 0.696875 0.815625 0.696875 0.820312 0.701563 0.820312 0.70625 0.81875 0.707812 0.81875 0.710938 0.817187 0.7125 0.817187 0.715625 0.815625 0.717188 0.815625 0.71875 0.814062 0.720312 0.809375 0.720312 0.814062 0.720312 0.815625 0.721875 0.817187 0.721875 0.81875 0.723437 0.820312 0.723437 0.821875 0.725 0.8375 0.725 0.839063 0.726562 0.840625 0.726562 0.842188 0.728125 0.842188 0.729688 0.84375 0.73125 0.867188 0.73125 0.86875 0.732813 0.870313 0.732813 0.871875 0.734375 0.875 0.734375 0.876562 0.735937 0.8875 0.735937 0.890625 0.732813 0.892187 0.732813 0.895312 0.729688 0.895312 0.728125 0.896875 0.726562 0.896875 0.723437 0.901563 0.71875 0.909375 0.71875 0.9125 0.715625 0.9125 0.714063 0.914062 0.7125 0.914062 0.703125 0.915625 0.701563 0.915625 0.695312 0.917188 0.69375 0.917188 0.682813 0.915625 0.682813 0.9125 0.679688 0.910937 0.679688 0.907812 0.676562 0.907812 0.675 0.90625 0.673437 0.90625 0.670313 0.907812 0.66875 0.907812 0.667188 0.909375 0.665625 0.909375 0.6625 0.910937 0.660937 0.910937 0.65625 0.907812 0.653125 0.903125 0.653125 0.901563 0.654688 0.89375 0.654688 0.892187 0.65625 0.8875 0.65625 0.885938 0.657812 0.882812 0.657812 0.879687 0.654688 0.879687 0.651563 0.878125 0.65 0.878125 0.648438 0.876562 0.646875 0.876562 0.64375 0.875 0.642187 0.875 0.640625 0.873438 0.639063 0.873438 0.634375 0.837573
0 0.90625 0.728125 0.90625 0.732813 0.901563 0.7375 0.9 0.7375 0.895312 0.742188 0.89375 0.742188 0.892187 0.740625 0.889063 0.740625 0.8875 0.739062 0.885938 0.739062 0.882812 0.735937 0.876562 0.735937 0.873438 0.739062 0.873438 0.740625 0.871875 0.742188 0.871875 0.745313 0.870313 0.746875 0.870313 0.748438 0.86875 0.75 0.86875 0.751562 0.867188 0.753125 0.867188 0.75625 0.864062 0.759375 0.853125 0.748438 0.853125 0.746875 0.85 0.74375 0.848437 0.74375 0.845312 0.740625 0.84375 0.742188 0.834375 0.742188 0.834375 0.759375 0.839063 0.759375 0.842188 0.7625 0.842188 0.764063 0.848437 0.770312 0.848437 0.771875 0.851562 0.775 0.851562 0.776563 0.853125 0.778125 0.85 0.78125 0.85 0.785937 0.848437 0.7875 0.848437 0.8 0.846875 0.801562 0.846875 0.803125 0.845312 0.804688 0.845312 0.810938 0.851562 0.810938 0.85625 0.815625 0.85625 0.826563 0.857813 0.828125 0.857813 0.829687 0.860937 0.832812 0.8625 0.832812 0.864062 0.834375 0.865625 0.834375 0.867188 0.835938 0.876562 0.835938 0.878125 0.8375 0.88125 0.8375 0.882812 0.839063 0.885938 0.839063 0.8875 0.840625 0.904688 0.840625 0.90625 0.842188 0.915625 0.842188 0.91875 0.839063 0.91875 0.835938 0.920313 0.834375 0.920313 0.83125 0.926562 0.825 0.935938 0.825 0.9375 0.823438 0.939062 0.823438 0.940625 0.821875 0.940625 0.820312 0.942187 0.81875 0.942187 0.814062 0.94375 0.8125 0.94375 0.810938 0.946875 0.807813 0.95 0.807813 0.953125 0.804688 0.954687 0.804688 0.95625 0.803125 0.95625 0.795313 0.953125 0.792188 0.953125 0.790625 0.946875 0.784375 0.946875 0.76875 0.948438 0.767187 0.948438 0.764063 0.946875 0.7625 0.946875 0.759375 0.945312 0.757812 0.94375 0.757812 0.942187 0.75625 0.93125 0.75625 0.928125 0.753125 0.928125 0.748438 0.929688 0.746875 0.929688 0.745313 0.928125 0.74375 0.928125 0.740625 0.926562 0.739062 0.926562 0.7375 0.923437 0.734375 0.923437 0.728125 0.836242
0 0.6625 0.342187 0.667188 0.342187 0.66875 0.340625 0.676562 0.340625 0.676562 0.334375 0.660937 0.334375 0.660937 0.339063 0.6625 0.340625 0.6625 0.342187 0.651563 0.3625 0.648438 0.3625 0.646875 0.360938 0.64375 0.360938 0.642187 0.359375 0.6375 0.359375 0.635938 0.357812 0.632812 0.357812 0.63125 0.35625 0.625 0.35625 0.623438 0.357812 0.621875 0.357812 0.620313 0.35625 0.620313 0.354688 0.61875 0.353125 0.61875 0.35 0.617188 0.348437 0.617188 0.346875 0.615625 0.345313 0.614062 0.345313 0.6125 0.34375 0.609375 0.34375 0.604688 0.339063 0.604688 0.334375 0.582812 0.334375 0.582812 0.34375 0.584375 0.345313 0.584375 0.346875 0.582812 0.348437 0.582812 0.35 0.58125 0.351562 0.58125 0.353125 0.582812 0.354688 0.582812 0.35625 0.584375 0.357812 0.584375 0.3625 0.582812 0.364062 0.582812 0.365625 0.58125 0.367188 0.58125 0.36875 0.579687 0.370313 0.579687 0.371875 0.578125 0.373437 0.571875 0.373437 0.570312 0.375 0.570312 0.376563 0.56875 0.378125 0.56875 0.38125 0.567187 0.382812 0.567187 0.384375 0.565625 0.385938 0.559375 0.385938 0.557813 0.384375 0.557813 0.373437 0.564062 0.367188 0.570312 0.367188 0.571875 0.365625 0.571875 0.364062 0.570312 0.3625 0.570312 0.359375 0.56875 0.357812 0.56875 0.353125 0.567187 0.351562 0.567187 0.35 0.565625 0.348437 0.565625 0.345313 0.570312 0.340625 0.570312 0.334375 0.546875 0.334375 0.546875 0.345313 0.551562 0.345313 0.553125 0.346875 0.553125 0.348437 0.551562 0.35 0.546875 0.35 0.546875 0.439063 0.553125 0.439063 0.553125 0.435937 0.554688 0.434375 0.554688 0.432813 0.55625 0.43125 0.55625 0.429688 0.560938 0.425 0.565625 0.425 0.567187 0.426562 0.56875 0.426562 0.576563 0.434375 0.576563 0.435937 0.578125 0.4375 0.578125 0.439063 0.58125 0.442187 0.58125 0.44375 0.582812 0.445312 0.584375 0.445312 0.585938 0.446875 0.592188 0.446875 0.595312 0.44375 0.598437 0.44375 0.6 0.442187 0.603125 0.442187 0.604688 0.44375 0.604688 0.445312 0.60625 0.446875 0.609375 0.446875 0.610937 0.448438 0.6125 0.448438 0.615625 0.451562 0.620313 0.451562 0.625 0.446875 0.628125 0.446875 0.629687 0.445312 0.632812 0.445312 0.634375 0.44375 0.635938 0.44375 0.6375 0.442187 0.639063 0.442187 0.640625 0.440625 0.640625 0.4375 0.642187 0.435937 0.642187 0.434375 0.648438 0.428125 0.65 0.428125 0.651563 0.426562 0.659375 0.426562 0.660937 0.425 0.660937 0.41875 0.659375 0.417188 0.659375 0.415625 0.657812 0.414062 0.657812 0.4125 0.654688 0.409375 0.660937 0.403125 0.660937 0.401563 0.6625 0.4 0.6625 0.398438 0.664062 0.396875 0.664062 0.39375 0.665625 0.392188 0.665625 0.379687 0.664062 0.378125 0.664062 0.376563 0.6625 0.376563 0.659375 0.373437 0.659375 0.371875 0.65625 0.36875 0.65625 0.367188 0.651563 0.3625 0.834702
0 0.660937 0.420312 0.653125 0.420312 0.653125 0.425 0.659375 0.425 0.659375 0.423438 0.660937 0.421875 0.660937 0.420312 0.7625 0.339063 0.764063 0.340625 0.767187 0.340625 0.76875 0.342187 0.771875 0.342187 0.773438 0.34375 0.775 0.34375 0.778125 0.346875 0.778125 0.353125 0.742188 0.346875 0.742188 0.348437 0.74375 0.35 0.745313 0.35 0.745313 0.351562 0.746875 0.353125 0.746875 0.3625 0.745313 0.364062 0.748438 0.367188 0.75 0.367188 0.751562 0.36875 0.760938 0.36875 0.7625 0.367188 0.767187 0.367188 0.773438 0.373437 0.773438 0.375 0.775 0.376563 0.776563 0.376563 0.776563 0.378125 0.778125 0.379687 0.778125 0.38125 0.779688 0.382812 0.779688 0.40625 0.78125 0.407813 0.779688 0.409375 0.779688 0.4125 0.778125 0.414062 0.778125 0.41875 0.776563 0.420312 0.776563 0.423438 0.775 0.425 0.775 0.426562 0.770312 0.43125 0.764063 0.43125 0.759375 0.435937 0.759375 0.4375 0.757812 0.439063 0.757812 0.448438 0.753125 0.448438 0.75 0.445312 0.748438 0.445312 0.746875 0.44375 0.74375 0.44375 0.740625 0.440625 0.7375 0.440625 0.735937 0.439063 0.723437 0.439063 0.721875 0.440625 0.720312 0.439063 0.71875 0.439063 0.717188 0.4375 0.715625 0.4375 0.714063 0.435937 0.70625 0.435937 0.704687 0.4375 0.701563 0.4375 0.7 0.439063 0.7 0.446875 0.701563 0.448438 0.703125 0.448438 0.704687 0.45 0.715625 0.45 0.717188 0.451562 0.717188 0.457812 0.653125 0.457812 0.653125 0.435937 0.659375 0.435937 0.670313 0.446875 0.673437 0.446875 0.675 0.445312 0.675 0.442187 0.676562 0.440625 0.676562 0.428125 0.673437 0.425 0.673437 0.423438 0.667188 0.417188 0.667188 0.4125 0.66875 0.410937 0.66875 0.407813 0.670313 0.40625 0.670313 0.404687 0.671875 0.403125 0.671875 0.398438 0.670313 0.396875 0.670313 0.395312 0.66875 0.39375 0.66875 0.392188 0.665625 0.389062 0.665625 0.3875 0.667188 0.339063 0.667188 0.334375 0.653125 0.334375 0.653125 0.342187 0.660937 0.342187 0.6625 0.340625 0.665625 0.340625 0.667188 0.339063 0.665625 0.3875 0.664062 0.385938 0.664062 0.384375 0.6625 0.382812 0.6625 0.379687 0.660937 0.378125 0.660937 0.367188 0.6625 0.365625 0.678125 0.365625 0.685938 0.357812 0.684375 0.35625 0.684375 0.354688 0.682813 0.353125 0.682813 0.346875 0.684375 0.345313 0.685938 0.345313 0.6875 0.346875 0.690625 0.346875 0.692187 0.348437 0.69375 0.348437 0.695312 0.35 0.701563 0.35 0.703125 0.348437 0.704687 0.348437 0.709375 0.34375 0.709375 0.342187 0.710938 0.340625 0.710938 0.334375 0.729688 0.334375 0.729688 0.340625 0.728125 0.342187 0.728125 0.34375 0.725 0.346875 0.723437 0.346875 0.71875 0.351562 0.721875 0.354688 0.725 0.354688 0.726562 0.35625 0.728125 0.354688 0.734375 0.354688 0.739062 0.35 0.739062 0.346875 0.742188 0.346875 0.778125 0.353125 0.785937 0.353125 0.789062 0.35 0.790625 0.35 0.79375 0.346875 0.795313 0.346875 0.796875 0.345313 0.801562 0.345313 0.801562 0.334375 0.7625 0.334375 0.7625 0.339063 0.833931
0 0.646875 0.003125 0.646875 0.0109375 0.65625 0.0109375 0.657812 0.009375 0.659375 0.0109375 0.6625 0.0109375 0.665625 0.0140625 0.665625 0.01875 0.664062 0.0203125 0.664062 0.0234375 0.6625 0.025 0.6625 0.028125 0.660937 0.0296875 0.660937 0.034375 0.659375 0.0359375 0.659375 0.0375 0.657812 0.0390625 0.657812 0.0421875 0.65625 0.04375 0.65625 0.05 0.657812 0.0515625 0.657812 0.053125 0.659375 0.0546875 0.664062 0.0546875 0.665625 0.053125 0.667188 0.053125 0.679688 0.040625 0.679688 0.0390625 0.690625 0.028125 0.695312 0.028125 0.698438 0.03125 0.698438 0.034375 0.7 0.0359375 0.7 0.0375 0.701563 0.0390625 0.701563 0.0421875 0.703125 0.04375 0.703125 0.0453125 0.704687 0.046875 0.704687 0.0484375 0.70625 0.05 0.70625 0.0515625 0.709375 0.0546875 0.715625 0.0546875 0.71875 0.0515625 0.720312 0.0515625 0.720312 0.05 0.721875 0.0484375 0.721875 0.040625 0.720312 0.0390625 0.720312 0.0359375 0.71875 0.034375 0.71875 0.0296875 0.723437 0.025 0.729688 0.025 0.73125 0.0265625 0.735937 0.0265625 0.7375 0.028125 0.746875 0.028125 0.748438 0.0296875 0.75 0.0296875 0.751562 0.03125 0.751562 0.0375 0.75 0.0390625 0.75 0.0421875 0.751562 0.04375 0.751562 0.046875 0.754687 0.046875 0.75625 0.0453125 0.757812 0.0453125 0.757812 0.04375 0.759375 0.0421875 0.759375 0.040625 0.760938 0.0390625 0.760938 0.0375 0.764063 0.034375 0.770312 0.034375 0.770312 0.003125 0.832959
0 0.467187 0.378125 0.46875 0.379687 0.46875 0.38125 0.470313 0.382812 0.475 0.382812 0.476562 0.38125 0.476562 0.378125 0.475 0.376563 0.46875 0.376563 0.467187 0.378125 0.38125 0.371875 0.38125 0.370313 0.43125 0.240625 0.43125 0.246875 0.429688 0.248437 0.429688 0.257812 0.432813 0.260938 0.435937 0.260938 0.4375 0.2625 0.440625 0.2625 0.446875 0.25625 0.446875 0.254687 0.45 0.251563 0.45 0.240625 0.48125 0.240625 0.48125 0.245312 0.479688 0.246875 0.479688 0.251563 0.478125 0.251563 0.476562 0.253125 0.471875 0.253125 0.470313 0.254687 0.46875 0.254687 0.459375 0.264062 0.459375 0.270312 0.464063 0.275 0.465625 0.275 0.467187 0.276563 0.470313 0.276563 0.471875 0.278125 0.473437 0.278125 0.476562 0.28125 0.478125 0.28125 0.48125 0.284375 0.48125 0.2875 0.482812 0.289062 0.485938 0.289062 0.4875 0.2875 0.495313 0.2875 0.495313 0.296875 0.482812 0.296875 0.48125 0.298438 0.48125 0.3 0.479688 0.301562 0.479688 0.303125 0.478125 0.304688 0.348437 0.240625 0.334375 0.240625 0.334375 0.246875 0.346875 0.246875 0.348437 0.245312 0.348437 0.240625 0.478125 0.304688 0.478125 0.310937 0.476562 0.3125 0.476562 0.31875 0.475 0.320312 0.475 0.321875 0.473437 0.323438 0.473437 0.325 0.471875 0.326562 0.471875 0.328125 0.470313 0.329688 0.46875 0.329688 0.467187 0.33125 0.465625 0.33125 0.464063 0.332812 0.4625 0.332812 0.457812 0.3375 0.457812 0.340625 0.459375 0.342187 0.459375 0.34375 0.460938 0.345313 0.460938 0.35 0.459375 0.351562 0.459375 0.353125 0.457812 0.354688 0.457812 0.35625 0.45625 0.357812 0.45625 0.359375 0.454688 0.360938 0.454688 0.3625 0.453125 0.364062 0.453125 0.365625 0.446875 0.365625 0.445312 0.364062 0.44375 0.364062 0.440625 0.360938 0.439063 0.360938 0.4375 0.359375 0.435937 0.359375 0.434375 0.357812 0.432813 0.357812 0.43125 0.35625 0.426562 0.35625 0.423438 0.359375 0.423438 0.3625 0.425 0.364062 0.425 0.371875 0.423438 0.371875 0.421875 0.373437 0.415625 0.373437 0.414062 0.375 0.4125 0.375 0.410937 0.376563 0.409375 0.376563 0.407813 0.378125 0.40625 0.378125 0.404687 0.376563 0.401563 0.376563 0.396875 0.371875 0.396875 0.370313 0.39375 0.367188 0.39375 0.351562 0.392188 0.35 0.392188 0.348437 0.390625 0.346875 0.3875 0.346875 0.385938 0.348437 0.382812 0.348437 0.378125 0.353125 0.376563 0.353125 0.375 0.354688 0.370313 0.354688 0.36875 0.353125 0.367188 0.353125 0.364062 0.35 0.360938 0.35 0.359375 0.348437 0.357812 0.348437 0.35 0.340625 0.35 0.334375 0.339063 0.323438 0.334375 0.323438 0.334375 0.30625 0.339063 0.30625 0.353125 0.292188 0.353125 0.290625 0.354688 0.289062 0.354688 0.282813 0.35625 0.28125 0.35625 0.278125 0.357812 0.276563 0.357812 0.271875 0.360938 0.26875 0.360938 0.265625 0.3625 0.264062 0.3625 0.2625 0.364062 0.260938 0.364062 0.257812 0.359375 0.253125 0.359375 0.251563 0.357812 0.25 0.357812 0.248437 0.35625 0.246875 0.35625 0.240625 0.43125 0.240625 0.38125 0.370313 0.379687 0.370313 0.378125 0.36875 0.376563 0.36875 0.375 0.370313 0.373437 0.370313 0.370313 0.373437 0.360938 0.373437 0.359375 0.371875 0.35625 0.371875 0.354688 0.373437 0.348437 0.373437 0.346875 0.371875 0.345313 0.371875 0.342187 0.36875 0.340625 0.36875 0.339063 0.367188 0.334375 0.367188 0.334375 0.389062 0.375 0.389062 0.375 0.384375 0.376563 0.382812 0.376563 0.38125 0.378125 0.379687 0.378125 0.376563 0.379687 0.375 0.379687 0.373437 0.38125 0.371875 0.830653
0 0.546875 0.0421875 0.545313 0.04375 0.542188 0.04375 0.540625 0.0453125 0.539062 0.0453125 0.53125 0.053125 0.529688 0.053125 0.528125 0.0546875 0.521875 0.0546875 0.520312 0.053125 0.517187 0.053125 0.515625 0.0515625 0.507812 0.0515625 0.504687 0.0546875 0.504687 0.0578125 0.495313 0.0671875 0.49375 0.0671875 0.489062 0.071875 0.489062 0.075 0.4875 0.0765625 0.4875 0.0796875 0.490625 0.0828125 0.490625 0.084375 0.489062 0.0859375 0.4875 0.0859375 0.485938 0.084375 0.478125 0.084375 0.478125 0.153125 0.484375 0.153125 0.485938 0.151562 0.492188 0.151562 0.49375 0.15 0.495313 0.15 0.496875 0.148438 0.509375 0.148438 0.510938 0.15 0.510938 0.151562 0.5125 0.153125 0.5125 0.15625 0.514063 0.157813 0.514063 0.159375 0.515625 0.160938 0.515625 0.1625 0.517187 0.164062 0.517187 0.165625 0.520312 0.16875 0.520312 0.170312 0.521875 0.171875 0.523438 0.171875 0.525 0.173438 0.532812 0.173438 0.534375 0.175 0.540625 0.175 0.54375 0.171875 0.54375 0.16875 0.545313 0.167187 0.545313 0.165625 0.548437 0.1625 0.554688 0.1625 0.559375 0.167187 0.560938 0.167187 0.5625 0.16875 0.564062 0.16875 0.565625 0.170312 0.578125 0.170312 0.582812 0.165625 0.582812 0.159375 0.576563 0.153125 0.576563 0.151562 0.573438 0.148438 0.573438 0.145313 0.571875 0.14375 0.571875 0.140625 0.576563 0.135937 0.58125 0.135937 0.582812 0.134375 0.589063 0.134375 0.590625 0.132812 0.596875 0.132812 0.598437 0.13125 0.601562 0.13125 0.603125 0.129688 0.604688 0.129688 0.60625 0.128125 0.609375 0.128125 0.610937 0.126563 0.6125 0.126563 0.610937 0.125 0.610937 0.120312 0.609375 0.120312 0.607813 0.11875 0.60625 0.11875 0.604688 0.117188 0.603125 0.117188 0.601562 0.115625 0.598437 0.115625 0.596875 0.114063 0.595312 0.114063 0.592188 0.110937 0.590625 0.110937 0.589063 0.109375 0.589063 0.107813 0.592188 0.104687 0.592188 0.103125 0.603125 0.0921875 0.604688 0.0921875 0.60625 0.090625 0.607813 0.090625 0.609375 0.0890625 0.609375 0.0875 0.6125 0.084375 0.6125 0.0828125 0.614062 0.08125 0.614062 0.0796875 0.615625 0.078125 0.615625 0.075 0.614062 0.0734375 0.614062 0.0703125 0.6125 0.06875 0.6125 0.065625 0.609375 0.0625 0.6 0.0625 0.598437 0.0640625 0.584375 0.0640625 0.58125 0.0609375 0.579687 0.0609375 0.575 0.05625 0.575 0.0546875 0.56875 0.0484375 0.567187 0.0484375 0.565625 0.046875 0.564062 0.046875 0.5625 0.0453125 0.559375 0.0453125 0.557813 0.04375 0.55625 0.04375 0.554688 0.0421875 0.830468
0 0.876562 0.360938 0.873438 0.364062 0.873438 0.365625 0.871875 0.367188 0.871875 0.370313 0.86875 0.373437 0.86875 0.375 0.8625 0.38125 0.860937 0.38125 0.85625 0.385938 0.85625 0.3875 0.854688 0.389062 0.854688 0.396875 0.85625 0.398438 0.85625 0.401563 0.859375 0.404687 0.859375 0.40625 0.860937 0.407813 0.860937 0.417188 0.859375 0.41875 0.859375 0.420312 0.857813 0.421875 0.857813 0.423438 0.854688 0.426562 0.854688 0.428125 0.85625 0.429688 0.857813 0.429688 0.859375 0.43125 0.860937 0.429688 0.864062 0.429688 0.865625 0.43125 0.867188 0.43125 0.870313 0.434375 0.870313 0.435937 0.876562 0.442187 0.890625 0.442187 0.892187 0.44375 0.892187 0.445312 0.896875 0.45 0.898438 0.45 0.9 0.451562 0.9 0.453125 0.901563 0.454688 0.903125 0.454688 0.904688 0.45625 0.909375 0.45625 0.910937 0.454688 0.9125 0.454688 0.915625 0.451562 0.915625 0.448438 0.917188 0.446875 0.917188 0.439063 0.921875 0.434375 0.93125 0.434375 0.932813 0.435937 0.935938 0.435937 0.9375 0.434375 0.940625 0.434375 0.942187 0.432813 0.942187 0.417188 0.940625 0.415625 0.942187 0.414062 0.942187 0.409375 0.94375 0.407813 0.94375 0.404687 0.945312 0.403125 0.945312 0.398438 0.946875 0.396875 0.946875 0.385938 0.948438 0.384375 0.948438 0.382812 0.946875 0.38125 0.946875 0.376563 0.934375 0.376563 0.932813 0.375 0.932813 0.373437 0.93125 0.371875 0.93125 0.370313 0.929688 0.36875 0.929688 0.367188 0.926562 0.364062 0.925 0.364062 0.923437 0.365625 0.914062 0.365625 0.9125 0.364062 0.910937 0.364062 0.907812 0.360938 0.9 0.360938 0.898438 0.3625 0.8875 0.3625 0.885938 0.360938 0.829722
0 0.9375 0.240625 0.9375 0.25 0.935938 0.251563 0.935938 0.259375 0.934375 0.260938 0.934375 0.264062 0.932813 0.265625 0.932813 0.26875 0.93125 0.270312 0.93125 0.271875 0.929688 0.273438 0.929688 0.276563 0.926562 0.279687 0.926562 0.284375 0.925 0.285937 0.925 0.301562 0.921875 0.304688 0.920313 0.304688 0.920313 0.30625 0.91875 0.307813 0.91875 0.31875 0.917188 0.320312 0.917188 0.323438 0.915625 0.325 0.915625 0.33125 0.917188 0.332812 0.917188 0.334375 0.915625 0.335938 0.915625 0.346875 0.917188 0.348437 0.917188 0.353125 0.91875 0.354688 0.91875 0.35625 0.921875 0.359375 0.923437 0.359375 0.925 0.360938 0.929688 0.360938 0.93125 0.3625 0.932813 0.3625 0.934375 0.364062 0.9375 0.364062 0.939062 0.365625 0.946875 0.365625 0.948438 0.364062 0.95 0.364062 0.954687 0.359375 0.954687 0.357812 0.957812 0.354688 0.959375 0.354688 0.960938 0.353125 0.971875 0.353125 0.973437 0.351562 0.978125 0.351562 0.982813 0.346875 0.982813 0.345313 0.989062 0.339063 0.990625 0.339063 0.992188 0.3375 0.998438 0.3375 0.998438 0.26875 0.995313 0.26875 0.99375 0.270312 0.992188 0.270312 0.990625 0.271875 0.989062 0.271875 0.9875 0.273438 0.985937 0.273438 0.984375 0.275 0.982813 0.275 0.979688 0.271875 0.979688 0.267188 0.978125 0.265625 0.978125 0.2625 0.976562 0.260938 0.976562 0.259375 0.96875 0.259375 0.967188 0.257812 0.960938 0.257812 0.959375 0.25625 0.957812 0.25625 0.954687 0.253125 0.954687 0.251563 0.953125 0.25 0.953125 0.246875 0.951563 0.245312 0.951563 0.240625 0.828798
0 0.353125 0.26875 0.351562 0.270312 0.351562 0.271875 0.357812 0.271875 0.357812 0.26875 0.353125 0.26875 0.35 0.253125 0.351562 0.251563 0.357812 0.251563 0.357812 0.239063 0.35 0.239063 0.348437 0.2375 0.346875 0.2375 0.345313 0.235938 0.34375 0.235938 0.339063 0.23125 0.339063 0.228125 0.3375 0.226562 0.3375 0.225 0.334375 0.221875 0.3375 0.21875 0.340625 0.21875 0.342187 0.217187 0.342187 0.215625 0.34375 0.214062 0.34375 0.2125 0.345313 0.210938 0.345313 0.209375 0.346875 0.207813 0.346875 0.198437 0.34375 0.195312 0.340625 0.195312 0.332812 0.1875 0.332812 0.185937 0.33125 0.184375 0.33125 0.173438 0.329688 0.171875 0.329688 0.167187 0.326562 0.164062 0.325 0.164062 0.323438 0.1625 0.320312 0.1625 0.31875 0.160938 0.31875 0.153125 0.310937 0.153125 0.310937 0.159375 0.309375 0.160938 0.30625 0.160938 0.303125 0.157813 0.303125 0.153125 0.259375 0.153125 0.259375 0.165625 0.260938 0.167187 0.260938 0.179688 0.259375 0.18125 0.259375 0.182812 0.257812 0.184375 0.257812 0.185937 0.254687 0.189063 0.253125 0.189063 0.251563 0.190625 0.251563 0.192188 0.248437 0.195312 0.246875 0.195312 0.246875 0.198437 0.248437 0.2 0.248437 0.201562 0.251563 0.204688 0.253125 0.204688 0.254687 0.20625 0.254687 0.207813 0.25625 0.209375 0.25625 0.210938 0.259375 0.214062 0.25625 0.217187 0.25625 0.21875 0.254687 0.220313 0.254687 0.221875 0.253125 0.223438 0.25 0.220313 0.25 0.217187 0.246875 0.214062 0.24375 0.214062 0.240625 0.217187 0.234375 0.217187 0.234375 0.25 0.240625 0.25 0.24375 0.246875 0.248437 0.246875 0.25 0.245312 0.253125 0.245312 0.254687 0.246875 0.25625 0.246875 0.257812 0.248437 0.259375 0.248437 0.2625 0.251563 0.2625 0.253125 0.264062 0.254687 0.264062 0.25625 0.265625 0.257812 0.265625 0.264062 0.26875 0.267188 0.271875 0.267188 0.273438 0.26875 0.284375 0.26875 0.285937 0.270312 0.29375 0.270312 0.295312 0.26875 0.296875 0.270312 0.298438 0.270312 0.3 0.271875 0.304688 0.271875 0.30625 0.273438 0.310937 0.273438 0.3125 0.271875 0.317187 0.271875 0.31875 0.270312 0.321875 0.270312 0.325 0.267188 0.325 0.25625 0.328125 0.253125 0.35 0.253125 0.828404
0 0.435937 0.065625 0.435937 0.0703125 0.432813 0.0734375 0.428125 0.0734375 0.426562 0.075 0.41875 0.075 0.417188 0.0765625 0.410937 0.0765625 0.409375 0.078125 0.40625 0.078125 0.403125 0.08125 0.403125 0.0859375 0.404687 0.0875 0.404687 0.0921875 0.40625 0.09375 0.40625 0.0953125 0.407813 0.096875 0.407813 0.0984375 0.410937 0.101562 0.410937 0.104687 0.409375 0.10625 0.409375 0.107813 0.407813 0.109375 0.404687 0.109375 0.403125 0.110937 0.395312 0.110937 0.39375 0.1125 0.392188 0.1125 0.390625 0.114063 0.384375 0.114063 0.384375 0.125 0.390625 0.125 0.39375 0.128125 0.39375 0.129688 0.395312 0.129688 0.398438 0.132812 0.398438 0.148438 0.4 0.15 0.4 0.153125 0.401563 0.154687 0.401563 0.157813 0.403125 0.159375 0.403125 0.160938 0.404687 0.1625 0.407813 0.1625 0.409375 0.164062 0.414062 0.164062 0.415625 0.165625 0.417188 0.165625 0.420312 0.16875 0.420312 0.170312 0.425 0.175 0.425 0.176563 0.426562 0.178125 0.429688 0.178125 0.43125 0.179688 0.434375 0.179688 0.435937 0.178125 0.440625 0.178125 0.442187 0.176563 0.445312 0.176563 0.446875 0.175 0.448438 0.175 0.45 0.173438 0.451562 0.173438 0.453125 0.171875 0.45625 0.171875 0.457812 0.170312 0.459375 0.170312 0.460938 0.16875 0.464063 0.16875 0.465625 0.167187 0.46875 0.167187 0.470313 0.165625 0.471875 0.165625 0.475 0.1625 0.475 0.160938 0.48125 0.154687 0.482812 0.154687 0.484375 0.153125 0.485938 0.153125 0.4875 0.151562 0.489062 0.151562 0.495313 0.145313 0.501562 0.145313 0.501562 0.0890625 0.495313 0.0890625 0.495313 0.090625 0.49375 0.0921875 0.49375 0.107813 0.492188 0.109375 0.492188 0.110937 0.490625 0.1125 0.489062 0.110937 0.489062 0.104687 0.4875 0.103125 0.4875 0.101562 0.489062 0.1 0.489062 0.09375 0.4875 0.0921875 0.4875 0.0890625 0.475 0.0765625 0.473437 0.0765625 0.471875 0.075 0.465625 0.075 0.464063 0.0734375 0.457812 0.0734375 0.45625 0.071875 0.45625 0.065625 0.827152
0 0.528125 0.264062 0.532812 0.264062 0.528125 0.264062 0.515625 0.253125 0.515625 0.248437 0.514063 0.246875 0.514063 0.245312 0.515625 0.24375 0.51875 0.24375 0.520312 0.242188 0.523438 0.242188 0.525 0.240625 0.525 0.234375 0.521875 0.23125 0.521875 0.229687 0.520312 0.228125 0.520312 0.225 0.51875 0.223438 0.51875 0.221875 0.523438 0.217187 0.525 0.217187 0.526563 0.215625 0.532812 0.215625 0.532812 0.2125 0.528125 0.2125 0.526563 0.210938 0.526563 0.209375 0.51875 0.201562 0.517187 0.201562 0.514063 0.198437 0.510938 0.198437 0.507812 0.195312 0.507812 0.190625 0.50625 0.189063 0.50625 0.184375 0.503125 0.18125 0.501562 0.18125 0.5 0.179688 0.495313 0.179688 0.49375 0.178125 0.490625 0.178125 0.485938 0.173438 0.484375 0.173438 0.482812 0.171875 0.482812 0.165625 0.454688 0.165625 0.454688 0.170312 0.451562 0.173438 0.45 0.173438 0.440625 0.182812 0.439063 0.182812 0.4375 0.184375 0.435937 0.184375 0.426562 0.19375 0.421875 0.19375 0.421875 0.245312 0.428125 0.245312 0.432813 0.25 0.432813 0.251563 0.434375 0.253125 0.434375 0.259375 0.439063 0.264062 0.44375 0.264062 0.445312 0.2625 0.446875 0.2625 0.448438 0.264062 0.460938 0.264062 0.4625 0.265625 0.465625 0.265625 0.471875 0.271875 0.473437 0.271875 0.479688 0.278125 0.48125 0.278125 0.482812 0.279687 0.490625 0.279687 0.492188 0.278125 0.49375 0.278125 0.495313 0.276563 0.495313 0.273438 0.496875 0.271875 0.496875 0.270312 0.495313 0.26875 0.495313 0.265625 0.49375 0.264062 0.49375 0.2625 0.492188 0.260938 0.492188 0.25625 0.495313 0.253125 0.504687 0.253125 0.50625 0.254687 0.510938 0.254687 0.5125 0.253125 0.515625 0.253125 0.823346
0 0.640625 0.140625 0.640625 0.170312 0.6375 0.173438 0.620313 0.173438 0.617188 0.176563 0.617188 0.182812 0.61875 0.184375 0.61875 0.185937 0.621875 0.189063 0.621875 0.192188 0.620313 0.19375 0.6125 0.19375 0.610937 0.192188 0.603125 0.192188 0.603125 0.223438 0.617188 0.223438 0.621875 0.228125 0.621875 0.235938 0.623438 0.2375 0.623438 0.240625 0.626562 0.24375 0.626562 0.245312 0.629687 0.248437 0.63125 0.248437 0.635938 0.253125 0.6375 0.253125 0.639063 0.254687 0.642187 0.254687 0.64375 0.25625 0.65 0.25625 0.651563 0.257812 0.660937 0.257812 0.6625 0.259375 0.671875 0.259375 0.673437 0.257812 0.675 0.257812 0.676562 0.25625 0.678125 0.25625 0.682813 0.251563 0.684375 0.251563 0.690625 0.245312 0.695312 0.245312 0.696875 0.24375 0.698438 0.24375 0.7 0.242188 0.701563 0.242188 0.703125 0.240625 0.703125 0.234375 0.704687 0.232812 0.704687 0.23125 0.70625 0.229687 0.707812 0.229687 0.710938 0.226562 0.710938 0.225 0.7125 0.223438 0.7125 0.214062 0.714063 0.2125 0.714063 0.20625 0.715625 0.204688 0.715625 0.201562 0.7125 0.198437 0.7125 0.196875 0.710938 0.195312 0.710938 0.190625 0.709375 0.189063 0.709375 0.178125 0.703125 0.171875 0.7 0.171875 0.698438 0.170312 0.696875 0.170312 0.690625 0.164062 0.690625 0.1625 0.689062 0.160938 0.689062 0.159375 0.6875 0.157813 0.6875 0.15625 0.684375 0.153125 0.678125 0.153125 0.676562 0.154687 0.675 0.154687 0.670313 0.159375 0.665625 0.159375 0.6625 0.15625 0.6625 0.154687 0.660937 0.153125 0.660937 0.15 0.657812 0.146875 0.657812 0.140625 0.822973
0 0.7875 0.359375 0.7875 0.365625 0.785937 0.367188 0.785937 0.36875 0.78125 0.373437 0.78125 0.375 0.776563 0.379687 0.771875 0.379687 0.771875 0.403125 0.776563 0.403125 0.78125 0.407813 0.78125 0.409375 0.785937 0.414062 0.785937 0.423438 0.784375 0.425 0.784375 0.426562 0.782812 0.428125 0.785937 0.43125 0.7875 0.43125 0.789062 0.432813 0.790625 0.432813 0.792188 0.43125 0.795313 0.43125 0.803125 0.439063 0.803125 0.440625 0.804688 0.442187 0.804688 0.445312 0.80625 0.446875 0.80625 0.45 0.807813 0.451562 0.807813 0.457812 0.810938 0.457812 0.815625 0.453125 0.815625 0.45 0.817187 0.448438 0.817187 0.446875 0.820312 0.44375 0.829687 0.44375 0.83125 0.442187 0.834375 0.442187 0.835938 0.440625 0.8375 0.440625 0.8375 0.439063 0.839063 0.4375 0.839063 0.435937 0.840625 0.434375 0.840625 0.432813 0.846875 0.426562 0.848437 0.426562 0.85 0.425 0.851562 0.425 0.853125 0.423438 0.853125 0.421875 0.854688 0.420312 0.854688 0.417188 0.853125 0.415625 0.853125 0.392188 0.851562 0.390625 0.851562 0.382812 0.85 0.38125 0.85 0.379687 0.848437 0.378125 0.848437 0.376563 0.846875 0.376563 0.84375 0.373437 0.84375 0.371875 0.835938 0.364062 0.835938 0.359375 0.820342
0 0.789062 0.265625 0.7875 0.267188 0.776563 0.267188 0.775 0.26875 0.770312 0.26875 0.767187 0.271875 0.765625 0.271875 0.760938 0.276563 0.759375 0.276563 0.751562 0.284375 0.751562 0.285937 0.748438 0.289062 0.748438 0.292188 0.75 0.29375 0.75 0.3 0.748438 0.301562 0.748438 0.303125 0.746875 0.304688 0.740625 0.304688 0.740625 0.323438 0.745313 0.323438 0.748438 0.326562 0.748438 0.332812 0.75 0.334375 0.75 0.3375 0.753125 0.340625 0.753125 0.342187 0.754687 0.34375 0.75625 0.34375 0.757812 0.345313 0.7625 0.345313 0.764063 0.346875 0.765625 0.346875 0.770312 0.351562 0.770312 0.353125 0.773438 0.35625 0.775 0.35625 0.776563 0.357812 0.782812 0.357812 0.785937 0.354688 0.7875 0.354688 0.790625 0.351562 0.79375 0.351562 0.795313 0.35 0.798437 0.35 0.8 0.348437 0.801562 0.348437 0.804688 0.345313 0.804688 0.342187 0.815625 0.33125 0.815625 0.329688 0.817187 0.328125 0.817187 0.326562 0.81875 0.325 0.81875 0.323438 0.820312 0.321875 0.820312 0.317187 0.821875 0.315625 0.821875 0.3125 0.820312 0.310937 0.820312 0.2875 0.809375 0.276563 0.809375 0.275 0.804688 0.270312 0.804688 0.26875 0.803125 0.26875 0.801562 0.267188 0.795313 0.267188 0.79375 0.265625 0.819068
0 0.821875 0.003125 0.821875 0.0125 0.826563 0.0125 0.829687 0.015625 0.83125 0.015625 0.832812 0.0171875 0.835938 0.0171875 0.8375 0.01875 0.840625 0.01875 0.842188 0.0203125 0.842188 0.0234375 0.84375 0.025 0.84375 0.0265625 0.842188 0.028125 0.842188 0.0296875 0.840625 0.03125 0.840625 0.0328125 0.8375 0.0359375 0.8375 0.0375 0.835938 0.0390625 0.835938 0.0421875 0.834375 0.04375 0.834375 0.0515625 0.835938 0.053125 0.839063 0.053125 0.840625 0.0546875 0.842188 0.0546875 0.84375 0.05625 0.857813 0.05625 0.859375 0.0546875 0.864062 0.0546875 0.865625 0.05625 0.86875 0.05625 0.870313 0.0578125 0.871875 0.0578125 0.875 0.0609375 0.876562 0.0609375 0.878125 0.0625 0.88125 0.0625 0.882812 0.0640625 0.884375 0.0640625 0.885938 0.0625 0.890625 0.0625 0.892187 0.0609375 0.89375 0.0609375 0.895312 0.059375 0.896875 0.059375 0.898438 0.0578125 0.898438 0.05625 0.901563 0.053125 0.901563 0.0515625 0.909375 0.04375 0.910937 0.04375 0.9125 0.0421875 0.917188 0.0421875 0.91875 0.040625 0.920313 0.040625 0.921875 0.0390625 0.923437 0.040625 0.926562 0.040625 0.928125 0.0421875 0.932813 0.0421875 0.932813 0.0390625 0.928125 0.0390625 0.925 0.0359375 0.925 0.03125 0.923437 0.0296875 0.923437 0.0125 0.925 0.0109375 0.925 0.009375 0.926562 0.0078125 0.926562 0.003125 0.818485
0 0.290625 0.003125 0.290625 0.0109375 0.3 0.0109375 0.301562 0.0125 0.304688 0.0125 0.309375 0.0171875 0.309375 0.025 0.307813 0.0265625 0.307813 0.028125 0.301562 0.034375 0.301562 0.0375 0.3 0.0390625 0.3 0.040625 0.298438 0.0421875 0.298438 0.04375 0.296875 0.0453125 0.290625 0.0453125 0.290625 0.0484375 0.295312 0.0484375 0.296875 0.05 0.296875 0.0515625 0.3 0.0546875 0.3 0.05625 0.303125 0.059375 0.304688 0.059375 0.30625 0.0609375 0.307813 0.0609375 0.309375 0.0625 0.310937 0.0625 0.3125 0.0640625 0.314063 0.0640625 0.317187 0.0671875 0.31875 0.0671875 0.320312 0.06875 0.320312 0.0703125 0.321875 0.071875 0.323438 0.071875 0.325 0.0734375 0.326562 0.0734375 0.328125 0.075 0.34375 0.075 0.345313 0.0765625 0.348437 0.0734375 0.348437 0.071875 0.35 0.0703125 0.35 0.0578125 0.351562 0.05625 0.354688 0.05625 0.35625 0.0578125 0.360938 0.0578125 0.3625 0.059375 0.365625 0.059375 0.365625 0.0546875 0.364062 0.053125 0.364062 0.0453125 0.365625 0.04375 0.365625 0.0421875 0.370313 0.0375 0.373437 0.0375 0.375 0.0390625 0.376563 0.0390625 0.378125 0.040625 0.379687 0.040625 0.38125 0.0421875 0.382812 0.0421875 0.384375 0.04375 0.384375 0.0453125 0.3875 0.0484375 0.3875 0.0625 0.385938 0.0640625 0.3875 0.065625 0.3875 0.06875 0.389062 0.0703125 0.389062 0.071875 0.395312 0.071875 0.395312 0.003125 0.818348
0 0.670313 0.0203125 0.665625 0.0203125 0.664062 0.021875 0.664062 0.0234375 0.6625 0.025 0.6625 0.028125 0.660937 0.0296875 0.660937 0.034375 0.659375 0.0359375 0.659375 0.0375 0.657812 0.0390625 0.657812 0.040625 0.65625 0.0421875 0.65625 0.0515625 0.657812 0.053125 0.657812 0.0546875 0.670313 0.0546875 0.670313 0.0203125 0.670313 0.0109375 0.670313 0.003125 0.545313 0.003125 0.545313 0.009375 0.546875 0.0109375 0.546875 0.0125 0.548437 0.0140625 0.546875 0.015625 0.546875 0.0171875 0.545313 0.01875 0.54375 0.01875 0.542188 0.0203125 0.540625 0.0203125 0.539062 0.021875 0.534375 0.021875 0.534375 0.0296875 0.542188 0.0296875 0.54375 0.03125 0.545313 0.03125 0.546875 0.0328125 0.548437 0.0328125 0.55 0.034375 0.553125 0.034375 0.55625 0.0375 0.559375 0.0375 0.560938 0.0390625 0.5625 0.0390625 0.564062 0.040625 0.565625 0.040625 0.575 0.05 0.575 0.0515625 0.576563 0.053125 0.576563 0.0546875 0.578125 0.05625 0.578125 0.0578125 0.579687 0.0578125 0.584375 0.0625 0.585938 0.0625 0.5875 0.0640625 0.590625 0.0640625 0.592188 0.0625 0.59375 0.0625 0.598437 0.0578125 0.598437 0.05 0.6 0.0484375 0.6 0.0421875 0.601562 0.040625 0.601562 0.0390625 0.603125 0.0375 0.60625 0.0375 0.607813 0.0359375 0.609375 0.0375 0.610937 0.0375 0.61875 0.0453125 0.61875 0.046875 0.621875 0.05 0.621875 0.0515625 0.625 0.0546875 0.628125 0.0546875 0.632812 0.05 0.632812 0.0484375 0.634375 0.046875 0.634375 0.03125 0.632812 0.0296875 0.632812 0.0265625 0.63125 0.025 0.63125 0.0234375 0.629687 0.021875 0.629687 0.01875 0.63125 0.0171875 0.63125 0.015625 0.634375 0.0125 0.645312 0.0125 0.646875 0.0109375 0.651563 0.0109375 0.653125 0.009375 0.65625 0.009375 0.657812 0.0078125 0.659375 0.0078125 0.660937 0.009375 0.6625 0.009375 0.664062 0.0109375 0.670313 0.0109375 0.818164
0 0.832812 0.0546875 0.83125 0.05625 0.828125 0.05625 0.825 0.059375 0.825 0.0609375 0.821875 0.0640625 0.821875 0.065625 0.820312 0.0671875 0.81875 0.0671875 0.815625 0.0703125 0.8125 0.0671875 0.8125 0.065625 0.810938 0.0640625 0.810938 0.0625 0.80625 0.0578125 0.804688 0.0578125 0.803125 0.05625 0.795313 0.05625 0.79375 0.0578125 0.792188 0.0578125 0.790625 0.059375 0.789062 0.059375 0.7875 0.0609375 0.785937 0.0609375 0.782812 0.0640625 0.771875 0.0640625 0.771875 0.096875 0.778125 0.096875 0.779688 0.0984375 0.782812 0.0984375 0.785937 0.101562 0.785937 0.109375 0.784375 0.110937 0.782812 0.110937 0.778125 0.115625 0.771875 0.115625 0.771875 0.142188 0.78125 0.142188 0.782812 0.14375 0.789062 0.14375 0.792188 0.146875 0.79375 0.146875 0.798437 0.151562 0.8 0.151562 0.801562 0.153125 0.803125 0.153125 0.809375 0.159375 0.809375 0.160938 0.810938 0.1625 0.810938 0.164062 0.8125 0.165625 0.8125 0.16875 0.814062 0.170312 0.814062 0.176563 0.815625 0.178125 0.815625 0.182812 0.821875 0.182812 0.821875 0.173438 0.823438 0.171875 0.823438 0.167187 0.828125 0.1625 0.829687 0.164062 0.8375 0.164062 0.839063 0.165625 0.846875 0.157813 0.846875 0.15625 0.848437 0.154687 0.848437 0.153125 0.85 0.151562 0.85 0.148438 0.851562 0.146875 0.851562 0.145313 0.853125 0.14375 0.853125 0.142188 0.854688 0.140625 0.854688 0.1375 0.85625 0.135937 0.85625 0.13125 0.857813 0.129688 0.857813 0.125 0.859375 0.123438 0.859375 0.121875 0.864062 0.117188 0.864062 0.115625 0.865625 0.114063 0.865625 0.1125 0.867188 0.110937 0.867188 0.101562 0.865625 0.1 0.865625 0.0953125 0.864062 0.09375 0.864062 0.0828125 0.8625 0.08125 0.8625 0.0796875 0.859375 0.0765625 0.853125 0.0765625 0.851562 0.075 0.846875 0.075 0.84375 0.071875 0.84375 0.06875 0.842188 0.0671875 0.842188 0.065625 0.840625 0.0640625 0.840625 0.0625 0.816797
0 0.390625 0.353125 0.390625 0.365625 0.396875 0.365625 0.398438 0.367188 0.404687 0.367188 0.407813 0.370313 0.407813 0.371875 0.40625 0.373437 0.40625 0.376563 0.404687 0.378125 0.40625 0.379687 0.40625 0.385938 0.407813 0.3875 0.407813 0.390625 0.4 0.398438 0.4 0.4 0.398438 0.401563 0.398438 0.403125 0.395312 0.40625 0.390625 0.40625 0.390625 0.414062 0.396875 0.414062 0.398438 0.415625 0.4 0.415625 0.403125 0.41875 0.403125 0.420312 0.404687 0.421875 0.404687 0.428125 0.401563 0.43125 0.401563 0.435937 0.410937 0.445312 0.4125 0.445312 0.420312 0.453125 0.426562 0.453125 0.435937 0.4625 0.440625 0.4625 0.442187 0.464063 0.44375 0.464063 0.445312 0.465625 0.445312 0.470313 0.445312 0.464063 0.446875 0.4625 0.446875 0.459375 0.448438 0.457812 0.448438 0.45625 0.45 0.454688 0.453125 0.454688 0.454688 0.45625 0.45625 0.45625 0.457812 0.457812 0.465625 0.457812 0.467187 0.459375 0.471875 0.459375 0.482812 0.448438 0.484375 0.448438 0.485938 0.446875 0.501562 0.446875 0.501562 0.384375 0.495313 0.384375 0.495313 0.389062 0.492188 0.392188 0.492188 0.39375 0.490625 0.395312 0.4875 0.392188 0.4875 0.389062 0.485938 0.3875 0.485938 0.378125 0.484375 0.376563 0.482812 0.376563 0.478125 0.371875 0.45625 0.371875 0.453125 0.36875 0.453125 0.367188 0.451562 0.365625 0.451562 0.364062 0.448438 0.360938 0.448438 0.359375 0.446875 0.357812 0.446875 0.353125 0.429688 0.353125 0.429688 0.364062 0.426562 0.367188 0.425 0.367188 0.423438 0.36875 0.420312 0.36875 0.41875 0.367188 0.417188 0.367188 0.414062 0.364062 0.415625 0.3625 0.415625 0.353125 0.814595
0 0.423438 0.728125 0.423438 0.734375 0.420312 0.7375 0.41875 0.7375 0.415625 0.740625 0.415625 0.742188 0.414062 0.74375 0.414062 0.746875 0.4125 0.748438 0.4125 0.75 0.410937 0.751562 0.409375 0.751562 0.409375 0.753125 0.407813 0.754687 0.407813 0.759375 0.40625 0.760938 0.40625 0.773438 0.404687 0.775 0.404687 0.785937 0.40625 0.7875 0.40625 0.803125 0.407813 0.804688 0.410937 0.804688 0.4125 0.80625 0.417188 0.80625 0.421875 0.810938 0.421875 0.814062 0.423438 0.815625 0.423438 0.81875 0.425 0.820312 0.425 0.826563 0.426562 0.828125 0.43125 0.828125 0.432813 0.829687 0.434375 0.829687 0.435937 0.828125 0.442187 0.828125 0.44375 0.829687 0.448438 0.829687 0.45 0.83125 0.454688 0.83125 0.45625 0.829687 0.457812 0.829687 0.4625 0.825 0.4625 0.823438 0.465625 0.820312 0.467187 0.820312 0.46875 0.81875 0.471875 0.81875 0.473437 0.817187 0.475 0.817187 0.478125 0.814062 0.478125 0.810938 0.479688 0.809375 0.479688 0.807813 0.484375 0.803125 0.49375 0.803125 0.495313 0.801562 0.496875 0.801562 0.5 0.798437 0.5 0.796875 0.501562 0.795313 0.501562 0.79375 0.5 0.792188 0.5 0.789062 0.498437 0.7875 0.498437 0.778125 0.5 0.776563 0.5 0.770312 0.501562 0.76875 0.501562 0.7625 0.5 0.760938 0.5 0.754687 0.498437 0.753125 0.498437 0.748438 0.496875 0.746875 0.496875 0.745313 0.495313 0.74375 0.495313 0.742188 0.49375 0.742188 0.490625 0.739062 0.475 0.739062 0.470313 0.734375 0.470313 0.728125 0.464063 0.728125 0.464063 0.732813 0.460938 0.735937 0.45625 0.735937 0.453125 0.732813 0.453125 0.728125 0.81414
0 0 0.159375 0 0.264062 0.00625 0.264062 0.00625 0.253125 0.0078125 0.251563 0.0171875 0.251563 0.01875 0.25 0.021875 0.25 0.0234375 0.248437 0.0265625 0.248437 0.028125 0.246875 0.028125 0.2375 0.03125 0.234375 0.0328125 0.234375 0.034375 0.232812 0.04375 0.232812 0.0453125 0.23125 0.0484375 0.23125 0.05 0.229687 0.0515625 0.229687 0.053125 0.228125 0.0546875 0.228125 0.0546875 0.225 0.053125 0.223438 0.053125 0.221875 0.0421875 0.210938 0.040625 0.210938 0.0390625 0.209375 0.0390625 0.201562 0.046875 0.19375 0.046875 0.192188 0.0484375 0.190625 0.0484375 0.182812 0.04375 0.178125 0.0421875 0.178125 0.040625 0.176563 0.034375 0.176563 0.0328125 0.175 0.028125 0.175 0.025 0.171875 0.025 0.16875 0.0234375 0.167187 0.0234375 0.159375 0.812648
0 0.184375 0.259375 0.182812 0.259375 0.182812 0.2625 0.184375 0.264062 0.184375 0.270312 0.184375 0.259375 0.195312 0.25625 0.196875 0.257812 0.2 0.257812 0.201562 0.25625 0.209375 0.25625 0.210938 0.254687 0.214062 0.254687 0.215625 0.253125 0.215625 0.251563 0.217187 0.25 0.21875 0.25 0.220313 0.248437 0.229687 0.248437 0.23125 0.25 0.2375 0.25 0.239063 0.248437 0.240625 0.248437 0.242188 0.246875 0.24375 0.246875 0.24375 0.24375 0.242188 0.242188 0.242188 0.239063 0.239063 0.235938 0.239063 0.228125 0.242188 0.225 0.242188 0.223438 0.24375 0.221875 0.24375 0.217187 0.245312 0.215625 0.245312 0.214062 0.24375 0.2125 0.24375 0.2 0.242188 0.198437 0.242188 0.196875 0.239063 0.19375 0.239063 0.190625 0.2375 0.189063 0.2375 0.185937 0.235938 0.184375 0.235938 0.182812 0.234375 0.18125 0.234375 0.179688 0.232812 0.178125 0.229687 0.178125 0.228125 0.176563 0.226562 0.176563 0.220313 0.170312 0.220313 0.165625 0.201562 0.165625 0.201562 0.170312 0.2 0.171875 0.196875 0.171875 0.195312 0.170312 0.195312 0.165625 0.1875 0.165625 0.1875 0.170312 0.185937 0.171875 0.182812 0.171875 0.18125 0.173438 0.178125 0.173438 0.176563 0.175 0.175 0.175 0.173438 0.176563 0.173438 0.184375 0.167187 0.190625 0.165625 0.190625 0.164062 0.192188 0.1625 0.192188 0.160938 0.19375 0.159375 0.19375 0.157813 0.195312 0.153125 0.195312 0.153125 0.2125 0.1625 0.2125 0.165625 0.215625 0.165625 0.220313 0.167187 0.221875 0.167187 0.225 0.16875 0.226562 0.16875 0.234375 0.170312 0.235938 0.179688 0.235938 0.18125 0.2375 0.190625 0.2375 0.19375 0.240625 0.19375 0.251563 0.195312 0.253125 0.195312 0.25625 0.811593
0 0.70625 0.557813 0.732813 0.557813 0.732813 0.5375 0.720312 0.5375 0.720312 0.539062 0.717188 0.542188 0.717188 0.54375 0.714063 0.546875 0.7125 0.546875 0.70625 0.553125 0.70625 0.557813 0.6625 0.557813 0.6625 0.551562 0.660937 0.55 0.660937 0.546875 0.654688 0.540625 0.653125 0.540625 0.651563 0.539062 0.65 0.539062 0.646875 0.535937 0.646875 0.53125 0.645312 0.529688 0.645312 0.528125 0.65 0.523438 0.653125 0.523438 0.657812 0.528125 0.66875 0.528125 0.670313 0.529688 0.671875 0.529688 0.673437 0.528125 0.676562 0.528125 0.679688 0.525 0.679688 0.523438 0.68125 0.521875 0.68125 0.520312 0.682813 0.51875 0.684375 0.51875 0.685938 0.517187 0.698438 0.517187 0.7 0.51875 0.703125 0.51875 0.704687 0.517187 0.704687 0.514063 0.70625 0.5125 0.70625 0.507812 0.7125 0.501562 0.7125 0.5 0.714063 0.498437 0.714063 0.49375 0.7125 0.492188 0.7125 0.490625 0.710938 0.489062 0.710938 0.4875 0.709375 0.485938 0.707812 0.485938 0.70625 0.484375 0.70625 0.482812 0.704687 0.48125 0.704687 0.478125 0.7125 0.470313 0.7125 0.46875 0.714063 0.467187 0.714063 0.465625 0.715625 0.464063 0.715625 0.454688 0.7125 0.451562 0.710938 0.451562 0.709375 0.45 0.70625 0.45 0.704687 0.448438 0.703125 0.448438 0.701563 0.446875 0.701563 0.445312 0.7 0.44375 0.7 0.440625 0.698438 0.439063 0.698438 0.435937 0.695312 0.432813 0.695312 0.43125 0.732813 0.421875 0.732813 0.428125 0.623438 0.421875 0.603125 0.421875 0.603125 0.434375 0.609375 0.434375 0.610937 0.435937 0.615625 0.435937 0.615625 0.434375 0.623438 0.426562 0.623438 0.421875 0.732813 0.428125 0.726562 0.428125 0.725 0.429688 0.7125 0.429688 0.710938 0.43125 0.704687 0.43125 0.703125 0.429688 0.7 0.429688 0.698438 0.428125 0.698438 0.421875 0.732813 0.421875 0.695312 0.43125 0.69375 0.43125 0.692187 0.429688 0.689062 0.429688 0.6875 0.43125 0.684375 0.43125 0.682813 0.432813 0.68125 0.432813 0.679688 0.434375 0.675 0.434375 0.673437 0.435937 0.671875 0.435937 0.670313 0.4375 0.66875 0.435937 0.659375 0.435937 0.653125 0.429688 0.651563 0.429688 0.646875 0.434375 0.646875 0.435937 0.64375 0.439063 0.64375 0.44375 0.642187 0.445312 0.642187 0.446875 0.639063 0.45 0.6375 0.45 0.635938 0.451562 0.634375 0.451562 0.632812 0.453125 0.632812 0.454688 0.63125 0.45625 0.63125 0.459375 0.629687 0.460938 0.629687 0.495313 0.63125 0.496875 0.63125 0.504687 0.634375 0.507812 0.639063 0.507812 0.642187 0.510938 0.64375 0.510938 0.646875 0.514063 0.646875 0.517187 0.648438 0.51875 0.648438 0.521875 0.65 0.523438 0.645312 0.528125 0.639063 0.528125 0.6375 0.529688 0.635938 0.529688 0.632812 0.532812 0.632812 0.539062 0.629687 0.542188 0.628125 0.542188 0.626562 0.54375 0.6125 0.54375 0.610937 0.545313 0.603125 0.545313 0.603125 0.557813 0.6625 0.557813 0.810425
0 0.417188 0.540625 0.417188 0.546875 0.414062 0.55 0.4125 0.55 0.410937 0.551562 0.407813 0.551562 0.40625 0.55 0.404687 0.55 0.403125 0.548437 0.396875 0.548437 0.395312 0.546875 0.39375 0.546875 0.392188 0.548437 0.385938 0.548437 0.38125 0.553125 0.38125 0.554688 0.379687 0.55625 0.379687 0.5625 0.378125 0.564062 0.378125 0.567187 0.373437 0.571875 0.371875 0.571875 0.367188 0.576563 0.367188 0.578125 0.365625 0.579687 0.365625 0.58125 0.364062 0.582812 0.364062 0.585938 0.3625 0.5875 0.3625 0.589063 0.359375 0.592188 0.353125 0.592188 0.353125 0.6125 0.359375 0.6125 0.360938 0.614062 0.360938 0.617188 0.3625 0.61875 0.3625 0.625 0.364062 0.626562 0.364062 0.628125 0.365625 0.629687 0.365625 0.63125 0.367188 0.632812 0.36875 0.632812 0.370313 0.634375 0.371875 0.634375 0.373437 0.632812 0.379687 0.632812 0.38125 0.634375 0.382812 0.634375 0.3875 0.639063 0.3875 0.640625 0.390625 0.64375 0.390625 0.645312 0.392188 0.646875 0.39375 0.646875 0.395312 0.648438 0.409375 0.648438 0.410937 0.646875 0.434375 0.646875 0.445312 0.635938 0.446875 0.635938 0.448438 0.634375 0.454688 0.634375 0.45625 0.632812 0.453125 0.629687 0.453125 0.628125 0.451562 0.626562 0.451562 0.625 0.45 0.623438 0.45 0.620313 0.451562 0.61875 0.451562 0.615625 0.457812 0.609375 0.457812 0.607813 0.459375 0.60625 0.459375 0.604688 0.460938 0.603125 0.460938 0.596875 0.459375 0.595312 0.459375 0.59375 0.454688 0.589063 0.454688 0.585938 0.453125 0.584375 0.453125 0.579687 0.454688 0.578125 0.454688 0.575 0.45625 0.573438 0.45625 0.56875 0.451562 0.564062 0.448438 0.564062 0.446875 0.5625 0.44375 0.5625 0.442187 0.560938 0.439063 0.560938 0.4375 0.559375 0.4375 0.557813 0.434375 0.554688 0.434375 0.553125 0.43125 0.55 0.43125 0.548437 0.428125 0.545313 0.428125 0.540625 0.809088
0 0.98125 0.721875 0.98125 0.726562 0.979688 0.728125 0.978125 0.728125 0.975 0.73125 0.975 0.732813 0.973437 0.734375 0.971875 0.734375 0.96875 0.7375 0.967188 0.7375 0.965625 0.739062 0.9625 0.739062 0.960938 0.740625 0.954687 0.740625 0.953125 0.742188 0.95 0.742188 0.948438 0.74375 0.940625 0.74375 0.940625 0.75625 0.945312 0.75625 0.948438 0.759375 0.948438 0.760938 0.95 0.7625 0.95 0.764063 0.951563 0.765625 0.951563 0.767187 0.953125 0.76875 0.953125 0.778125 0.951563 0.779688 0.951563 0.784375 0.959375 0.792188 0.959375 0.79375 0.960938 0.795313 0.960938 0.803125 0.959375 0.804688 0.959375 0.814062 0.960938 0.815625 0.9625 0.815625 0.964063 0.817187 0.965625 0.817187 0.967188 0.815625 0.971875 0.815625 0.976562 0.810938 0.978125 0.810938 0.979688 0.809375 0.98125 0.809375 0.982813 0.807813 0.984375 0.807813 0.985937 0.809375 0.99375 0.809375 0.995313 0.810938 0.998438 0.810938 0.998438 0.721875 0.807719
0 0.423438 0.557813 0.403125 0.557813 0.403125 0.570312 0.429688 0.570312 0.429688 0.564062 0.423438 0.557813 0.498437 0.45625 0.5 0.457812 0.501562 0.457812 0.503125 0.459375 0.504687 0.459375 0.507812 0.4625 0.507812 0.464063 0.509375 0.465625 0.509375 0.46875 0.510938 0.470313 0.510938 0.471875 0.509375 0.473437 0.509375 0.479688 0.510938 0.48125 0.510938 0.484375 0.5125 0.485938 0.5125 0.4875 0.517187 0.492188 0.517187 0.495313 0.51875 0.496875 0.51875 0.5 0.521875 0.503125 0.526563 0.503125 0.526563 0.510938 0.520312 0.510938 0.51875 0.5125 0.515625 0.5125 0.514063 0.514063 0.5125 0.514063 0.510938 0.515625 0.510938 0.521875 0.509375 0.523438 0.509375 0.525 0.507812 0.526563 0.507812 0.528125 0.504687 0.53125 0.503125 0.53125 0.5 0.534375 0.5 0.540625 0.501562 0.542188 0.501562 0.54375 0.503125 0.545313 0.503125 0.546875 0.410937 0.448438 0.410937 0.440625 0.403125 0.440625 0.403125 0.45 0.409375 0.45 0.410937 0.448438 0.503125 0.546875 0.501562 0.548437 0.501562 0.55 0.5 0.551562 0.5 0.553125 0.501562 0.554688 0.503125 0.554688 0.504687 0.55625 0.50625 0.55625 0.507812 0.557813 0.510938 0.557813 0.5125 0.559375 0.526563 0.559375 0.526563 0.570312 0.48125 0.570312 0.48125 0.557813 0.479688 0.55625 0.479688 0.554688 0.478125 0.553125 0.476562 0.553125 0.471875 0.557813 0.470313 0.557813 0.467187 0.554688 0.464063 0.554688 0.4625 0.553125 0.45 0.553125 0.446875 0.55 0.44375 0.55 0.442187 0.548437 0.440625 0.548437 0.439063 0.546875 0.435937 0.546875 0.434375 0.545313 0.432813 0.545313 0.429688 0.542188 0.429688 0.540625 0.428125 0.539062 0.423438 0.539062 0.421875 0.5375 0.417188 0.5375 0.415625 0.535937 0.414062 0.535937 0.414062 0.534375 0.4125 0.532812 0.4125 0.53125 0.414062 0.529688 0.414062 0.528125 0.4125 0.526563 0.4125 0.525 0.409375 0.521875 0.403125 0.521875 0.403125 0.520312 0.410937 0.520312 0.4125 0.51875 0.414062 0.51875 0.417188 0.515625 0.417188 0.514063 0.415625 0.5125 0.415625 0.509375 0.4125 0.50625 0.4125 0.504687 0.410937 0.503125 0.410937 0.498437 0.4125 0.496875 0.4125 0.495313 0.410937 0.49375 0.410937 0.489062 0.415625 0.484375 0.415625 0.48125 0.417188 0.479688 0.417188 0.476562 0.41875 0.475 0.41875 0.471875 0.420312 0.470313 0.420312 0.459375 0.421875 0.457812 0.423438 0.457812 0.429688 0.451562 0.429688 0.446875 0.43125 0.445312 0.43125 0.440625 0.492188 0.440625 0.492188 0.45 0.49375 0.451562 0.49375 0.453125 0.496875 0.45625 0.498437 0.45625 0.804725
0 0.295312 0.728125 0.295312 0.732813 0.29375 0.734375 0.29375 0.735937 0.292188 0.7375 0.292188 0.753125 0.289062 0.75625 0.279687 0.75625 0.276563 0.753125 0.271875 0.753125 0.271875 0.759375 0.278125 0.759375 0.28125 0.7625 0.28125 0.764063 0.282813 0.765625 0.282813 0.767187 0.29375 0.778125 0.29375 0.78125 0.295312 0.782812 0.29375 0.784375 0.29375 0.7875 0.292188 0.789062 0.292188 0.79375 0.290625 0.795313 0.290625 0.798437 0.292188 0.8 0.292188 0.803125 0.295312 0.80625 0.295312 0.807813 0.3 0.8125 0.301562 0.8125 0.303125 0.814062 0.304688 0.814062 0.307813 0.817187 0.309375 0.817187 0.310937 0.81875 0.323438 0.81875 0.325 0.820312 0.334375 0.820312 0.335938 0.81875 0.339063 0.81875 0.340625 0.817187 0.342187 0.817187 0.345313 0.814062 0.346875 0.814062 0.351562 0.809375 0.353125 0.809375 0.354688 0.807813 0.357812 0.807813 0.359375 0.80625 0.360938 0.80625 0.3625 0.804688 0.364062 0.804688 0.365625 0.803125 0.365625 0.79375 0.364062 0.792188 0.364062 0.790625 0.370313 0.784375 0.375 0.784375 0.376563 0.782812 0.382812 0.782812 0.385938 0.779688 0.385938 0.775 0.384375 0.773438 0.384375 0.771875 0.382812 0.770312 0.38125 0.770312 0.378125 0.767187 0.376563 0.767187 0.375 0.765625 0.373437 0.765625 0.371875 0.764063 0.367188 0.764063 0.3625 0.759375 0.3625 0.757812 0.365625 0.754687 0.367188 0.754687 0.375 0.746875 0.375 0.740625 0.373437 0.739062 0.373437 0.7375 0.371875 0.735937 0.36875 0.735937 0.367188 0.734375 0.3625 0.734375 0.360938 0.735937 0.359375 0.735937 0.357812 0.7375 0.35625 0.7375 0.353125 0.740625 0.351562 0.740625 0.35 0.742188 0.348437 0.742188 0.346875 0.74375 0.34375 0.74375 0.342187 0.742188 0.340625 0.742188 0.334375 0.735937 0.334375 0.734375 0.332812 0.732813 0.332812 0.728125 0.803446
0 0.240625 0.346875 0.240625 0.353125 0.239063 0.354688 0.2375 0.354688 0.235938 0.35625 0.23125 0.35625 0.228125 0.353125 0.226562 0.353125 0.223438 0.35625 0.221875 0.35625 0.220313 0.357812 0.21875 0.357812 0.217187 0.359375 0.214062 0.359375 0.2125 0.357812 0.210938 0.357812 0.209375 0.35625 0.203125 0.35625 0.2 0.359375 0.2 0.365625 0.195312 0.370313 0.179688 0.370313 0.178125 0.371875 0.171875 0.371875 0.171875 0.403125 0.176563 0.403125 0.179688 0.40625 0.18125 0.40625 0.189063 0.414062 0.189063 0.423438 0.1875 0.425 0.1875 0.429688 0.185937 0.43125 0.185937 0.434375 0.1875 0.435937 0.1875 0.4375 0.190625 0.440625 0.192188 0.440625 0.19375 0.442187 0.198437 0.442187 0.2 0.440625 0.201562 0.440625 0.203125 0.439063 0.204688 0.439063 0.20625 0.4375 0.209375 0.4375 0.210938 0.435937 0.221875 0.435937 0.223438 0.4375 0.226562 0.4375 0.228125 0.439063 0.229687 0.439063 0.23125 0.440625 0.245312 0.440625 0.25 0.435937 0.251563 0.435937 0.254687 0.432813 0.25625 0.432813 0.257812 0.43125 0.257812 0.428125 0.259375 0.426562 0.260938 0.426562 0.2625 0.425 0.265625 0.425 0.267188 0.423438 0.270312 0.423438 0.271875 0.421875 0.271875 0.420312 0.273438 0.41875 0.273438 0.414062 0.275 0.4125 0.275 0.409375 0.276563 0.407813 0.276563 0.404687 0.278125 0.403125 0.278125 0.4 0.276563 0.398438 0.276563 0.396875 0.275 0.395312 0.275 0.39375 0.273438 0.392188 0.273438 0.3875 0.275 0.385938 0.275 0.384375 0.276563 0.382812 0.276563 0.38125 0.278125 0.379687 0.278125 0.375 0.276563 0.373437 0.276563 0.370313 0.275 0.36875 0.275 0.367188 0.271875 0.364062 0.271875 0.3625 0.267188 0.3625 0.265625 0.360938 0.2625 0.360938 0.257812 0.35625 0.257812 0.346875 0.802799
0 0.975 0.353125 0.975 0.357812 0.973437 0.359375 0.971875 0.359375 0.970312 0.360938 0.96875 0.360938 0.967188 0.3625 0.965625 0.3625 0.964063 0.364062 0.9625 0.364062 0.9625 0.365625 0.964063 0.367188 0.964063 0.38125 0.9625 0.382812 0.9625 0.384375 0.960938 0.385938 0.959375 0.385938 0.957812 0.3875 0.954687 0.3875 0.953125 0.389062 0.951563 0.389062 0.95 0.390625 0.948438 0.390625 0.948438 0.392188 0.946875 0.39375 0.940625 0.39375 0.940625 0.409375 0.945312 0.409375 0.946875 0.410937 0.946875 0.4125 0.948438 0.414062 0.948438 0.428125 0.95 0.429688 0.951563 0.429688 0.953125 0.43125 0.959375 0.43125 0.965625 0.4375 0.965625 0.439063 0.967188 0.440625 0.967188 0.445312 0.971875 0.45 0.976562 0.45 0.978125 0.451562 0.98125 0.451562 0.982813 0.453125 0.984375 0.453125 0.990625 0.459375 0.990625 0.464063 0.998438 0.464063 0.998438 0.353125 0.99375 0.353125 0.99375 0.357812 0.990625 0.360938 0.982813 0.360938 0.98125 0.359375 0.979688 0.359375 0.978125 0.357812 0.978125 0.353125 0.798206
0 0.740625 0.003125 0.740625 0.028125 0.746875 0.028125 0.748438 0.0296875 0.748438 0.0359375 0.745313 0.0390625 0.740625 0.0390625 0.740625 0.0453125 0.745313 0.0453125 0.746875 0.046875 0.748438 0.046875 0.75 0.0484375 0.753125 0.0484375 0.754687 0.046875 0.75625 0.046875 0.757812 0.0453125 0.759375 0.0453125 0.759375 0.04375 0.7625 0.040625 0.7625 0.0390625 0.764063 0.0375 0.765625 0.0375 0.767187 0.0359375 0.76875 0.0359375 0.770312 0.034375 0.771875 0.034375 0.773438 0.0359375 0.773438 0.0390625 0.775 0.040625 0.775 0.05 0.776563 0.0515625 0.776563 0.0546875 0.778125 0.0546875 0.779688 0.05625 0.782812 0.05625 0.784375 0.0546875 0.7875 0.0546875 0.789062 0.053125 0.790625 0.053125 0.801562 0.0421875 0.803125 0.0421875 0.804688 0.040625 0.817187 0.040625 0.81875 0.0421875 0.829687 0.0421875 0.83125 0.040625 0.834375 0.040625 0.834375 0.0390625 0.835938 0.0375 0.835938 0.0359375 0.8375 0.034375 0.835938 0.0328125 0.835938 0.03125 0.834375 0.0296875 0.834375 0.0265625 0.832812 0.025 0.832812 0.0234375 0.83125 0.021875 0.83125 0.01875 0.829687 0.0171875 0.829687 0.0109375 0.828125 0.009375 0.828125 0.003125 0.792897
0 0.975 0.046875 0.975 0.053125 0.973437 0.0546875 0.973437 0.0578125 0.96875 0.0625 0.967188 0.0625 0.965625 0.0640625 0.964063 0.0640625 0.964063 0.065625 0.9625 0.0671875 0.9625 0.071875 0.960938 0.0734375 0.960938 0.075 0.957812 0.078125 0.957812 0.0796875 0.954687 0.0828125 0.954687 0.084375 0.959375 0.0890625 0.959375 0.1 0.960938 0.101562 0.960938 0.103125 0.959375 0.104687 0.959375 0.109375 0.957812 0.110937 0.957812 0.128125 0.95625 0.129688 0.95625 0.13125 0.954687 0.132812 0.954687 0.134375 0.953125 0.135937 0.953125 0.1375 0.951563 0.139062 0.951563 0.140625 0.95 0.142188 0.95 0.148438 0.948438 0.15 0.948438 0.15625 0.945312 0.159375 0.940625 0.159375 0.940625 0.182812 0.951563 0.182812 0.951563 0.176563 0.954687 0.173438 0.954687 0.171875 0.957812 0.16875 0.957812 0.167187 0.959375 0.165625 0.959375 0.164062 0.964063 0.159375 0.965625 0.159375 0.965625 0.157813 0.967188 0.15625 0.967188 0.154687 0.973437 0.148438 0.975 0.148438 0.978125 0.145313 0.982813 0.145313 0.985937 0.148438 0.985937 0.15 0.9875 0.151562 0.9875 0.153125 0.989062 0.154687 0.989062 0.157813 0.990625 0.159375 0.998438 0.159375 0.998438 0.046875 0.99375 0.046875 0.99375 0.053125 0.992188 0.0546875 0.982813 0.0546875 0.979688 0.0515625 0.979688 0.046875 0.783523
0 0.36875 0.165625 0.36875 0.170312 0.367188 0.171875 0.365625 0.171875 0.364062 0.173438 0.3625 0.173438 0.357812 0.178125 0.357812 0.18125 0.35625 0.182812 0.35625 0.1875 0.354688 0.189063 0.354688 0.190625 0.353125 0.192188 0.351562 0.192188 0.35 0.190625 0.334375 0.190625 0.334375 0.214062 0.340625 0.214062 0.34375 0.217187 0.34375 0.221875 0.339063 0.226562 0.334375 0.226562 0.334375 0.253125 0.351562 0.253125 0.353125 0.254687 0.353125 0.260938 0.351562 0.2625 0.351562 0.265625 0.35 0.267188 0.35 0.271875 0.351562 0.273438 0.351562 0.275 0.353125 0.275 0.354688 0.276563 0.357812 0.276563 0.359375 0.275 0.360938 0.275 0.3625 0.273438 0.364062 0.273438 0.365625 0.271875 0.370313 0.271875 0.371875 0.270312 0.373437 0.270312 0.376563 0.267188 0.379687 0.267188 0.38125 0.265625 0.392188 0.265625 0.39375 0.264062 0.395312 0.264062 0.395312 0.2625 0.398438 0.259375 0.398438 0.257812 0.4 0.25625 0.4 0.253125 0.401563 0.251563 0.403125 0.251563 0.404687 0.25 0.4125 0.25 0.414062 0.248437 0.415625 0.248437 0.417188 0.246875 0.41875 0.246875 0.420312 0.245312 0.43125 0.245312 0.432813 0.246875 0.445312 0.246875 0.440625 0.246875 0.439063 0.245312 0.4375 0.245312 0.434375 0.242188 0.434375 0.240625 0.426562 0.232812 0.426562 0.23125 0.425 0.229687 0.425 0.226562 0.429688 0.221875 0.429688 0.220313 0.43125 0.21875 0.43125 0.214062 0.432813 0.2125 0.432813 0.210938 0.434375 0.209375 0.434375 0.195312 0.432813 0.19375 0.432813 0.192188 0.43125 0.192188 0.429688 0.190625 0.428125 0.190625 0.426562 0.189063 0.425 0.189063 0.423438 0.1875 0.421875 0.1875 0.4125 0.178125 0.4125 0.173438 0.410937 0.171875 0.410937 0.165625 0.781361
0 0.559375 0.165625 0.559375 0.171875 0.557813 0.173438 0.557813 0.175 0.553125 0.179688 0.55 0.179688 0.548437 0.178125 0.546875 0.178125 0.54375 0.175 0.542188 0.175 0.540625 0.173438 0.532812 0.173438 0.53125 0.175 0.53125 0.178125 0.529688 0.179688 0.529688 0.19375 0.53125 0.195312 0.53125 0.196875 0.529688 0.198437 0.529688 0.201562 0.528125 0.203125 0.523438 0.203125 0.521875 0.201562 0.51875 0.201562 0.515625 0.198437 0.503125 0.198437 0.503125 0.253125 0.509375 0.253125 0.510938 0.251563 0.510938 0.25 0.509375 0.248437 0.509375 0.240625 0.510938 0.239063 0.515625 0.239063 0.517187 0.240625 0.51875 0.240625 0.520312 0.242188 0.521875 0.242188 0.523438 0.24375 0.525 0.24375 0.528125 0.246875 0.528125 0.254687 0.526563 0.25625 0.526563 0.257812 0.525 0.259375 0.525 0.270312 0.5375 0.270312 0.5375 0.265625 0.542188 0.260938 0.54375 0.260938 0.545313 0.259375 0.546875 0.259375 0.551562 0.254687 0.553125 0.254687 0.554688 0.253125 0.55625 0.253125 0.557813 0.251563 0.560938 0.251563 0.5625 0.25 0.565625 0.25 0.567187 0.248437 0.570312 0.248437 0.571875 0.246875 0.573438 0.246875 0.575 0.245312 0.578125 0.245312 0.579687 0.24375 0.592188 0.24375 0.59375 0.242188 0.596875 0.242188 0.601562 0.2375 0.601562 0.235938 0.604688 0.232812 0.604688 0.229687 0.610937 0.223438 0.6125 0.223438 0.614062 0.221875 0.620313 0.221875 0.620313 0.201562 0.615625 0.201562 0.614062 0.2 0.614062 0.196875 0.607813 0.190625 0.60625 0.190625 0.604688 0.189063 0.601562 0.189063 0.6 0.1875 0.598437 0.1875 0.596875 0.185937 0.595312 0.185937 0.59375 0.184375 0.590625 0.184375 0.589063 0.182812 0.585938 0.182812 0.584375 0.18125 0.579687 0.18125 0.576563 0.178125 0.576563 0.165625 0.778634
0 0.825 0.553125 0.825 0.559375 0.814062 0.570312 0.809375 0.570312 0.809375 0.609375 0.814062 0.609375 0.815625 0.610937 0.815625 0.6125 0.817187 0.614062 0.817187 0.617188 0.81875 0.61875 0.81875 0.620313 0.821875 0.623438 0.823438 0.623438 0.825 0.625 0.828125 0.625 0.829687 0.623438 0.846875 0.623438 0.848437 0.621875 0.85 0.621875 0.854688 0.617188 0.854688 0.614062 0.85625 0.6125 0.85625 0.610937 0.859375 0.607813 0.8625 0.607813 0.864062 0.60625 0.867188 0.60625 0.86875 0.604688 0.870313 0.604688 0.871875 0.603125 0.876562 0.603125 0.876562 0.59375 0.871875 0.59375 0.870313 0.592188 0.86875 0.592188 0.867188 0.590625 0.865625 0.590625 0.8625 0.5875 0.8625 0.585938 0.860937 0.584375 0.860937 0.58125 0.8625 0.579687 0.8625 0.570312 0.860937 0.56875 0.859375 0.56875 0.85625 0.565625 0.854688 0.565625 0.851562 0.5625 0.85 0.5625 0.845312 0.557813 0.845312 0.553125 0.777341
0 0.015625 0.534375 0.0140625 0.535937 0.009375 0.535937 0.0078125 0.5375 0.0046875 0.5375 0.003125 0.539062 0 0.539062 0 0.640625 0.003125 0.640625 0.0046875 0.639063 0.0046875 0.6375 0.00625 0.635938 0.00625 0.634375 0.009375 0.63125 0.0109375 0.63125 0.0125 0.629687 0.0265625 0.629687 0.028125 0.628125 0.028125 0.626562 0.0296875 0.625 0.0296875 0.61875 0.028125 0.617188 0.028125 0.615625 0.0265625 0.614062 0.0265625 0.6125 0.0234375 0.609375 0.0234375 0.604688 0.025 0.603125 0.025 0.601562 0.0265625 0.6 0.0296875 0.6 0.03125 0.601562 0.0375 0.601562 0.0390625 0.6 0.0390625 0.596875 0.040625 0.595312 0.040625 0.592188 0.0390625 0.590625 0.040625 0.589063 0.040625 0.5875 0.0421875 0.585938 0.0421875 0.58125 0.040625 0.579687 0.040625 0.576563 0.0390625 0.575 0.0390625 0.573438 0.034375 0.56875 0.0328125 0.56875 0.03125 0.567187 0.028125 0.567187 0.025 0.564062 0.025 0.539062 0.0203125 0.534375 0.765372
0 0.554688 0.360938 0.559375 0.360938 0.5625 0.357812 0.5625 0.353125 0.554688 0.353125 0.554688 0.360938 0.553125 0.365625 0.551562 0.367188 0.548437 0.367188 0.546875 0.36875 0.54375 0.36875 0.542188 0.370313 0.535937 0.370313 0.534375 0.36875 0.532812 0.36875 0.53125 0.367188 0.53125 0.365625 0.529688 0.364062 0.529688 0.3625 0.525 0.357812 0.525 0.353125 0.517187 0.353125 0.517187 0.357812 0.515625 0.359375 0.509375 0.359375 0.507812 0.360938 0.50625 0.360938 0.501562 0.365625 0.501562 0.371875 0.5 0.373437 0.5 0.376563 0.498437 0.378125 0.498437 0.38125 0.495313 0.384375 0.495313 0.3875 0.49375 0.389062 0.49375 0.390625 0.490625 0.39375 0.489062 0.39375 0.4875 0.392188 0.4875 0.3875 0.485938 0.385938 0.485938 0.379687 0.479688 0.373437 0.478125 0.373437 0.476562 0.371875 0.471875 0.371875 0.471875 0.453125 0.476562 0.453125 0.482812 0.446875 0.5 0.446875 0.501562 0.445312 0.503125 0.445312 0.504687 0.446875 0.50625 0.446875 0.509375 0.45 0.509375 0.457812 0.517187 0.457812 0.51875 0.45625 0.520312 0.45625 0.523438 0.453125 0.525 0.453125 0.526563 0.451562 0.529688 0.451562 0.53125 0.45 0.534375 0.45 0.535937 0.448438 0.539062 0.448438 0.540625 0.446875 0.542188 0.446875 0.546875 0.442187 0.548437 0.442187 0.553125 0.4375 0.553125 0.435937 0.55625 0.432813 0.55625 0.429688 0.557813 0.428125 0.557813 0.426562 0.559375 0.425 0.560938 0.425 0.564062 0.421875 0.565625 0.421875 0.56875 0.41875 0.56875 0.407813 0.567187 0.40625 0.567187 0.395312 0.565625 0.39375 0.565625 0.390625 0.564062 0.389062 0.564062 0.3875 0.5625 0.3875 0.559375 0.384375 0.559375 0.382812 0.557813 0.38125 0.557813 0.376563 0.55625 0.375 0.55625 0.371875 0.554688 0.370313 0.554688 0.367188 0.553125 0.365625 0.764187
0 0.760938 0.526563 0.759375 0.528125 0.75625 0.528125 0.75625 0.532812 0.767187 0.532812 0.767187 0.528125 0.765625 0.528125 0.764063 0.526563 0.760938 0.526563 0.757812 0.5125 0.757812 0.510938 0.759375 0.509375 0.759375 0.50625 0.760938 0.504687 0.760938 0.501562 0.7625 0.5 0.7625 0.498437 0.76875 0.492188 0.770312 0.492188 0.771875 0.490625 0.778125 0.490625 0.779688 0.489062 0.78125 0.489062 0.78125 0.482812 0.779688 0.482812 0.776563 0.479688 0.776563 0.478125 0.775 0.476562 0.775 0.475 0.773438 0.473437 0.773438 0.46875 0.771875 0.467187 0.771875 0.4625 0.76875 0.459375 0.76875 0.457812 0.767187 0.45625 0.767187 0.454688 0.765625 0.453125 0.765625 0.45 0.764063 0.448438 0.764063 0.446875 0.760938 0.44375 0.759375 0.44375 0.757812 0.442187 0.75625 0.442187 0.753125 0.439063 0.753125 0.434375 0.721875 0.434375 0.721875 0.440625 0.720312 0.442187 0.720312 0.44375 0.71875 0.445312 0.71875 0.45 0.717188 0.451562 0.717188 0.45625 0.715625 0.457812 0.715625 0.459375 0.714063 0.460938 0.714063 0.464063 0.707812 0.470313 0.703125 0.470313 0.703125 0.484375 0.707812 0.484375 0.7125 0.489062 0.7125 0.490625 0.714063 0.492188 0.714063 0.496875 0.715625 0.498437 0.715625 0.501562 0.720312 0.50625 0.720312 0.507812 0.721875 0.509375 0.723437 0.509375 0.725 0.510938 0.728125 0.510938 0.73125 0.507812 0.732813 0.507812 0.734375 0.50625 0.735937 0.507812 0.742188 0.507812 0.74375 0.509375 0.745313 0.509375 0.746875 0.510938 0.748438 0.510938 0.75 0.5125 0.751562 0.5125 0.753125 0.514063 0.754687 0.5125 0.757812 0.5125 0.758031
0 0.465625 0.0203125 0.459375 0.0203125 0.459375 0.0375 0.464063 0.0375 0.465625 0.0359375 0.465625 0.034375 0.467187 0.0328125 0.467187 0.0234375 0.465625 0.021875 0.465625 0.0203125 0.473437 0.0140625 0.475 0.0140625 0.48125 0.0203125 0.48125 0.03125 0.479688 0.0328125 0.479688 0.0390625 0.485938 0.0453125 0.4875 0.0453125 0.489062 0.046875 0.489062 0.0484375 0.490625 0.05 0.490625 0.0515625 0.49375 0.0515625 0.495313 0.053125 0.496875 0.053125 0.498437 0.0515625 0.501562 0.0515625 0.503125 0.05 0.50625 0.05 0.507812 0.0484375 0.514063 0.0484375 0.515625 0.05 0.517187 0.05 0.51875 0.0515625 0.525 0.0515625 0.526563 0.053125 0.528125 0.0515625 0.529688 0.0515625 0.53125 0.05 0.53125 0.0484375 0.534375 0.0453125 0.534375 0.0421875 0.535937 0.040625 0.535937 0.0390625 0.5375 0.0375 0.5375 0.034375 0.539062 0.0328125 0.539062 0.015625 0.546875 0.0078125 0.546875 0.003125 0.470313 0.003125 0.470313 0.0109375 0.473437 0.0140625 0.75757
0 0.915625 0.003125 0.915625 0.0390625 0.920313 0.0390625 0.923437 0.0421875 0.923437 0.04375 0.925 0.0453125 0.925 0.046875 0.929688 0.0515625 0.9375 0.0515625 0.939062 0.05 0.940625 0.05 0.940625 0.0484375 0.942187 0.046875 0.942187 0.04375 0.94375 0.0421875 0.94375 0.0375 0.945312 0.0359375 0.945312 0.034375 0.946875 0.0328125 0.946875 0.03125 0.948438 0.0296875 0.948438 0.028125 0.95 0.0265625 0.95 0.025 0.951563 0.0234375 0.953125 0.0234375 0.954687 0.025 0.954687 0.028125 0.95625 0.0296875 0.95625 0.0328125 0.959375 0.0359375 0.959375 0.0375 0.960938 0.0390625 0.960938 0.040625 0.964063 0.04375 0.967188 0.04375 0.96875 0.0453125 0.971875 0.0453125 0.973437 0.04375 0.976562 0.04375 0.978125 0.0421875 0.979688 0.0421875 0.979688 0.040625 0.98125 0.0390625 0.98125 0.0375 0.982813 0.0359375 0.982813 0.03125 0.98125 0.0296875 0.98125 0.025 0.979688 0.0234375 0.979688 0.0171875 0.982813 0.0140625 0.985937 0.0140625 0.9875 0.015625 0.990625 0.015625 0.992188 0.0171875 0.998438 0.0171875 0.998438 0.003125 0.733714
0 0.015625 0.634375 0.015625 0.639063 0.0140625 0.640625 0.003125 0.640625 0.003125 0.721875 0.0109375 0.721875 0.0125 0.723437 0.0203125 0.723437 0.0234375 0.720312 0.0234375 0.71875 0.025 0.717188 0.025 0.715625 0.0265625 0.714063 0.0265625 0.701563 0.025 0.7 0.025 0.698438 0.0234375 0.696875 0.025 0.695312 0.025 0.69375 0.0265625 0.692187 0.0265625 0.690625 0.0328125 0.684375 0.0328125 0.673437 0.03125 0.671875 0.0328125 0.670313 0.0328125 0.66875 0.034375 0.667188 0.034375 0.6625 0.0328125 0.660937 0.0328125 0.659375 0.028125 0.654688 0.028125 0.65 0.0265625 0.648438 0.0265625 0.634375 0.73253
0 0.907812 0.153125 0.914062 0.153125 0.914062 0.146875 0.90625 0.146875 0.90625 0.151562 0.907812 0.153125 0.895312 0.173438 0.890625 0.173438 0.889063 0.171875 0.884375 0.171875 0.882812 0.170312 0.882812 0.16875 0.88125 0.167187 0.88125 0.165625 0.879687 0.164062 0.878125 0.164062 0.876562 0.1625 0.864062 0.1625 0.860937 0.159375 0.860937 0.157813 0.859375 0.15625 0.859375 0.146875 0.851562 0.146875 0.851562 0.153125 0.85 0.154687 0.85 0.157813 0.848437 0.159375 0.848437 0.160938 0.846875 0.1625 0.846875 0.164062 0.845312 0.165625 0.845312 0.167187 0.835938 0.176563 0.835938 0.178125 0.834375 0.179688 0.834375 0.18125 0.826563 0.189063 0.825 0.189063 0.823438 0.190625 0.821875 0.190625 0.820312 0.192188 0.815625 0.192188 0.809375 0.198437 0.809375 0.2 0.807813 0.201562 0.807813 0.215625 0.80625 0.217187 0.804688 0.217187 0.803125 0.21875 0.796875 0.21875 0.796875 0.229687 0.810938 0.229687 0.8125 0.23125 0.814062 0.23125 0.817187 0.234375 0.817187 0.235938 0.81875 0.235938 0.820312 0.2375 0.825 0.2375 0.826563 0.239063 0.828125 0.239063 0.829687 0.2375 0.839063 0.2375 0.840625 0.239063 0.842188 0.239063 0.84375 0.240625 0.845312 0.240625 0.846875 0.242188 0.860937 0.242188 0.8625 0.240625 0.865625 0.240625 0.867188 0.239063 0.885938 0.239063 0.889063 0.235938 0.889063 0.232812 0.8875 0.23125 0.8875 0.228125 0.885938 0.226562 0.885938 0.220313 0.890625 0.215625 0.892187 0.215625 0.89375 0.214062 0.896875 0.214062 0.898438 0.2125 0.9 0.2125 0.901563 0.210938 0.903125 0.210938 0.904688 0.209375 0.904688 0.207813 0.90625 0.20625 0.90625 0.201562 0.895312 0.190625 0.895312 0.1875 0.896875 0.185937 0.896875 0.18125 0.898438 0.179688 0.898438 0.176563 0.895312 0.173438 0.726352
0 0.973437 0.196875 0.973437 0.201562 0.971875 0.203125 0.970312 0.203125 0.96875 0.204688 0.964063 0.204688 0.960938 0.207813 0.959375 0.207813 0.957812 0.209375 0.957812 0.210938 0.95625 0.2125 0.95625 0.229687 0.957812 0.23125 0.957812 0.239063 0.95625 0.240625 0.954687 0.240625 0.953125 0.242188 0.946875 0.242188 0.946875 0.246875 0.953125 0.246875 0.954687 0.248437 0.95625 0.248437 0.957812 0.25 0.959375 0.25 0.9625 0.253125 0.964063 0.253125 0.96875 0.257812 0.96875 0.259375 0.970312 0.259375 0.971875 0.260938 0.973437 0.260938 0.975 0.2625 0.976562 0.2625 0.982813 0.26875 0.982813 0.270312 0.984375 0.271875 0.984375 0.282813 0.998438 0.282813 0.998438 0.196875 0.528851
0 0.467187 0.284375 0.467187 0.290625 0.465625 0.292188 0.459375 0.292188 0.459375 0.314063 0.464063 0.314063 0.465625 0.315625 0.465625 0.320312 0.464063 0.321875 0.459375 0.321875 0.459375 0.345313 0.464063 0.345313 0.465625 0.346875 0.467187 0.346875 0.46875 0.348437 0.470313 0.348437 0.471875 0.35 0.473437 0.35 0.475 0.351562 0.484375 0.351562 0.489062 0.346875 0.492188 0.346875 0.49375 0.345313 0.495313 0.345313 0.496875 0.34375 0.498437 0.34375 0.5 0.342187 0.501562 0.342187 0.503125 0.340625 0.503125 0.339063 0.504687 0.3375 0.504687 0.335938 0.50625 0.334375 0.50625 0.332812 0.507812 0.33125 0.507812 0.328125 0.509375 0.326562 0.507812 0.325 0.507812 0.31875 0.509375 0.317187 0.509375 0.314063 0.510938 0.3125 0.510938 0.304688 0.509375 0.303125 0.509375 0.3 0.50625 0.296875 0.50625 0.295312 0.501562 0.290625 0.501562 0.284375 0.521506
