1 0.690625 0.003125 0.690625 0.0296875 0.696875 0.0296875 0.698438 0.03125 0.698438 0.0328125 0.701563 0.0359375 0.701563 0.0375 0.703125 0.0390625 0.703125 0.040625 0.704687 0.040625 0.709375 0.0453125 0.709375 0.046875 0.714063 0.0515625 0.714063 0.053125 0.715625 0.0546875 0.715625 0.0609375 0.717188 0.0625 0.717188 0.065625 0.71875 0.0671875 0.71875 0.0703125 0.720312 0.071875 0.720312 0.075 0.721875 0.0765625 0.721875 0.078125 0.728125 0.084375 0.729688 0.084375 0.734375 0.0890625 0.734375 0.090625 0.735937 0.0921875 0.735937 0.09375 0.7375 0.0953125 0.7375 0.0984375 0.739062 0.1 0.739062 0.101562 0.740625 0.103125 0.740625 0.10625 0.742188 0.107813 0.742188 0.121875 0.74375 0.123438 0.74375 0.128125 0.745313 0.129688 0.745313 0.13125 0.748438 0.134375 0.75 0.134375 0.757812 0.142188 0.757812 0.14375 0.760938 0.146875 0.760938 0.153125 0.7625 0.154687 0.7625 0.164062 0.764063 0.165625 0.764063 0.16875 0.765625 0.170312 0.765625 0.173438 0.764063 0.175 0.764063 0.176563 0.7625 0.178125 0.760938 0.178125 0.757812 0.18125 0.75625 0.18125 0.754687 0.182812 0.753125 0.182812 0.751562 0.184375 0.746875 0.184375 0.745313 0.185937 0.745313 0.1875 0.74375 0.189063 0.74375 0.192188 0.742188 0.19375 0.742188 0.2 0.740625 0.201562 0.740625 0.20625 0.739062 0.207813 0.74375 0.2125 0.74375 0.214062 0.745313 0.215625 0.746875 0.215625 0.751562 0.220313 0.751562 0.232812 0.75 0.234375 0.75 0.242188 0.751562 0.24375 0.751562 0.248437 0.753125 0.25 0.753125 0.254687 0.754687 0.25625 0.754687 0.257812 0.757812 0.260938 0.757812 0.2625 0.765625 0.270312 0.765625 0.284375 0.764063 0.285937 0.764063 0.2875 0.7625 0.289062 0.7625 0.304688 0.760938 0.30625 0.760938 0.328125 0.7625 0.329688 0.7625 0.33125 0.764063 0.332812 0.76875 0.332812 0.770312 0.33125 0.771875 0.33125 0.773438 0.332812 0.776563 0.332812 0.779688 0.335938 0.779688 0.3375 0.78125 0.339063 0.78125 0.340625 0.782812 0.342187 0.782812 0.34375 0.784375 0.345313 0.784375 0.346875 0.785937 0.348437 0.785937 0.351562 0.7875 0.353125 0.7875 0.354688 0.790625 0.357812 0.790625 0.359375 0.795313 0.364062 0.796875 0.364062 0.798437 0.365625 0.80625 0.365625 0.807813 0.367188 0.81875 0.367188 0.820312 0.365625 0.823438 0.365625 0.828125 0.360938 0.829687 0.360938 0.832812 0.357812 0.834375 0.357812 0.835938 0.35625 0.8375 0.35625 0.839063 0.354688 0.851562 0.354688 0.853125 0.353125 0.85625 0.353125 0.857813 0.351562 0.857813 0.34375 0.859375 0.342187 0.859375 0.339063 0.860937 0.3375 0.860937 0.335938 0.865625 0.33125 0.867188 0.332812 0.870313 0.332812 0.873438 0.335938 0.873438 0.3375 0.875 0.339063 0.875 0.340625 0.876562 0.342187 0.878125 0.342187 0.890625 0.354688 0.890625 0.35625 0.892187 0.357812 0.892187 0.359375 0.895312 0.3625 0.895312 0.364062 0.896875 0.364062 0.898438 0.365625 0.917188 0.365625 0.91875 0.367188 0.920313 0.367188 0.921875 0.36875 0.923437 0.36875 0.926562 0.371875 0.926562 0.373437 0.928125 0.375 0.929688 0.375 0.93125 0.376563 0.93125 0.382812 0.954687 0.382812 0.954687 0.376563 0.95625 0.375 0.957812 0.375 0.967188 0.365625 0.96875 0.365625 0.970312 0.364062 0.973437 0.364062 0.975 0.3625 0.976562 0.3625 0.978125 0.360938 0.979688 0.360938 0.98125 0.359375 0.982813 0.359375 0.985937 0.35625 0.989062 0.35625 0.990625 0.354688 0.998438 0.354688 0.998438 0.003125 0.936794
0 0.165625 0.340625 0.165625 0.345313 0.170312 0.345313 0.170312 0.340625 0.165625 0.340625 0.142188 0.228125 0.142188 0.232812 0.140625 0.234375 0.140625 0.2375 0.139062 0.239063 0.139062 0.246875 0.140625 0.248437 0.142188 0.248437 0.14375 0.25 0.146875 0.25 0.148438 0.251563 0.15 0.251563 0.151562 0.253125 0.154687 0.253125 0.15625 0.254687 0.157813 0.254687 0.157813 0.25625 0.159375 0.257812 0.159375 0.259375 0.151562 0.267188 0.15 0.267188 0.146875 0.270312 0.146875 0.276563 0.148438 0.278125 0.148438 0.279687 0.15 0.28125 0.15 0.282813 0.151562 0.284375 0.151562 0.285937 0.153125 0.2875 0.153125 0.289062 0.154687 0.290625 0.154687 0.292188 0.15625 0.29375 0.15625 0.296875 0.157813 0.298438 0.157813 0.301562 0.153125 0.30625 0.146875 0.30625 0.145313 0.307813 0.1375 0.307813 0.135937 0.309375 0.134375 0.309375 0.128125 0.315625 0.128125 0.317187 0.126563 0.31875 0.125 0.31875 0.123438 0.320312 0.121875 0.320312 0.120312 0.321875 0.11875 0.321875 0.117188 0.323438 0.115625 0.323438 0.114063 0.325 0.1125 0.323438 0.109375 0.323438 0.107813 0.325 0.104687 0.325 0.103125 0.326562 0.101562 0.326562 0.096875 0.33125 0.0921875 0.33125 0.090625 0.332812 0.0890625 0.332812 0.0875 0.33125 0.0828125 0.33125 0.0796875 0.328125 0.0796875 0.326562 0.078125 0.325 0.078125 0.315625 0.0796875 0.314063 0.0796875 0.303125 0.078125 0.301562 0.071875 0.301562 0.0703125 0.303125 0.0671875 0.303125 0.065625 0.304688 0.0578125 0.304688 0.0546875 0.301562 0.0546875 0.3 0.053125 0.298438 0.046875 0.298438 0.046875 0.296875 0.053125 0.296875 0.0546875 0.295312 0.05625 0.295312 0.0546875 0.228125 0.046875 0.228125 0.046875 0.235938 0.0515625 0.235938 0.053125 0.234375 0.0546875 0.234375 0.0546875 0.228125 0.05625 0.295312 0.0578125 0.29375 0.0578125 0.290625 0.059375 0.289062 0.0609375 0.289062 0.065625 0.284375 0.065625 0.282813 0.06875 0.279687 0.0703125 0.279687 0.071875 0.278125 0.071875 0.276563 0.06875 0.273438 0.06875 0.271875 0.0625 0.265625 0.0609375 0.265625 0.0609375 0.2625 0.0625 0.260938 0.0625 0.259375 0.0640625 0.259375 0.065625 0.257812 0.0671875 0.257812 0.06875 0.25625 0.0703125 0.25625 0.071875 0.254687 0.075 0.254687 0.0765625 0.253125 0.078125 0.253125 0.0828125 0.248437 0.096875 0.248437 0.0984375 0.246875 0.0984375 0.240625 0.0953125 0.2375 0.0859375 0.2375 0.084375 0.239063 0.0796875 0.234375 0.078125 0.234375 0.0765625 0.232812 0.0765625 0.228125 0.142188 0.228125 0.900527
0 0.371875 0.239063 0.370313 0.240625 0.370313 0.242188 0.36875 0.24375 0.36875 0.253125 0.3625 0.259375 0.3625 0.264062 0.376563 0.264062 0.376563 0.239063 0.371875 0.239063 0.359375 0.210938 0.360938 0.209375 0.3625 0.209375 0.364062 0.207813 0.364062 0.201562 0.3625 0.2 0.3625 0.198437 0.360938 0.196875 0.360938 0.195312 0.359375 0.19375 0.357812 0.19375 0.351562 0.1875 0.351562 0.182812 0.353125 0.18125 0.353125 0.179688 0.354688 0.178125 0.354688 0.165625 0.35625 0.164062 0.35625 0.153125 0.353125 0.15 0.35 0.15 0.348437 0.148438 0.346875 0.148438 0.345313 0.146875 0.34375 0.146875 0.342187 0.145313 0.342187 0.14375 0.340625 0.142188 0.340625 0.139062 0.3375 0.135937 0.335938 0.135937 0.334375 0.134375 0.323438 0.134375 0.321875 0.135937 0.320312 0.135937 0.31875 0.134375 0.317187 0.134375 0.314063 0.13125 0.3125 0.13125 0.310937 0.129688 0.301562 0.129688 0.298438 0.132812 0.298438 0.134375 0.295312 0.1375 0.29375 0.1375 0.292188 0.139062 0.289062 0.139062 0.2875 0.1375 0.284375 0.1375 0.28125 0.134375 0.279687 0.134375 0.278125 0.132812 0.270312 0.132812 0.265625 0.1375 0.265625 0.139062 0.264062 0.140625 0.264062 0.142188 0.260938 0.145313 0.260938 0.146875 0.259375 0.148438 0.257812 0.148438 0.254687 0.151562 0.253125 0.151562 0.25 0.154687 0.25 0.15625 0.248437 0.157813 0.248437 0.159375 0.25 0.160938 0.25 0.170312 0.246875 0.173438 0.24375 0.173438 0.242188 0.175 0.239063 0.175 0.234375 0.179688 0.228125 0.179688 0.228125 0.190625 0.234375 0.190625 0.235938 0.192188 0.2375 0.192188 0.239063 0.19375 0.240625 0.19375 0.246875 0.2 0.246875 0.204688 0.24375 0.207813 0.24375 0.209375 0.242188 0.210938 0.242188 0.2125 0.239063 0.215625 0.240625 0.217187 0.240625 0.221875 0.246875 0.228125 0.246875 0.232812 0.248437 0.234375 0.25 0.234375 0.251563 0.235938 0.254687 0.235938 0.25625 0.2375 0.264062 0.2375 0.265625 0.239063 0.26875 0.239063 0.270312 0.240625 0.26875 0.242188 0.267188 0.242188 0.267188 0.24375 0.265625 0.245312 0.265625 0.246875 0.264062 0.248437 0.264062 0.264062 0.290625 0.264062 0.290625 0.25 0.289062 0.248437 0.289062 0.240625 0.290625 0.239063 0.290625 0.2375 0.298438 0.229687 0.3 0.229687 0.303125 0.226562 0.304688 0.226562 0.30625 0.225 0.307813 0.225 0.3125 0.220313 0.314063 0.220313 0.315625 0.21875 0.317187 0.21875 0.321875 0.214062 0.323438 0.214062 0.325 0.2125 0.326562 0.2125 0.328125 0.210938 0.335938 0.210938 0.3375 0.209375 0.346875 0.209375 0.348437 0.210938 0.359375 0.210938 0.896612
0 0.153125 0.2625 0.151562 0.264062 0.151562 0.270312 0.157813 0.270312 0.157813 0.2625 0.153125 0.2625 0.139062 0.24375 0.140625 0.242188 0.140625 0.240625 0.14375 0.2375 0.14375 0.235938 0.146875 0.232812 0.146875 0.228125 0.148438 0.226562 0.148438 0.214062 0.146875 0.2125 0.146875 0.20625 0.145313 0.204688 0.145313 0.195312 0.14375 0.19375 0.14375 0.190625 0.142188 0.189063 0.142188 0.185937 0.140625 0.184375 0.140625 0.170312 0.1375 0.167187 0.1375 0.165625 0.13125 0.159375 0.129688 0.159375 0.126563 0.15625 0.123438 0.15625 0.121875 0.154687 0.11875 0.154687 0.114063 0.15 0.1125 0.15 0.107813 0.145313 0.107813 0.140625 0.05 0.140625 0.05 0.146875 0.046875 0.15 0.046875 0.153125 0.0453125 0.154687 0.0453125 0.157813 0.040625 0.1625 0.0390625 0.1625 0.0359375 0.165625 0.0359375 0.16875 0.034375 0.170312 0.034375 0.175 0.0328125 0.176563 0.0328125 0.178125 0.0296875 0.18125 0.028125 0.18125 0.025 0.184375 0.0234375 0.184375 0.0234375 0.185937 0.0203125 0.189063 0.0203125 0.190625 0.01875 0.192188 0.01875 0.2 0.0203125 0.201562 0.0203125 0.203125 0.021875 0.204688 0.021875 0.217187 0.0234375 0.21875 0.0234375 0.226562 0.025 0.228125 0.025 0.23125 0.0265625 0.232812 0.0265625 0.234375 0.028125 0.235938 0.03125 0.235938 0.0328125 0.2375 0.0359375 0.2375 0.0375 0.239063 0.0390625 0.239063 0.040625 0.240625 0.0421875 0.240625 0.0453125 0.24375 0.0453125 0.245312 0.046875 0.246875 0.046875 0.248437 0.0484375 0.25 0.0484375 0.251563 0.05 0.253125 0.05 0.254687 0.0515625 0.25625 0.0515625 0.257812 0.053125 0.257812 0.0546875 0.259375 0.05625 0.259375 0.0578125 0.260938 0.0625 0.260938 0.065625 0.257812 0.071875 0.257812 0.0734375 0.25625 0.078125 0.25625 0.0796875 0.254687 0.0875 0.254687 0.0890625 0.25625 0.0921875 0.25625 0.09375 0.254687 0.096875 0.254687 0.0984375 0.253125 0.1 0.253125 0.115625 0.2375 0.11875 0.2375 0.120312 0.235938 0.121875 0.235938 0.123438 0.2375 0.128125 0.2375 0.132812 0.242188 0.135937 0.242188 0.1375 0.24375 0.139062 0.24375 0.896062
0 0.075 0.778125 0.075 0.782812 0.0734375 0.784375 0.071875 0.784375 0.0609375 0.795313 0.059375 0.795313 0.05625 0.798437 0.0546875 0.798437 0.05 0.803125 0.05 0.804688 0.0515625 0.80625 0.0515625 0.8125 0.053125 0.814062 0.053125 0.817187 0.0546875 0.81875 0.0546875 0.823438 0.0515625 0.826563 0.0515625 0.828125 0.0453125 0.834375 0.0453125 0.8375 0.04375 0.839063 0.04375 0.848437 0.0453125 0.85 0.0453125 0.853125 0.0484375 0.85625 0.0484375 0.857813 0.05 0.859375 0.05 0.8625 0.0515625 0.864062 0.0515625 0.876562 0.0546875 0.879687 0.05625 0.879687 0.0578125 0.88125 0.065625 0.88125 0.0671875 0.882812 0.0703125 0.882812 0.075 0.8875 0.075 0.889063 0.0765625 0.890625 0.0765625 0.892187 0.078125 0.89375 0.08125 0.89375 0.0828125 0.895312 0.084375 0.895312 0.0859375 0.89375 0.0953125 0.89375 0.096875 0.892187 0.101562 0.892187 0.103125 0.890625 0.123438 0.890625 0.125 0.892187 0.128125 0.892187 0.129688 0.890625 0.13125 0.890625 0.134375 0.8875 0.134375 0.885938 0.135937 0.884375 0.135937 0.879687 0.134375 0.878125 0.134375 0.873438 0.132812 0.871875 0.132812 0.86875 0.13125 0.867188 0.13125 0.865625 0.129688 0.864062 0.129688 0.860937 0.128125 0.859375 0.129688 0.857813 0.1375 0.857813 0.139062 0.859375 0.148438 0.859375 0.15 0.857813 0.151562 0.857813 0.153125 0.85625 0.154687 0.85625 0.15625 0.854688 0.157813 0.854688 0.159375 0.853125 0.160938 0.853125 0.165625 0.848437 0.170312 0.848437 0.170312 0.845312 0.164062 0.845312 0.1625 0.84375 0.160938 0.84375 0.159375 0.842188 0.15625 0.842188 0.154687 0.840625 0.153125 0.840625 0.151562 0.839063 0.15 0.839063 0.14375 0.832812 0.14375 0.829687 0.142188 0.828125 0.157813 0.8125 0.157813 0.807813 0.154687 0.804688 0.153125 0.804688 0.151562 0.803125 0.15 0.803125 0.146875 0.8 0.145313 0.8 0.14375 0.798437 0.142188 0.798437 0.1375 0.79375 0.1375 0.790625 0.135937 0.789062 0.135937 0.7875 0.132812 0.784375 0.132812 0.778125 0.107813 0.778125 0.107813 0.782812 0.104687 0.785937 0.1 0.785937 0.0984375 0.7875 0.0953125 0.7875 0.09375 0.785937 0.090625 0.785937 0.0890625 0.784375 0.084375 0.784375 0.0828125 0.782812 0.0828125 0.778125 0.894821
0 0.0828125 0.576563 0.078125 0.576563 0.078125 0.595312 0.0859375 0.595312 0.0859375 0.58125 0.084375 0.579687 0.084375 0.578125 0.0828125 0.576563 0.09375 0.5625 0.0953125 0.5625 0.096875 0.564062 0.101562 0.564062 0.103125 0.565625 0.109375 0.565625 0.110937 0.567187 0.114063 0.567187 0.115625 0.56875 0.117188 0.56875 0.121875 0.573438 0.121875 0.578125 0.11875 0.58125 0.11875 0.582812 0.115625 0.585938 0.115625 0.5875 0.114063 0.589063 0.114063 0.595312 0.182812 0.595312 0.182812 0.58125 0.179688 0.578125 0.179688 0.575 0.185937 0.56875 0.1875 0.56875 0.190625 0.565625 0.190625 0.564062 0.192188 0.5625 0.192188 0.559375 0.19375 0.557813 0.19375 0.55625 0.196875 0.553125 0.196875 0.55 0.198437 0.548437 0.198437 0.545313 0.196875 0.54375 0.196875 0.540625 0.195312 0.539062 0.195312 0.5375 0.19375 0.535937 0.19375 0.534375 0.192188 0.532812 0.192188 0.53125 0.19375 0.529688 0.19375 0.526563 0.192188 0.525 0.192188 0.521875 0.176563 0.50625 0.175 0.50625 0.173438 0.504687 0.171875 0.504687 0.16875 0.501562 0.170312 0.5 0.170312 0.498437 0.171875 0.496875 0.171875 0.495313 0.176563 0.490625 0.196875 0.490625 0.198437 0.489062 0.198437 0.484375 0.110937 0.484375 0.110937 0.490625 0.115625 0.495313 0.115625 0.501562 0.1125 0.504687 0.103125 0.504687 0.101562 0.50625 0.096875 0.50625 0.0953125 0.507812 0.09375 0.507812 0.09375 0.515625 0.0953125 0.517187 0.0953125 0.51875 0.096875 0.520312 0.096875 0.523438 0.0921875 0.528125 0.0875 0.528125 0.0859375 0.529688 0.078125 0.529688 0.078125 0.553125 0.0828125 0.553125 0.0890625 0.559375 0.090625 0.559375 0.09375 0.5625 0.88866
0 0.923437 0.553125 0.923437 0.557813 0.920313 0.560938 0.9 0.560938 0.898438 0.5625 0.895312 0.5625 0.89375 0.564062 0.89375 0.565625 0.892187 0.567187 0.892187 0.575 0.890625 0.576563 0.890625 0.578125 0.8875 0.58125 0.885938 0.58125 0.884375 0.582812 0.88125 0.582812 0.879687 0.584375 0.871875 0.584375 0.871875 0.614062 0.876562 0.614062 0.88125 0.61875 0.88125 0.620313 0.882812 0.621875 0.882812 0.623438 0.884375 0.625 0.884375 0.628125 0.885938 0.629687 0.885938 0.634375 0.8875 0.635938 0.8875 0.639063 0.889063 0.640625 0.889063 0.642187 0.892187 0.645312 0.892187 0.646875 0.895312 0.65 0.895312 0.651563 0.898438 0.654688 0.9 0.654688 0.901563 0.65625 0.914062 0.65625 0.915625 0.654688 0.917188 0.65625 0.920313 0.65625 0.928125 0.664062 0.935938 0.664062 0.939062 0.660937 0.940625 0.660937 0.945312 0.65625 0.948438 0.65625 0.95 0.657812 0.951563 0.657812 0.953125 0.659375 0.954687 0.659375 0.95625 0.660937 0.965625 0.660937 0.967188 0.659375 0.970312 0.659375 0.971875 0.657812 0.971875 0.65625 0.973437 0.654688 0.973437 0.64375 0.975 0.642187 0.975 0.640625 0.978125 0.6375 0.982813 0.6375 0.984375 0.635938 0.990625 0.635938 0.992188 0.634375 0.998438 0.634375 0.998438 0.603125 0.996875 0.603125 0.995313 0.601562 0.99375 0.601562 0.992188 0.6 0.990625 0.6 0.9875 0.596875 0.9875 0.589063 0.989062 0.5875 0.989062 0.585938 0.99375 0.58125 0.99375 0.579687 0.995313 0.578125 0.99375 0.576563 0.990625 0.576563 0.989062 0.575 0.984375 0.575 0.982813 0.573438 0.976562 0.573438 0.96875 0.565625 0.96875 0.564062 0.967188 0.564062 0.965625 0.5625 0.951563 0.5625 0.95 0.560938 0.948438 0.560938 0.946875 0.559375 0.946875 0.553125 0.886266
0 0.3625 0.559375 0.3625 0.564062 0.359375 0.567187 0.359375 0.570312 0.357812 0.571875 0.357812 0.576563 0.35625 0.578125 0.35625 0.579687 0.351562 0.584375 0.340625 0.584375 0.339063 0.585938 0.3375 0.585938 0.328125 0.595312 0.328125 0.596875 0.334375 0.603125 0.334375 0.604688 0.3375 0.607813 0.3375 0.614062 0.334375 0.617188 0.332812 0.617188 0.33125 0.61875 0.329688 0.61875 0.328125 0.620313 0.321875 0.620313 0.321875 0.6375 0.326562 0.6375 0.332812 0.64375 0.334375 0.64375 0.3375 0.646875 0.339063 0.646875 0.340625 0.648438 0.342187 0.648438 0.34375 0.65 0.345313 0.65 0.346875 0.651563 0.346875 0.653125 0.348437 0.654688 0.348437 0.667188 0.35 0.66875 0.35 0.673437 0.353125 0.676562 0.359375 0.676562 0.360938 0.675 0.3625 0.675 0.364062 0.673437 0.36875 0.673437 0.370313 0.675 0.371875 0.675 0.373437 0.676562 0.375 0.676562 0.378125 0.679688 0.379687 0.679688 0.38125 0.68125 0.384375 0.68125 0.3875 0.678125 0.389062 0.678125 0.395312 0.671875 0.398438 0.671875 0.4 0.670313 0.404687 0.670313 0.40625 0.66875 0.407813 0.66875 0.4125 0.664062 0.421875 0.664062 0.423438 0.6625 0.425 0.6625 0.428125 0.659375 0.428125 0.657812 0.429688 0.65625 0.429688 0.654688 0.43125 0.653125 0.43125 0.651563 0.439063 0.64375 0.439063 0.642187 0.440625 0.640625 0.440625 0.639063 0.442187 0.6375 0.442187 0.63125 0.440625 0.629687 0.440625 0.620313 0.442187 0.61875 0.442187 0.617188 0.445312 0.614062 0.445312 0.609375 0.439063 0.603125 0.439063 0.6 0.4375 0.598437 0.4375 0.595312 0.435937 0.59375 0.435937 0.592188 0.43125 0.5875 0.429688 0.5875 0.428125 0.585938 0.425 0.585938 0.421875 0.582812 0.421875 0.58125 0.41875 0.578125 0.41875 0.576563 0.417188 0.576563 0.414062 0.573438 0.4125 0.573438 0.407813 0.56875 0.40625 0.56875 0.404687 0.567187 0.401563 0.567187 0.4 0.56875 0.398438 0.56875 0.396875 0.570312 0.395312 0.570312 0.392188 0.573438 0.392188 0.575 0.390625 0.576563 0.384375 0.576563 0.375 0.567187 0.373437 0.567187 0.370313 0.564062 0.370313 0.559375 0.88053
0 0.175 0.215625 0.175 0.221875 0.179688 0.226562 0.179688 0.232812 0.178125 0.234375 0.159375 0.234375 0.157813 0.235938 0.153125 0.235938 0.153125 0.242188 0.157813 0.242188 0.1625 0.246875 0.1625 0.248437 0.164062 0.25 0.164062 0.257812 0.160938 0.260938 0.160938 0.2625 0.159375 0.264062 0.153125 0.264062 0.153125 0.279687 0.159375 0.279687 0.160938 0.28125 0.164062 0.28125 0.16875 0.285937 0.170312 0.285937 0.173438 0.289062 0.173438 0.290625 0.171875 0.292188 0.171875 0.295312 0.167187 0.3 0.167187 0.303125 0.165625 0.304688 0.165625 0.30625 0.164062 0.307813 0.164062 0.314063 0.171875 0.321875 0.171875 0.323438 0.176563 0.328125 0.176563 0.329688 0.178125 0.33125 0.179688 0.33125 0.18125 0.332812 0.182812 0.332812 0.184375 0.334375 0.184375 0.339063 0.184375 0.334375 0.196875 0.321875 0.198437 0.321875 0.2 0.320312 0.201562 0.320312 0.203125 0.31875 0.20625 0.31875 0.207813 0.317187 0.210938 0.317187 0.2125 0.315625 0.221875 0.315625 0.223438 0.314063 0.226562 0.314063 0.228125 0.3125 0.229687 0.3125 0.23125 0.310937 0.234375 0.310937 0.235938 0.309375 0.240625 0.309375 0.242188 0.310937 0.245312 0.310937 0.246875 0.3125 0.25 0.3125 0.251563 0.314063 0.25625 0.314063 0.257812 0.3125 0.260938 0.3125 0.2625 0.310937 0.264062 0.310937 0.264062 0.303125 0.2625 0.301562 0.2625 0.298438 0.260938 0.296875 0.260938 0.295312 0.2625 0.29375 0.2625 0.292188 0.265625 0.289062 0.265625 0.2875 0.267188 0.285937 0.267188 0.278125 0.265625 0.276563 0.265625 0.273438 0.2625 0.270312 0.2625 0.26875 0.259375 0.265625 0.259375 0.260938 0.257812 0.259375 0.257812 0.254687 0.259375 0.253125 0.259375 0.245312 0.257812 0.24375 0.257812 0.240625 0.254687 0.240625 0.253125 0.239063 0.25 0.239063 0.246875 0.235938 0.245312 0.235938 0.242188 0.232812 0.240625 0.232812 0.239063 0.23125 0.232812 0.23125 0.23125 0.229687 0.229687 0.229687 0.226562 0.226562 0.226562 0.225 0.228125 0.223438 0.228125 0.215625 0.87861
0 0.282813 0.028125 0.28125 0.0296875 0.276563 0.0296875 0.276563 0.03125 0.265625 0.0421875 0.264062 0.0421875 0.259375 0.0375 0.257812 0.0375 0.25625 0.0359375 0.254687 0.0359375 0.253125 0.034375 0.248437 0.034375 0.245312 0.0375 0.245312 0.05625 0.24375 0.0578125 0.24375 0.059375 0.242188 0.0609375 0.240625 0.0609375 0.239063 0.0625 0.23125 0.0625 0.229687 0.0640625 0.215625 0.0640625 0.215625 0.0765625 0.221875 0.0765625 0.223438 0.078125 0.225 0.078125 0.226562 0.0796875 0.228125 0.0796875 0.232812 0.084375 0.232812 0.0890625 0.228125 0.09375 0.226562 0.09375 0.225 0.0953125 0.223438 0.0953125 0.221875 0.096875 0.215625 0.096875 0.215625 0.10625 0.220313 0.10625 0.221875 0.107813 0.223438 0.107813 0.225 0.109375 0.228125 0.109375 0.229687 0.110937 0.234375 0.110937 0.240625 0.117188 0.240625 0.125 0.239063 0.126563 0.239063 0.139062 0.240625 0.140625 0.245312 0.140625 0.246875 0.139062 0.25 0.139062 0.253125 0.135937 0.254687 0.135937 0.25625 0.134375 0.259375 0.134375 0.260938 0.132812 0.2625 0.132812 0.265625 0.129688 0.267188 0.129688 0.267188 0.128125 0.270312 0.125 0.273438 0.125 0.275 0.126563 0.276563 0.126563 0.282813 0.132812 0.284375 0.132812 0.285937 0.134375 0.2875 0.134375 0.289062 0.135937 0.295312 0.129688 0.295312 0.128125 0.298438 0.125 0.298438 0.123438 0.303125 0.11875 0.3125 0.11875 0.314063 0.117188 0.315625 0.117188 0.317187 0.115625 0.317187 0.114063 0.31875 0.1125 0.31875 0.110937 0.320312 0.109375 0.320312 0.107813 0.323438 0.104687 0.323438 0.103125 0.325 0.101562 0.325 0.0984375 0.326562 0.096875 0.326562 0.084375 0.325 0.0828125 0.325 0.0796875 0.323438 0.078125 0.323438 0.075 0.320312 0.071875 0.320312 0.0578125 0.31875 0.05625 0.31875 0.053125 0.317187 0.0515625 0.317187 0.05 0.315625 0.0484375 0.314063 0.0484375 0.3125 0.046875 0.309375 0.046875 0.307813 0.0453125 0.30625 0.0453125 0.304688 0.04375 0.303125 0.04375 0.296875 0.0375 0.295312 0.0375 0.289062 0.03125 0.2875 0.03125 0.285937 0.0296875 0.284375 0.0296875 0.878117
0 0 0.871875 0 0.9875 0.0015625 0.9875 0.009375 0.979688 0.0109375 0.979688 0.0125 0.978125 0.015625 0.978125 0.0171875 0.979688 0.01875 0.979688 0.021875 0.982813 0.0234375 0.982813 0.025 0.984375 0.0265625 0.984375 0.028125 0.985937 0.0328125 0.985937 0.0375 0.98125 0.0375 0.979688 0.0390625 0.978125 0.0390625 0.975 0.040625 0.973437 0.040625 0.957812 0.04375 0.954687 0.0453125 0.954687 0.046875 0.953125 0.0515625 0.953125 0.053125 0.954687 0.0609375 0.954687 0.0625 0.953125 0.0640625 0.953125 0.0671875 0.95 0.0671875 0.945312 0.0640625 0.942187 0.0640625 0.940625 0.0625 0.939062 0.0625 0.932813 0.065625 0.929688 0.06875 0.929688 0.0703125 0.928125 0.071875 0.928125 0.071875 0.926562 0.0734375 0.925 0.0734375 0.923437 0.075 0.921875 0.075 0.91875 0.0734375 0.917188 0.0734375 0.915625 0.0703125 0.9125 0.0703125 0.910937 0.06875 0.909375 0.06875 0.907812 0.0671875 0.90625 0.0671875 0.904688 0.05625 0.89375 0.05625 0.892187 0.0546875 0.890625 0.0546875 0.885938 0.053125 0.884375 0.053125 0.882812 0.046875 0.876562 0.046875 0.871875 0.0390625 0.871875 0.0390625 0.876562 0.0375 0.878125 0.03125 0.878125 0.0296875 0.879687 0.0234375 0.879687 0.021875 0.88125 0.0203125 0.88125 0.01875 0.879687 0.0078125 0.879687 0.0046875 0.876562 0.0046875 0.871875 0.876191
0 0.421875 0.659375 0.421875 0.665625 0.420312 0.667188 0.41875 0.667188 0.415625 0.670313 0.409375 0.670313 0.407813 0.66875 0.398438 0.66875 0.396875 0.670313 0.39375 0.670313 0.392188 0.671875 0.390625 0.671875 0.389062 0.673437 0.385938 0.673437 0.384375 0.675 0.373437 0.675 0.370313 0.678125 0.370313 0.68125 0.371875 0.682813 0.371875 0.684375 0.370313 0.685938 0.370313 0.690625 0.371875 0.692187 0.371875 0.695312 0.36875 0.698438 0.3625 0.698438 0.360938 0.7 0.359375 0.7 0.357812 0.701563 0.35625 0.701563 0.354688 0.703125 0.354688 0.704687 0.353125 0.70625 0.353125 0.709375 0.351562 0.710938 0.346875 0.710938 0.346875 0.723437 0.359375 0.723437 0.360938 0.725 0.3625 0.725 0.364062 0.726562 0.364062 0.728125 0.360938 0.73125 0.360938 0.732813 0.354688 0.739062 0.354688 0.740625 0.353125 0.742188 0.346875 0.742188 0.346875 0.75 0.351562 0.75 0.353125 0.751562 0.354688 0.751562 0.357812 0.754687 0.360938 0.754687 0.3625 0.75625 0.367188 0.75625 0.36875 0.757812 0.371875 0.757812 0.373437 0.759375 0.371875 0.760938 0.371875 0.7625 0.370313 0.764063 0.371875 0.765625 0.378125 0.765625 0.379687 0.767187 0.382812 0.767187 0.384375 0.76875 0.385938 0.76875 0.389062 0.771875 0.389062 0.773438 0.390625 0.775 0.390625 0.776563 0.392188 0.778125 0.39375 0.778125 0.395312 0.779688 0.4 0.779688 0.401563 0.778125 0.403125 0.778125 0.40625 0.775 0.407813 0.775 0.4125 0.770312 0.414062 0.770312 0.415625 0.76875 0.417188 0.770312 0.420312 0.770312 0.423438 0.773438 0.423438 0.775 0.425 0.776563 0.425 0.778125 0.428125 0.78125 0.429688 0.779688 0.43125 0.779688 0.432813 0.778125 0.432813 0.776563 0.434375 0.775 0.434375 0.771875 0.4375 0.76875 0.442187 0.76875 0.44375 0.767187 0.446875 0.767187 0.448438 0.765625 0.448438 0.757812 0.446875 0.75625 0.446875 0.751562 0.451562 0.746875 0.460938 0.746875 0.4625 0.745313 0.465625 0.745313 0.470313 0.740625 0.470313 0.734375 0.465625 0.729688 0.465625 0.728125 0.464063 0.726562 0.465625 0.725 0.465625 0.71875 0.467187 0.717188 0.467187 0.715625 0.46875 0.714063 0.467187 0.7125 0.467187 0.707812 0.465625 0.707812 0.464063 0.70625 0.4625 0.70625 0.460938 0.704687 0.459375 0.704687 0.457812 0.703125 0.45625 0.703125 0.454688 0.701563 0.454688 0.7 0.451562 0.696875 0.451562 0.676562 0.445312 0.670313 0.440625 0.670313 0.439063 0.66875 0.435937 0.66875 0.43125 0.664062 0.43125 0.659375 0.874861
0 0.290625 0.232812 0.284375 0.239063 0.284375 0.242188 0.282813 0.24375 0.282813 0.248437 0.28125 0.25 0.28125 0.251563 0.279687 0.253125 0.279687 0.254687 0.276563 0.257812 0.275 0.257812 0.271875 0.254687 0.271875 0.253125 0.270312 0.253125 0.26875 0.251563 0.259375 0.251563 0.259375 0.260938 0.265625 0.260938 0.26875 0.264062 0.26875 0.2875 0.270312 0.289062 0.270312 0.3 0.26875 0.301562 0.26875 0.307813 0.270312 0.309375 0.273438 0.309375 0.275 0.310937 0.279687 0.310937 0.28125 0.3125 0.284375 0.3125 0.285937 0.314063 0.2875 0.314063 0.289062 0.315625 0.292188 0.315625 0.295312 0.3125 0.296875 0.3125 0.298438 0.314063 0.301562 0.314063 0.303125 0.315625 0.314063 0.315625 0.321875 0.307813 0.323438 0.307813 0.325 0.30625 0.329688 0.30625 0.332812 0.309375 0.334375 0.309375 0.335938 0.310937 0.340625 0.310937 0.342187 0.309375 0.342187 0.307813 0.34375 0.30625 0.34375 0.304688 0.348437 0.3 0.35 0.3 0.351562 0.298438 0.354688 0.298438 0.35625 0.3 0.357812 0.3 0.359375 0.298438 0.360938 0.298438 0.3625 0.296875 0.364062 0.296875 0.365625 0.295312 0.376563 0.295312 0.378125 0.29375 0.379687 0.29375 0.382812 0.290625 0.382812 0.284375 0.36875 0.270312 0.36875 0.265625 0.371875 0.2625 0.373437 0.2625 0.375 0.260938 0.376563 0.260938 0.378125 0.259375 0.379687 0.259375 0.379687 0.257812 0.38125 0.25625 0.38125 0.254687 0.382812 0.253125 0.382812 0.24375 0.384375 0.242188 0.384375 0.2375 0.382812 0.235938 0.382812 0.234375 0.38125 0.232812 0.379687 0.232812 0.378125 0.23125 0.371875 0.23125 0.370313 0.229687 0.360938 0.229687 0.359375 0.228125 0.35625 0.228125 0.354688 0.226562 0.354688 0.225 0.348437 0.21875 0.346875 0.21875 0.345313 0.217187 0.332812 0.217187 0.329688 0.220313 0.329688 0.223438 0.328125 0.225 0.328125 0.226562 0.326562 0.228125 0.323438 0.228125 0.321875 0.229687 0.317187 0.229687 0.314063 0.226562 0.315625 0.225 0.317187 0.225 0.31875 0.223438 0.321875 0.223438 0.321875 0.221875 0.323438 0.220313 0.323438 0.209375 0.3125 0.209375 0.3125 0.214062 0.30625 0.220313 0.30625 0.221875 0.298438 0.229687 0.296875 0.229687 0.295312 0.23125 0.29375 0.23125 0.292188 0.232812 0.290625 0.232812 0.267188 0.214062 0.267188 0.209375 0.259375 0.209375 0.259375 0.215625 0.265625 0.215625 0.267188 0.214062 0.874755
0 0.234375 0.303125 0.234375 0.309375 0.228125 0.315625 0.223438 0.315625 0.221875 0.317187 0.21875 0.317187 0.217187 0.31875 0.2125 0.31875 0.210938 0.320312 0.207813 0.320312 0.20625 0.321875 0.203125 0.321875 0.2 0.325 0.198437 0.325 0.196875 0.326562 0.196875 0.328125 0.195312 0.329688 0.195312 0.33125 0.19375 0.332812 0.19375 0.3375 0.192188 0.339063 0.192188 0.340625 0.195312 0.34375 0.195312 0.346875 0.192188 0.35 0.190625 0.35 0.189063 0.351562 0.184375 0.351562 0.184375 0.370313 0.204688 0.370313 0.20625 0.371875 0.20625 0.373437 0.207813 0.375 0.207813 0.379687 0.20625 0.38125 0.20625 0.385938 0.204688 0.3875 0.204688 0.39375 0.20625 0.395312 0.20625 0.396875 0.207813 0.398438 0.223438 0.398438 0.225 0.396875 0.234375 0.396875 0.235938 0.398438 0.2375 0.398438 0.240625 0.401563 0.246875 0.401563 0.25 0.398438 0.251563 0.398438 0.254687 0.395312 0.25625 0.395312 0.257812 0.39375 0.267188 0.39375 0.26875 0.395312 0.276563 0.395312 0.278125 0.39375 0.279687 0.39375 0.284375 0.389062 0.282813 0.3875 0.282813 0.384375 0.28125 0.382812 0.28125 0.38125 0.278125 0.378125 0.278125 0.376563 0.279687 0.375 0.279687 0.371875 0.284375 0.367188 0.285937 0.367188 0.2875 0.365625 0.2875 0.364062 0.290625 0.360938 0.290625 0.34375 0.289062 0.342187 0.2875 0.342187 0.28125 0.335938 0.28125 0.334375 0.279687 0.332812 0.28125 0.33125 0.28125 0.320312 0.276563 0.315625 0.273438 0.315625 0.271875 0.314063 0.26875 0.314063 0.267188 0.315625 0.265625 0.315625 0.264062 0.317187 0.260938 0.317187 0.259375 0.31875 0.254687 0.31875 0.253125 0.317187 0.25 0.317187 0.245312 0.3125 0.245312 0.310937 0.24375 0.309375 0.24375 0.303125 0.874601
0 0.157813 0.3875 0.15625 0.389062 0.154687 0.389062 0.151562 0.392188 0.15 0.392188 0.146875 0.395312 0.14375 0.395312 0.142188 0.396875 0.135937 0.396875 0.134375 0.395312 0.126563 0.395312 0.125 0.396875 0.117188 0.396875 0.115625 0.398438 0.1125 0.398438 0.110937 0.4 0.109375 0.4 0.109375 0.401563 0.107813 0.403125 0.107813 0.40625 0.10625 0.407813 0.10625 0.409375 0.103125 0.4125 0.101562 0.4125 0.1 0.414062 0.0984375 0.414062 0.096875 0.415625 0.0953125 0.415625 0.09375 0.417188 0.090625 0.417188 0.0890625 0.41875 0.084375 0.41875 0.084375 0.43125 0.0890625 0.43125 0.0921875 0.434375 0.0921875 0.435937 0.09375 0.4375 0.09375 0.44375 0.0921875 0.445312 0.0921875 0.448438 0.0890625 0.451562 0.084375 0.451562 0.084375 0.467187 0.0890625 0.467187 0.090625 0.46875 0.090625 0.470313 0.0921875 0.471875 0.0921875 0.476562 0.09375 0.478125 0.09375 0.479688 0.0953125 0.479688 0.0984375 0.482812 0.1 0.482812 0.101562 0.484375 0.101562 0.485938 0.103125 0.4875 0.10625 0.4875 0.107813 0.489062 0.109375 0.489062 0.117188 0.496875 0.114063 0.5 0.114063 0.501562 0.1125 0.503125 0.110937 0.503125 0.109375 0.504687 0.103125 0.504687 0.101562 0.503125 0.1 0.504687 0.0921875 0.504687 0.0890625 0.507812 0.084375 0.507812 0.084375 0.514063 0.18125 0.514063 0.18125 0.509375 0.176563 0.504687 0.175 0.504687 0.173438 0.503125 0.171875 0.503125 0.170312 0.501562 0.170312 0.498437 0.16875 0.496875 0.176563 0.489062 0.178125 0.489062 0.179688 0.490625 0.189063 0.490625 0.190625 0.492188 0.195312 0.492188 0.2 0.4875 0.2 0.485938 0.201562 0.484375 0.201562 0.476562 0.203125 0.475 0.203125 0.473437 0.20625 0.470313 0.207813 0.470313 0.207813 0.46875 0.209375 0.467187 0.209375 0.454688 0.207813 0.453125 0.207813 0.451562 0.209375 0.45 0.209375 0.446875 0.210938 0.445312 0.210938 0.442187 0.2125 0.440625 0.2125 0.434375 0.209375 0.43125 0.203125 0.43125 0.201562 0.429688 0.195312 0.429688 0.19375 0.428125 0.19375 0.423438 0.195312 0.421875 0.195312 0.420312 0.198437 0.417188 0.198437 0.409375 0.196875 0.407813 0.196875 0.40625 0.192188 0.401563 0.192188 0.398438 0.190625 0.396875 0.190625 0.395312 0.189063 0.39375 0.1875 0.39375 0.185937 0.392188 0.179688 0.392188 0.178125 0.39375 0.16875 0.39375 0.165625 0.390625 0.165625 0.389062 0.164062 0.3875 0.874231
0 0.0390625 0.309375 0.0390625 0.314063 0.0359375 0.317187 0.034375 0.317187 0.0328125 0.31875 0.0296875 0.31875 0.028125 0.320312 0.0265625 0.320312 0.025 0.321875 0.0234375 0.321875 0.0203125 0.325 0.01875 0.325 0.0171875 0.326562 0.015625 0.326562 0.0140625 0.328125 0.003125 0.328125 0.003125 0.40625 0.0109375 0.40625 0.0125 0.404687 0.0140625 0.404687 0.015625 0.403125 0.021875 0.403125 0.028125 0.409375 0.0296875 0.409375 0.03125 0.410937 0.0390625 0.410937 0.040625 0.409375 0.0421875 0.409375 0.04375 0.407813 0.0453125 0.407813 0.046875 0.40625 0.0484375 0.40625 0.05625 0.398438 0.0625 0.398438 0.0640625 0.4 0.06875 0.4 0.0703125 0.401563 0.071875 0.401563 0.0734375 0.4 0.0765625 0.4 0.078125 0.398438 0.0796875 0.398438 0.08125 0.396875 0.08125 0.395312 0.0828125 0.39375 0.0828125 0.392188 0.084375 0.390625 0.08125 0.3875 0.0796875 0.3875 0.078125 0.385938 0.0765625 0.385938 0.0734375 0.382812 0.071875 0.382812 0.0671875 0.378125 0.0671875 0.371875 0.0703125 0.36875 0.0734375 0.36875 0.075 0.367188 0.078125 0.367188 0.0796875 0.365625 0.0828125 0.365625 0.0859375 0.3625 0.0859375 0.360938 0.0875 0.359375 0.0875 0.35 0.084375 0.346875 0.084375 0.345313 0.078125 0.339063 0.075 0.339063 0.0734375 0.3375 0.071875 0.3375 0.0703125 0.335938 0.06875 0.335938 0.065625 0.332812 0.065625 0.329688 0.0671875 0.328125 0.0640625 0.325 0.0640625 0.323438 0.0609375 0.320312 0.059375 0.320312 0.0578125 0.31875 0.05625 0.31875 0.0546875 0.317187 0.053125 0.317187 0.05 0.314063 0.05 0.309375 0.873903
0 0.884375 0.846875 0.884375 0.853125 0.879687 0.857813 0.878125 0.857813 0.873438 0.8625 0.873438 0.864062 0.870313 0.867188 0.860937 0.867188 0.859375 0.865625 0.857813 0.865625 0.85625 0.864062 0.854688 0.864062 0.853125 0.8625 0.848437 0.8625 0.846875 0.864062 0.84375 0.864062 0.842188 0.865625 0.840625 0.865625 0.839063 0.867188 0.8375 0.867188 0.835938 0.86875 0.820312 0.86875 0.817187 0.865625 0.817187 0.864062 0.815625 0.864062 0.814062 0.8625 0.809375 0.8625 0.809375 0.885938 0.815625 0.885938 0.81875 0.889063 0.820312 0.889063 0.823438 0.892187 0.823438 0.89375 0.829687 0.9 0.83125 0.9 0.832812 0.901563 0.834375 0.901563 0.8375 0.904688 0.839063 0.904688 0.842188 0.907812 0.842188 0.909375 0.84375 0.910937 0.84375 0.915625 0.840625 0.91875 0.840625 0.920313 0.839063 0.921875 0.840625 0.923437 0.840625 0.925 0.84375 0.928125 0.84375 0.929688 0.845312 0.93125 0.845312 0.934375 0.846875 0.935938 0.846875 0.948438 0.845312 0.95 0.845312 0.951563 0.84375 0.953125 0.84375 0.954687 0.842188 0.95625 0.842188 0.957812 0.840625 0.959375 0.840625 0.965625 0.842188 0.967188 0.84375 0.967188 0.845312 0.96875 0.846875 0.96875 0.848437 0.967188 0.851562 0.967188 0.853125 0.965625 0.854688 0.965625 0.859375 0.960938 0.860937 0.960938 0.8625 0.959375 0.864062 0.959375 0.865625 0.957812 0.871875 0.957812 0.873438 0.959375 0.875 0.959375 0.876562 0.960938 0.878125 0.960938 0.879687 0.9625 0.88125 0.9625 0.8875 0.96875 0.889063 0.96875 0.890625 0.970312 0.892187 0.96875 0.895312 0.96875 0.896875 0.967188 0.9 0.967188 0.901563 0.965625 0.909375 0.965625 0.910937 0.967188 0.91875 0.967188 0.920313 0.96875 0.921875 0.967188 0.923437 0.967188 0.928125 0.9625 0.93125 0.9625 0.932813 0.960938 0.935938 0.960938 0.9375 0.9625 0.940625 0.9625 0.942187 0.960938 0.945312 0.960938 0.946875 0.959375 0.948438 0.959375 0.948438 0.951563 0.946875 0.95 0.946875 0.946875 0.945312 0.945312 0.945312 0.942187 0.94375 0.940625 0.94375 0.939062 0.95 0.932813 0.95 0.93125 0.951563 0.929688 0.951563 0.923437 0.95 0.921875 0.95 0.920313 0.946875 0.917188 0.946875 0.915625 0.94375 0.9125 0.94375 0.910937 0.942187 0.909375 0.942187 0.901563 0.94375 0.9 0.94375 0.898438 0.946875 0.895312 0.946875 0.89375 0.948438 0.892187 0.948438 0.8875 0.946875 0.885938 0.946875 0.884375 0.945312 0.882812 0.94375 0.882812 0.942187 0.88125 0.940625 0.88125 0.939062 0.879687 0.9375 0.879687 0.935938 0.878125 0.935938 0.867188 0.934375 0.865625 0.934375 0.864062 0.932813 0.8625 0.925 0.8625 0.921875 0.865625 0.920313 0.865625 0.91875 0.867188 0.917188 0.867188 0.915625 0.86875 0.9125 0.86875 0.910937 0.867188 0.909375 0.867188 0.90625 0.864062 0.90625 0.8625 0.903125 0.859375 0.903125 0.857813 0.9 0.854688 0.898438 0.854688 0.895312 0.851562 0.895312 0.846875 0.870619
0 0.375 0.490625 0.373437 0.492188 0.36875 0.492188 0.364062 0.496875 0.364062 0.501562 0.410937 0.501562 0.410937 0.496875 0.409375 0.495313 0.409375 0.492188 0.407813 0.490625 0.401563 0.490625 0.4 0.492188 0.382812 0.492188 0.38125 0.490625 0.375 0.490625 0.376563 0.4875 0.378125 0.4875 0.382812 0.482812 0.3875 0.482812 0.389062 0.48125 0.401563 0.48125 0.403125 0.479688 0.404687 0.479688 0.40625 0.478125 0.407813 0.478125 0.4125 0.473437 0.414062 0.473437 0.417188 0.470313 0.417188 0.464063 0.420312 0.460938 0.420312 0.459375 0.426562 0.453125 0.426562 0.435937 0.428125 0.434375 0.428125 0.43125 0.429688 0.429688 0.429688 0.421875 0.428125 0.420312 0.428125 0.417188 0.423438 0.4125 0.421875 0.4125 0.41875 0.409375 0.41875 0.407813 0.417188 0.40625 0.417188 0.403125 0.415625 0.401563 0.415625 0.4 0.414062 0.398438 0.414062 0.396875 0.4125 0.395312 0.410937 0.395312 0.409375 0.39375 0.40625 0.39375 0.404687 0.392188 0.396875 0.392188 0.39375 0.389062 0.39375 0.384375 0.354688 0.384375 0.354688 0.390625 0.353125 0.392188 0.351562 0.392188 0.348437 0.395312 0.346875 0.395312 0.345313 0.396875 0.345313 0.398438 0.342187 0.401563 0.340625 0.401563 0.329688 0.4125 0.329688 0.414062 0.328125 0.415625 0.328125 0.420312 0.329688 0.421875 0.329688 0.423438 0.33125 0.425 0.33125 0.428125 0.332812 0.429688 0.332812 0.434375 0.329688 0.4375 0.329688 0.439063 0.328125 0.440625 0.328125 0.442187 0.326562 0.44375 0.321875 0.44375 0.321875 0.446875 0.328125 0.446875 0.329688 0.448438 0.332812 0.448438 0.3375 0.453125 0.3375 0.459375 0.335938 0.460938 0.335938 0.470313 0.34375 0.478125 0.34375 0.479688 0.346875 0.482812 0.348437 0.482812 0.35 0.484375 0.36875 0.484375 0.370313 0.485938 0.375 0.485938 0.376563 0.4875 0.870276
0 0 0.390625 0 0.482812 0.003125 0.482812 0.0078125 0.4875 0.0078125 0.489062 0.009375 0.490625 0.009375 0.492188 0.0109375 0.49375 0.0109375 0.495313 0.0140625 0.498437 0.015625 0.498437 0.0171875 0.5 0.0296875 0.5 0.03125 0.498437 0.034375 0.498437 0.0359375 0.5 0.0375 0.5 0.0390625 0.501562 0.040625 0.501562 0.0421875 0.503125 0.0421875 0.507812 0.059375 0.507812 0.059375 0.503125 0.0625 0.5 0.0625 0.498437 0.0640625 0.496875 0.0640625 0.495313 0.065625 0.49375 0.065625 0.489062 0.0671875 0.4875 0.0671875 0.484375 0.06875 0.482812 0.0703125 0.482812 0.071875 0.48125 0.084375 0.48125 0.0875 0.478125 0.0875 0.475 0.0890625 0.473437 0.0890625 0.46875 0.0875 0.467187 0.0875 0.4625 0.0859375 0.460938 0.0859375 0.459375 0.084375 0.457812 0.0859375 0.45625 0.0859375 0.451562 0.0890625 0.448438 0.0890625 0.446875 0.090625 0.445312 0.090625 0.44375 0.0921875 0.442187 0.0921875 0.4375 0.090625 0.435937 0.090625 0.434375 0.08125 0.425 0.08125 0.423438 0.078125 0.420312 0.078125 0.410937 0.0765625 0.409375 0.0765625 0.407813 0.075 0.407813 0.0671875 0.4 0.065625 0.4 0.0640625 0.398438 0.0578125 0.398438 0.05625 0.4 0.0546875 0.4 0.0515625 0.403125 0.05 0.403125 0.0484375 0.404687 0.046875 0.404687 0.0453125 0.40625 0.0421875 0.40625 0.040625 0.407813 0.034375 0.407813 0.0328125 0.409375 0.03125 0.407813 0.028125 0.407813 0.0234375 0.403125 0.021875 0.403125 0.0203125 0.401563 0.0125 0.401563 0.009375 0.398438 0.009375 0.390625 0.869301
0 0.834375 0.559375 0.832812 0.560938 0.829687 0.560938 0.828125 0.5625 0.823438 0.5625 0.821875 0.564062 0.81875 0.564062 0.817187 0.5625 0.807813 0.5625 0.80625 0.564062 0.801562 0.564062 0.8 0.5625 0.789062 0.5625 0.7875 0.564062 0.784375 0.564062 0.782812 0.565625 0.779688 0.565625 0.778125 0.567187 0.775 0.567187 0.773438 0.56875 0.771875 0.56875 0.770312 0.570312 0.76875 0.570312 0.765625 0.573438 0.765625 0.575 0.764063 0.576563 0.764063 0.579687 0.7625 0.58125 0.7625 0.585938 0.760938 0.5875 0.760938 0.590625 0.764063 0.59375 0.764063 0.6 0.7625 0.601562 0.7625 0.603125 0.760938 0.604688 0.759375 0.604688 0.757812 0.60625 0.753125 0.60625 0.753125 0.617188 0.757812 0.617188 0.759375 0.61875 0.760938 0.61875 0.765625 0.623438 0.765625 0.625 0.76875 0.628125 0.76875 0.63125 0.770312 0.632812 0.770312 0.635938 0.771875 0.6375 0.771875 0.639063 0.773438 0.640625 0.773438 0.65625 0.775 0.657812 0.775 0.659375 0.776563 0.660937 0.782812 0.660937 0.784375 0.659375 0.7875 0.659375 0.789062 0.657812 0.796875 0.657812 0.8 0.660937 0.8 0.6625 0.801562 0.664062 0.801562 0.665625 0.804688 0.66875 0.814062 0.66875 0.815625 0.667188 0.81875 0.667188 0.820312 0.665625 0.821875 0.665625 0.826563 0.660937 0.834375 0.660937 0.839063 0.665625 0.848437 0.665625 0.85 0.664062 0.851562 0.664062 0.853125 0.6625 0.853125 0.660937 0.85625 0.657812 0.857813 0.657812 0.860937 0.654688 0.8625 0.654688 0.864062 0.653125 0.870313 0.653125 0.871875 0.651563 0.873438 0.651563 0.875 0.65 0.875 0.648438 0.876562 0.646875 0.876562 0.635938 0.875 0.634375 0.875 0.632812 0.876562 0.63125 0.876562 0.629687 0.882812 0.623438 0.882812 0.61875 0.88125 0.617188 0.88125 0.615625 0.879687 0.614062 0.879687 0.6125 0.876562 0.609375 0.876562 0.596875 0.875 0.595312 0.875 0.59375 0.873438 0.592188 0.873438 0.584375 0.86875 0.579687 0.86875 0.578125 0.867188 0.576563 0.867188 0.575 0.864062 0.571875 0.860937 0.571875 0.859375 0.570312 0.85 0.570312 0.840625 0.560938 0.8375 0.560938 0.835938 0.559375 0.868864
0 0.195312 0.676562 0.19375 0.678125 0.192188 0.678125 0.190625 0.679688 0.175 0.679688 0.173438 0.68125 0.171875 0.68125 0.167187 0.685938 0.165625 0.685938 0.160938 0.690625 0.159375 0.690625 0.157813 0.692187 0.15625 0.692187 0.148438 0.7 0.146875 0.7 0.145313 0.701563 0.142188 0.701563 0.140625 0.703125 0.139062 0.703125 0.139062 0.70625 0.1375 0.707812 0.1375 0.71875 0.135937 0.720312 0.135937 0.721875 0.134375 0.723437 0.134375 0.725 0.132812 0.726562 0.132812 0.728125 0.13125 0.729688 0.13125 0.739062 0.132812 0.740625 0.132812 0.742188 0.1375 0.746875 0.1375 0.760938 0.135937 0.7625 0.135937 0.764063 0.139062 0.767187 0.142188 0.767187 0.14375 0.76875 0.15 0.76875 0.157813 0.776563 0.160938 0.776563 0.1625 0.778125 0.165625 0.778125 0.167187 0.779688 0.16875 0.779688 0.170312 0.78125 0.171875 0.78125 0.173438 0.782812 0.175 0.782812 0.179688 0.7875 0.179688 0.789062 0.18125 0.789062 0.182812 0.790625 0.185937 0.790625 0.1875 0.789062 0.190625 0.789062 0.195312 0.784375 0.196875 0.784375 0.198437 0.782812 0.201562 0.782812 0.203125 0.78125 0.204688 0.78125 0.207813 0.778125 0.220313 0.778125 0.221875 0.779688 0.228125 0.779688 0.229687 0.778125 0.229687 0.776563 0.23125 0.775 0.23125 0.765625 0.232812 0.764063 0.232812 0.760938 0.234375 0.759375 0.234375 0.757812 0.235938 0.75625 0.235938 0.754687 0.240625 0.75 0.242188 0.75 0.245312 0.746875 0.246875 0.746875 0.246875 0.745313 0.248437 0.74375 0.248437 0.739062 0.246875 0.7375 0.246875 0.735937 0.240625 0.729688 0.240625 0.728125 0.2375 0.725 0.2375 0.723437 0.235938 0.721875 0.235938 0.71875 0.2375 0.717188 0.2375 0.715625 0.242188 0.710938 0.24375 0.710938 0.257812 0.696875 0.257812 0.692187 0.25625 0.690625 0.254687 0.690625 0.253125 0.689062 0.251563 0.689062 0.25 0.690625 0.245312 0.690625 0.24375 0.692187 0.242188 0.692187 0.240625 0.69375 0.235938 0.69375 0.234375 0.695312 0.232812 0.695312 0.23125 0.69375 0.229687 0.69375 0.228125 0.692187 0.228125 0.690625 0.226562 0.689062 0.228125 0.6875 0.228125 0.684375 0.229687 0.682813 0.229687 0.68125 0.23125 0.679688 0.23125 0.676562 0.232812 0.675 0.232812 0.673437 0.234375 0.671875 0.232812 0.670313 0.232812 0.66875 0.229687 0.66875 0.228125 0.667188 0.226562 0.667188 0.225 0.66875 0.220313 0.66875 0.21875 0.670313 0.214062 0.670313 0.2125 0.671875 0.20625 0.671875 0.204688 0.673437 0.201562 0.673437 0.2 0.675 0.198437 0.675 0.196875 0.676562 0.195312 0.676562 0.189063 0.659375 0.189063 0.664062 0.1875 0.664062 0.185937 0.665625 0.18125 0.665625 0.179688 0.664062 0.178125 0.664062 0.164062 0.659375 0.121875 0.659375 0.121875 0.670313 0.129688 0.670313 0.13125 0.671875 0.135937 0.671875 0.1375 0.673437 0.140625 0.673437 0.142188 0.671875 0.142188 0.670313 0.146875 0.665625 0.160938 0.665625 0.1625 0.664062 0.164062 0.664062 0.164062 0.659375 0.178125 0.664062 0.178125 0.659375 0.189063 0.659375 0.868747
0 0.284375 0.384375 0.284375 0.389062 0.276563 0.396875 0.275 0.396875 0.273438 0.398438 0.271875 0.398438 0.270312 0.4 0.26875 0.398438 0.265625 0.398438 0.264062 0.396875 0.25625 0.396875 0.254687 0.398438 0.253125 0.398438 0.251563 0.4 0.251563 0.401563 0.246875 0.40625 0.24375 0.40625 0.242188 0.407813 0.239063 0.407813 0.2375 0.409375 0.235938 0.409375 0.234375 0.410937 0.232812 0.410937 0.23125 0.4125 0.226562 0.4125 0.225 0.414062 0.221875 0.414062 0.220313 0.415625 0.217187 0.415625 0.214062 0.41875 0.2125 0.41875 0.2125 0.420312 0.210938 0.421875 0.210938 0.423438 0.2125 0.425 0.2125 0.429688 0.214062 0.43125 0.214062 0.445312 0.2125 0.446875 0.214062 0.448438 0.214062 0.453125 0.215625 0.454688 0.215625 0.4625 0.214062 0.464063 0.214062 0.467187 0.2125 0.46875 0.2125 0.478125 0.220313 0.485938 0.221875 0.485938 0.226562 0.490625 0.228125 0.490625 0.229687 0.492188 0.23125 0.492188 0.234375 0.495313 0.235938 0.495313 0.2375 0.496875 0.239063 0.496875 0.240625 0.498437 0.24375 0.498437 0.253125 0.507812 0.25625 0.504687 0.257812 0.504687 0.271875 0.490625 0.275 0.490625 0.276563 0.489062 0.2875 0.5 0.2875 0.501562 0.289062 0.503125 0.292188 0.503125 0.29375 0.501562 0.295312 0.501562 0.30625 0.490625 0.307813 0.490625 0.314063 0.484375 0.314063 0.478125 0.317187 0.475 0.320312 0.475 0.321875 0.473437 0.323438 0.473437 0.325 0.471875 0.326562 0.471875 0.328125 0.470313 0.328125 0.46875 0.329688 0.467187 0.329688 0.4625 0.328125 0.460938 0.328125 0.459375 0.326562 0.457812 0.326562 0.45625 0.323438 0.453125 0.323438 0.448438 0.321875 0.446875 0.321875 0.445312 0.325 0.442187 0.325 0.440625 0.326562 0.439063 0.326562 0.4375 0.328125 0.435937 0.328125 0.43125 0.326562 0.429688 0.326562 0.428125 0.325 0.426562 0.325 0.420312 0.323438 0.41875 0.323438 0.4125 0.321875 0.410937 0.321875 0.409375 0.31875 0.40625 0.309375 0.40625 0.307813 0.404687 0.30625 0.404687 0.304688 0.403125 0.303125 0.403125 0.298438 0.398438 0.298438 0.396875 0.296875 0.395312 0.296875 0.39375 0.29375 0.390625 0.29375 0.384375 0.867648
0 0.126563 0.009375 0.126563 0.0234375 0.128125 0.025 0.128125 0.0265625 0.129688 0.028125 0.129688 0.0296875 0.13125 0.03125 0.13125 0.034375 0.132812 0.0359375 0.132812 0.040625 0.134375 0.0421875 0.134375 0.0484375 0.126563 0.05625 0.125 0.05625 0.123438 0.0578125 0.121875 0.0578125 0.121875 0.065625 0.128125 0.071875 0.126563 0.0734375 0.126563 0.0765625 0.125 0.078125 0.125 0.0796875 0.117188 0.0875 0.117188 0.0890625 0.115625 0.090625 0.115625 0.101562 0.117188 0.103125 0.117188 0.109375 0.115625 0.110937 0.115625 0.115625 0.117188 0.117188 0.117188 0.11875 0.11875 0.120312 0.120312 0.120312 0.121875 0.121875 0.123438 0.121875 0.125 0.123438 0.126563 0.123438 0.128125 0.125 0.128125 0.126563 0.13125 0.129688 0.13125 0.13125 0.132812 0.132812 0.132812 0.134375 0.1375 0.134375 0.139062 0.135937 0.140625 0.134375 0.142188 0.134375 0.145313 0.13125 0.148438 0.13125 0.15 0.129688 0.151562 0.129688 0.15625 0.134375 0.15625 0.135937 0.164062 0.14375 0.165625 0.14375 0.167187 0.145313 0.16875 0.145313 0.170312 0.146875 0.176563 0.146875 0.178125 0.145313 0.18125 0.145313 0.182812 0.14375 0.190625 0.14375 0.192188 0.142188 0.192188 0.140625 0.19375 0.139062 0.19375 0.134375 0.195312 0.132812 0.195312 0.129688 0.196875 0.128125 0.196875 0.120312 0.203125 0.114063 0.204688 0.114063 0.20625 0.115625 0.207813 0.115625 0.209375 0.114063 0.214062 0.114063 0.21875 0.109375 0.21875 0.10625 0.220313 0.104687 0.220313 0.1 0.221875 0.0984375 0.221875 0.096875 0.223438 0.0953125 0.223438 0.0875 0.221875 0.0859375 0.221875 0.0828125 0.220313 0.08125 0.220313 0.078125 0.21875 0.0765625 0.21875 0.0734375 0.217187 0.071875 0.217187 0.0625 0.21875 0.0609375 0.21875 0.059375 0.221875 0.05625 0.221875 0.0546875 0.223438 0.053125 0.223438 0.0484375 0.225 0.046875 0.223438 0.0453125 0.223438 0.04375 0.221875 0.0421875 0.21875 0.0421875 0.217187 0.040625 0.207813 0.040625 0.20625 0.0390625 0.20625 0.0375 0.204688 0.0359375 0.204688 0.021875 0.201562 0.01875 0.2 0.01875 0.198437 0.0171875 0.189063 0.0171875 0.182812 0.0234375 0.179688 0.0234375 0.178125 0.025 0.173438 0.025 0.171875 0.0234375 0.170312 0.0234375 0.16875 0.021875 0.154687 0.021875 0.153125 0.0234375 0.148438 0.0234375 0.146875 0.025 0.145313 0.025 0.14375 0.0234375 0.142188 0.0234375 0.140625 0.021875 0.139062 0.021875 0.1375 0.0203125 0.135937 0.0203125 0.134375 0.01875 0.132812 0.01875 0.129688 0.015625 0.129688 0.009375 0.866877
0 0.948438 0.659375 0.946875 0.660937 0.94375 0.660937 0.942187 0.6625 0.9375 0.6625 0.935938 0.664062 0.926562 0.664062 0.925 0.665625 0.923437 0.665625 0.921875 0.667188 0.915625 0.667188 0.914062 0.66875 0.9125 0.66875 0.910937 0.670313 0.909375 0.670313 0.909375 0.673437 0.910937 0.675 0.910937 0.678125 0.9125 0.679688 0.9125 0.68125 0.914062 0.682813 0.914062 0.684375 0.915625 0.685938 0.915625 0.689062 0.9125 0.692187 0.904688 0.692187 0.903125 0.69375 0.898438 0.69375 0.896875 0.695312 0.890625 0.695312 0.890625 0.720312 0.895312 0.720312 0.898438 0.723437 0.9 0.723437 0.901563 0.725 0.907812 0.725 0.910937 0.728125 0.910937 0.73125 0.909375 0.732813 0.909375 0.734375 0.907812 0.735937 0.907812 0.7375 0.904688 0.740625 0.904688 0.74375 0.903125 0.745313 0.903125 0.748438 0.90625 0.751562 0.910937 0.751562 0.9125 0.75 0.91875 0.75 0.920313 0.748438 0.926562 0.748438 0.928125 0.75 0.928125 0.764063 0.929688 0.765625 0.9375 0.765625 0.939062 0.764063 0.940625 0.764063 0.942187 0.7625 0.94375 0.7625 0.946875 0.759375 0.95 0.759375 0.951563 0.757812 0.95625 0.757812 0.957812 0.75625 0.9625 0.760938 0.9625 0.7625 0.964063 0.764063 0.964063 0.765625 0.965625 0.767187 0.971875 0.767187 0.979688 0.759375 0.98125 0.759375 0.982813 0.757812 0.985937 0.757812 0.9875 0.75625 0.998438 0.75625 0.998438 0.675 0.996875 0.675 0.995313 0.673437 0.992188 0.673437 0.990625 0.671875 0.989062 0.671875 0.98125 0.664062 0.98125 0.6625 0.978125 0.659375 0.973437 0.659375 0.971875 0.660937 0.95625 0.660937 0.954687 0.659375 0.865575
0 0.10625 0.678125 0.104687 0.679688 0.0765625 0.679688 0.075 0.68125 0.0734375 0.68125 0.06875 0.685938 0.0671875 0.685938 0.0640625 0.689062 0.0625 0.689062 0.059375 0.692187 0.0515625 0.692187 0.05 0.690625 0.040625 0.690625 0.0359375 0.695312 0.0359375 0.698438 0.034375 0.7 0.034375 0.701563 0.0359375 0.703125 0.0359375 0.70625 0.0375 0.707812 0.0375 0.709375 0.04375 0.715625 0.0359375 0.723437 0.034375 0.723437 0.0296875 0.728125 0.0296875 0.73125 0.028125 0.732813 0.028125 0.740625 0.03125 0.74375 0.03125 0.745313 0.0359375 0.75 0.0359375 0.751562 0.0375 0.753125 0.0375 0.760938 0.0390625 0.7625 0.0390625 0.764063 0.0421875 0.767187 0.0453125 0.767187 0.046875 0.76875 0.053125 0.76875 0.0546875 0.770312 0.05625 0.770312 0.059375 0.773438 0.0609375 0.773438 0.065625 0.778125 0.0671875 0.778125 0.06875 0.779688 0.0703125 0.779688 0.071875 0.78125 0.075 0.78125 0.0765625 0.782812 0.078125 0.782812 0.0796875 0.78125 0.0828125 0.78125 0.084375 0.779688 0.0875 0.779688 0.0890625 0.778125 0.09375 0.778125 0.0953125 0.776563 0.103125 0.776563 0.104687 0.775 0.10625 0.775 0.1125 0.76875 0.1125 0.767187 0.114063 0.765625 0.115625 0.765625 0.11875 0.7625 0.120312 0.7625 0.125 0.757812 0.125 0.754687 0.126563 0.753125 0.126563 0.74375 0.128125 0.742188 0.128125 0.739062 0.129688 0.7375 0.129688 0.734375 0.13125 0.732813 0.13125 0.726562 0.132812 0.725 0.132812 0.721875 0.134375 0.720312 0.134375 0.707812 0.132812 0.70625 0.132812 0.704687 0.129688 0.701563 0.128125 0.701563 0.126563 0.7 0.123438 0.7 0.121875 0.698438 0.120312 0.698438 0.115625 0.69375 0.115625 0.690625 0.114063 0.689062 0.114063 0.6875 0.1125 0.685938 0.1125 0.684375 0.110937 0.682813 0.110937 0.68125 0.107813 0.678125 0.863832
0 0.676562 0.85625 0.675 0.857813 0.673437 0.857813 0.671875 0.859375 0.665625 0.859375 0.664062 0.860937 0.657812 0.860937 0.65625 0.8625 0.654688 0.8625 0.653125 0.864062 0.651563 0.864062 0.65 0.865625 0.648438 0.865625 0.646875 0.867188 0.632812 0.867188 0.63125 0.86875 0.617188 0.86875 0.615625 0.870313 0.610937 0.870313 0.607813 0.873438 0.607813 0.875 0.60625 0.876562 0.60625 0.885938 0.617188 0.896875 0.614062 0.9 0.614062 0.901563 0.6125 0.903125 0.610937 0.903125 0.609375 0.904688 0.596875 0.904688 0.596875 0.915625 0.603125 0.915625 0.604688 0.917188 0.60625 0.917188 0.607813 0.91875 0.609375 0.91875 0.610937 0.920313 0.6125 0.920313 0.614062 0.921875 0.617188 0.921875 0.61875 0.920313 0.63125 0.920313 0.6375 0.926562 0.6375 0.928125 0.626562 0.939062 0.625 0.939062 0.621875 0.942187 0.621875 0.94375 0.620313 0.945312 0.620313 0.946875 0.621875 0.946875 0.625 0.95 0.626562 0.95 0.628125 0.951563 0.629687 0.95 0.632812 0.95 0.634375 0.948438 0.6375 0.948438 0.639063 0.946875 0.642187 0.946875 0.64375 0.945312 0.651563 0.945312 0.654688 0.948438 0.654688 0.95 0.65625 0.951563 0.65625 0.954687 0.657812 0.95625 0.657812 0.957812 0.659375 0.959375 0.6625 0.959375 0.664062 0.960938 0.665625 0.960938 0.667188 0.959375 0.671875 0.959375 0.673437 0.957812 0.675 0.957812 0.676562 0.95625 0.679688 0.95625 0.68125 0.957812 0.684375 0.957812 0.685938 0.959375 0.6875 0.959375 0.689062 0.960938 0.701563 0.960938 0.70625 0.95625 0.70625 0.954687 0.707812 0.953125 0.707812 0.951563 0.715625 0.94375 0.717188 0.94375 0.71875 0.942187 0.720312 0.942187 0.721875 0.940625 0.721875 0.939062 0.723437 0.9375 0.723437 0.935938 0.725 0.934375 0.725 0.928125 0.721875 0.925 0.721875 0.923437 0.71875 0.920313 0.71875 0.898438 0.717188 0.896875 0.717188 0.892187 0.715625 0.890625 0.715625 0.884375 0.714063 0.882812 0.714063 0.88125 0.710938 0.878125 0.710938 0.876562 0.709375 0.875 0.709375 0.873438 0.707812 0.871875 0.707812 0.870313 0.703125 0.865625 0.701563 0.865625 0.7 0.864062 0.695312 0.864062 0.69375 0.8625 0.690625 0.8625 0.684375 0.85625 0.862542
0 0.328125 0.771875 0.320312 0.779688 0.31875 0.779688 0.315625 0.782812 0.30625 0.782812 0.304688 0.78125 0.301562 0.78125 0.3 0.779688 0.29375 0.779688 0.292188 0.78125 0.289062 0.78125 0.28125 0.789062 0.28125 0.790625 0.275 0.796875 0.275 0.803125 0.273438 0.804688 0.273438 0.80625 0.271875 0.807813 0.271875 0.809375 0.26875 0.8125 0.267188 0.8125 0.264062 0.815625 0.2625 0.815625 0.2625 0.828125 0.260938 0.829687 0.260938 0.839063 0.2625 0.840625 0.2625 0.842188 0.265625 0.845312 0.265625 0.848437 0.267188 0.85 0.267188 0.860937 0.276563 0.870313 0.276563 0.873438 0.278125 0.875 0.278125 0.88125 0.279687 0.882812 0.279687 0.884375 0.28125 0.884375 0.282813 0.885938 0.285937 0.885938 0.2875 0.8875 0.29375 0.8875 0.295312 0.889063 0.3 0.889063 0.301562 0.890625 0.30625 0.890625 0.307813 0.889063 0.310937 0.889063 0.3125 0.8875 0.31875 0.8875 0.320312 0.889063 0.321875 0.889063 0.326562 0.89375 0.326562 0.895312 0.332812 0.895312 0.334375 0.89375 0.340625 0.89375 0.342187 0.892187 0.345313 0.892187 0.348437 0.889063 0.348437 0.8875 0.35 0.885938 0.35 0.884375 0.351562 0.882812 0.353125 0.882812 0.354688 0.88125 0.367188 0.88125 0.36875 0.879687 0.371875 0.879687 0.376563 0.875 0.376563 0.873438 0.378125 0.871875 0.378125 0.86875 0.376563 0.867188 0.376563 0.857813 0.375 0.85625 0.375 0.851562 0.373437 0.85 0.373437 0.848437 0.371875 0.846875 0.371875 0.845312 0.373437 0.84375 0.373437 0.842188 0.38125 0.834375 0.38125 0.83125 0.382812 0.829687 0.382812 0.826563 0.38125 0.825 0.38125 0.817187 0.382812 0.815625 0.382812 0.814062 0.385938 0.810938 0.385938 0.807813 0.3875 0.80625 0.3875 0.798437 0.385938 0.796875 0.385938 0.795313 0.384375 0.795313 0.38125 0.792188 0.379687 0.792188 0.378125 0.790625 0.375 0.790625 0.373437 0.789062 0.370313 0.789062 0.364062 0.782812 0.359375 0.782812 0.357812 0.784375 0.35625 0.784375 0.353125 0.7875 0.351562 0.7875 0.342187 0.778125 0.340625 0.778125 0.339063 0.776563 0.339063 0.775 0.3375 0.773438 0.335938 0.773438 0.334375 0.771875 0.862077
0 0.075 0.021875 0.075 0.028125 0.0734375 0.0296875 0.071875 0.0296875 0.06875 0.0328125 0.0671875 0.0328125 0.065625 0.034375 0.0578125 0.034375 0.05625 0.0359375 0.053125 0.0359375 0.05 0.0390625 0.05 0.040625 0.0484375 0.0421875 0.0484375 0.046875 0.04375 0.0515625 0.0421875 0.0515625 0.040625 0.053125 0.0296875 0.053125 0.028125 0.0546875 0.021875 0.0546875 0.021875 0.065625 0.028125 0.065625 0.0390625 0.0765625 0.0390625 0.084375 0.0375 0.0859375 0.0375 0.0890625 0.0359375 0.090625 0.0359375 0.0921875 0.034375 0.09375 0.034375 0.0984375 0.0328125 0.1 0.0328125 0.103125 0.0390625 0.109375 0.040625 0.109375 0.046875 0.115625 0.046875 0.117188 0.05625 0.126563 0.05625 0.128125 0.0625 0.134375 0.0625 0.135937 0.0671875 0.135937 0.06875 0.134375 0.0703125 0.134375 0.071875 0.132812 0.071875 0.13125 0.075 0.128125 0.075 0.126563 0.0765625 0.125 0.078125 0.125 0.0796875 0.126563 0.08125 0.126563 0.090625 0.135937 0.0921875 0.135937 0.09375 0.1375 0.096875 0.1375 0.0984375 0.135937 0.1 0.135937 0.101562 0.134375 0.103125 0.134375 0.10625 0.13125 0.107813 0.13125 0.110937 0.128125 0.110937 0.11875 0.1125 0.117188 0.1125 0.1125 0.114063 0.110937 0.114063 0.0921875 0.115625 0.090625 0.115625 0.0890625 0.117188 0.0875 0.117188 0.0859375 0.125 0.078125 0.125 0.06875 0.121875 0.065625 0.121875 0.059375 0.129688 0.0515625 0.129688 0.04375 0.128125 0.0421875 0.128125 0.0390625 0.125 0.0359375 0.125 0.034375 0.123438 0.0328125 0.121875 0.0328125 0.120312 0.03125 0.0953125 0.03125 0.09375 0.0296875 0.0921875 0.0296875 0.0890625 0.0265625 0.0890625 0.021875 0.861837
0 0.304688 0.665625 0.304688 0.670313 0.296875 0.678125 0.290625 0.678125 0.2875 0.675 0.285937 0.675 0.284375 0.673437 0.278125 0.673437 0.276563 0.675 0.270312 0.675 0.26875 0.676562 0.265625 0.676562 0.264062 0.678125 0.264062 0.679688 0.2625 0.68125 0.2625 0.684375 0.260938 0.685938 0.260938 0.689062 0.2625 0.690625 0.2625 0.69375 0.265625 0.696875 0.265625 0.698438 0.26875 0.701563 0.26875 0.704687 0.265625 0.707812 0.254687 0.707812 0.253125 0.709375 0.251563 0.709375 0.248437 0.7125 0.246875 0.7125 0.24375 0.715625 0.242188 0.715625 0.239063 0.71875 0.234375 0.71875 0.234375 0.726562 0.240625 0.726562 0.245312 0.73125 0.246875 0.73125 0.25625 0.740625 0.25625 0.746875 0.254687 0.748438 0.254687 0.751562 0.251563 0.754687 0.251563 0.765625 0.253125 0.765625 0.254687 0.767187 0.257812 0.767187 0.259375 0.76875 0.270312 0.76875 0.273438 0.771875 0.273438 0.773438 0.271875 0.775 0.271875 0.776563 0.273438 0.776563 0.275 0.778125 0.279687 0.778125 0.28125 0.776563 0.290625 0.776563 0.295312 0.78125 0.295312 0.782812 0.296875 0.784375 0.296875 0.7875 0.298438 0.789062 0.298438 0.795313 0.335938 0.795313 0.335938 0.789062 0.334375 0.7875 0.334375 0.785937 0.332812 0.784375 0.33125 0.784375 0.329688 0.782812 0.326562 0.782812 0.321875 0.7875 0.320312 0.7875 0.31875 0.785937 0.317187 0.785937 0.315625 0.784375 0.315625 0.782812 0.317187 0.78125 0.320312 0.78125 0.321875 0.779688 0.323438 0.779688 0.325 0.778125 0.325 0.776563 0.326562 0.775 0.329688 0.775 0.33125 0.773438 0.339063 0.773438 0.340625 0.771875 0.34375 0.771875 0.346875 0.76875 0.346875 0.764063 0.348437 0.7625 0.348437 0.757812 0.35 0.75625 0.35 0.745313 0.348437 0.74375 0.348437 0.735937 0.354688 0.729688 0.35625 0.729688 0.357812 0.728125 0.359375 0.728125 0.359375 0.726562 0.360938 0.725 0.360938 0.721875 0.359375 0.720312 0.351562 0.720312 0.35 0.71875 0.348437 0.71875 0.345313 0.715625 0.345313 0.707812 0.346875 0.70625 0.346875 0.704687 0.35 0.701563 0.35 0.698438 0.351562 0.696875 0.351562 0.692187 0.35 0.690625 0.35 0.689062 0.34375 0.682813 0.342187 0.682813 0.340625 0.68125 0.339063 0.68125 0.335938 0.684375 0.334375 0.684375 0.332812 0.685938 0.329688 0.685938 0.328125 0.6875 0.325 0.6875 0.323438 0.689062 0.31875 0.689062 0.314063 0.684375 0.314063 0.679688 0.315625 0.678125 0.315625 0.665625 0.860465
0 0.176563 0.709375 0.176563 0.714063 0.178125 0.714063 0.178125 0.709375 0.176563 0.709375 0.159375 0.690625 0.160938 0.689062 0.159375 0.689062 0.157813 0.6875 0.15625 0.6875 0.154687 0.685938 0.154687 0.684375 0.157813 0.68125 0.1625 0.68125 0.164062 0.679688 0.165625 0.679688 0.167187 0.68125 0.178125 0.68125 0.179688 0.679688 0.184375 0.679688 0.185937 0.678125 0.190625 0.678125 0.192188 0.676562 0.192188 0.675 0.196875 0.670313 0.196875 0.665625 0.198437 0.664062 0.198437 0.660937 0.201562 0.657812 0.203125 0.657812 0.204688 0.65625 0.2125 0.65625 0.214062 0.654688 0.215625 0.654688 0.217187 0.653125 0.21875 0.653125 0.220313 0.651563 0.220313 0.65 0.223438 0.646875 0.223438 0.639063 0.21875 0.634375 0.217187 0.634375 0.214062 0.63125 0.2125 0.63125 0.210938 0.629687 0.209375 0.629687 0.20625 0.626562 0.20625 0.620313 0.209375 0.617188 0.209375 0.615625 0.217187 0.607813 0.217187 0.604688 0.21875 0.603125 0.21875 0.601562 0.217187 0.6 0.217187 0.598437 0.215625 0.598437 0.214062 0.596875 0.210938 0.596875 0.209375 0.595312 0.204688 0.595312 0.203125 0.59375 0.19375 0.59375 0.192188 0.592188 0.189063 0.592188 0.185937 0.589063 0.185937 0.585938 0.184375 0.584375 0.184375 0.579687 0.182812 0.578125 0.182812 0.575 0.184375 0.573438 0.184375 0.571875 0.1875 0.56875 0.189063 0.56875 0.190625 0.567187 0.190625 0.559375 0.096875 0.559375 0.096875 0.567187 0.109375 0.567187 0.110937 0.56875 0.114063 0.56875 0.115625 0.570312 0.117188 0.570312 0.120312 0.573438 0.120312 0.575 0.121875 0.576563 0.11875 0.579687 0.117188 0.579687 0.114063 0.582812 0.114063 0.585938 0.1125 0.5875 0.1125 0.589063 0.110937 0.590625 0.110937 0.592188 0.107813 0.595312 0.107813 0.6 0.10625 0.601562 0.107813 0.603125 0.107813 0.610937 0.10625 0.6125 0.10625 0.615625 0.101562 0.620313 0.096875 0.620313 0.096875 0.634375 0.103125 0.634375 0.107813 0.639063 0.107813 0.640625 0.1125 0.645312 0.1125 0.646875 0.114063 0.648438 0.114063 0.657812 0.1125 0.659375 0.1125 0.670313 0.115625 0.673437 0.121875 0.673437 0.123438 0.675 0.128125 0.675 0.13125 0.678125 0.13125 0.679688 0.132812 0.68125 0.132812 0.684375 0.1375 0.689062 0.1375 0.690625 0.139062 0.692187 0.139062 0.69375 0.140625 0.69375 0.140625 0.692187 0.142188 0.690625 0.142188 0.689062 0.145313 0.685938 0.148438 0.685938 0.153125 0.690625 0.159375 0.690625 0.858881
0 0.648438 0.765625 0.648438 0.770312 0.645312 0.773438 0.642187 0.773438 0.640625 0.775 0.639063 0.775 0.6375 0.773438 0.634375 0.773438 0.632812 0.771875 0.628125 0.771875 0.626562 0.773438 0.623438 0.773438 0.621875 0.775 0.61875 0.775 0.617188 0.776563 0.615625 0.776563 0.614062 0.778125 0.614062 0.779688 0.6125 0.78125 0.6125 0.784375 0.610937 0.785937 0.610937 0.7875 0.607813 0.790625 0.601562 0.790625 0.6 0.792188 0.595312 0.792188 0.592188 0.795313 0.592188 0.796875 0.59375 0.798437 0.59375 0.8 0.595312 0.801562 0.595312 0.803125 0.596875 0.803125 0.598437 0.804688 0.6 0.804688 0.604688 0.809375 0.604688 0.814062 0.603125 0.815625 0.601562 0.815625 0.6 0.817187 0.596875 0.817187 0.595312 0.81875 0.584375 0.81875 0.584375 0.829687 0.592188 0.829687 0.59375 0.83125 0.595312 0.83125 0.596875 0.832812 0.607813 0.832812 0.6125 0.8375 0.6125 0.842188 0.610937 0.84375 0.610937 0.851562 0.6125 0.853125 0.6125 0.854688 0.614062 0.854688 0.615625 0.85625 0.623438 0.85625 0.625 0.854688 0.628125 0.854688 0.629687 0.853125 0.63125 0.853125 0.632812 0.851562 0.634375 0.851562 0.64375 0.860937 0.645312 0.860937 0.646875 0.8625 0.653125 0.8625 0.654688 0.860937 0.671875 0.860937 0.673437 0.859375 0.675 0.859375 0.679688 0.854688 0.679688 0.853125 0.68125 0.851562 0.68125 0.839063 0.690625 0.829687 0.690625 0.828125 0.692187 0.826563 0.692187 0.825 0.69375 0.823438 0.69375 0.821875 0.695312 0.820312 0.695312 0.814062 0.69375 0.8125 0.69375 0.80625 0.692187 0.804688 0.692187 0.801562 0.690625 0.8 0.690625 0.798437 0.6875 0.795313 0.6875 0.79375 0.682813 0.789062 0.682813 0.7875 0.679688 0.784375 0.679688 0.782812 0.676562 0.779688 0.676562 0.778125 0.675 0.778125 0.671875 0.775 0.66875 0.775 0.664062 0.770312 0.664062 0.765625 0.856697
0 0.053125 0.326562 0.0515625 0.328125 0.0515625 0.332812 0.0609375 0.332812 0.0609375 0.326562 0.059375 0.326562 0.0578125 0.325 0.05625 0.326562 0.053125 0.326562 0.04375 0.315625 0.05 0.309375 0.05 0.301562 0.0484375 0.3 0.0484375 0.295312 0.0515625 0.292188 0.0515625 0.290625 0.0546875 0.2875 0.05625 0.2875 0.059375 0.284375 0.0609375 0.284375 0.0625 0.282813 0.0640625 0.282813 0.0625 0.28125 0.0625 0.278125 0.059375 0.275 0.059375 0.273438 0.0578125 0.271875 0.05625 0.271875 0.053125 0.26875 0.0515625 0.26875 0.046875 0.264062 0.046875 0.260938 0.0453125 0.259375 0.0453125 0.257812 0.046875 0.25625 0.046875 0.245312 0.040625 0.239063 0.0265625 0.239063 0.025 0.2375 0.025 0.235938 0.021875 0.232812 0.021875 0.226562 0.0203125 0.225 0.0203125 0.223438 0.01875 0.221875 0.01875 0.215625 0.003125 0.215625 0.003125 0.321875 0.009375 0.321875 0.0109375 0.320312 0.0125 0.320312 0.0140625 0.31875 0.015625 0.31875 0.0203125 0.323438 0.0234375 0.323438 0.025 0.321875 0.028125 0.321875 0.0296875 0.320312 0.03125 0.320312 0.0328125 0.31875 0.034375 0.31875 0.0359375 0.317187 0.0390625 0.317187 0.040625 0.315625 0.04375 0.315625 0.856548
0 0.870313 0.746875 0.870313 0.751562 0.86875 0.753125 0.86875 0.754687 0.864062 0.759375 0.8625 0.759375 0.860937 0.760938 0.851562 0.760938 0.85 0.7625 0.846875 0.7625 0.845312 0.764063 0.84375 0.764063 0.842188 0.765625 0.83125 0.765625 0.829687 0.764063 0.826563 0.764063 0.825 0.7625 0.81875 0.7625 0.817187 0.764063 0.815625 0.764063 0.815625 0.765625 0.817187 0.767187 0.817187 0.770312 0.81875 0.771875 0.81875 0.773438 0.820312 0.775 0.820312 0.778125 0.821875 0.779688 0.821875 0.789062 0.823438 0.790625 0.823438 0.798437 0.821875 0.8 0.821875 0.801562 0.81875 0.804688 0.817187 0.804688 0.815625 0.80625 0.814062 0.80625 0.8125 0.807813 0.810938 0.807813 0.809375 0.809375 0.809375 0.810938 0.80625 0.814062 0.810938 0.81875 0.8125 0.81875 0.814062 0.820312 0.815625 0.820312 0.817187 0.821875 0.81875 0.821875 0.820312 0.823438 0.821875 0.823438 0.823438 0.825 0.826563 0.825 0.828125 0.826563 0.828125 0.834375 0.826563 0.835938 0.826563 0.8375 0.825 0.839063 0.825 0.840625 0.823438 0.842188 0.823438 0.84375 0.821875 0.845312 0.821875 0.846875 0.81875 0.85 0.81875 0.857813 0.820312 0.859375 0.834375 0.859375 0.835938 0.857813 0.840625 0.857813 0.842188 0.85625 0.848437 0.85625 0.85 0.857813 0.851562 0.857813 0.853125 0.859375 0.854688 0.859375 0.857813 0.8625 0.859375 0.8625 0.860937 0.864062 0.864062 0.864062 0.865625 0.865625 0.867188 0.864062 0.870313 0.864062 0.876562 0.857813 0.885938 0.857813 0.8875 0.859375 0.892187 0.859375 0.89375 0.857813 0.895312 0.857813 0.896875 0.85625 0.898438 0.85625 0.903125 0.851562 0.904688 0.851562 0.90625 0.85 0.920313 0.85 0.921875 0.848437 0.923437 0.848437 0.925 0.846875 0.926562 0.846875 0.926562 0.84375 0.928125 0.842188 0.928125 0.839063 0.926562 0.8375 0.926562 0.815625 0.925 0.814062 0.925 0.810938 0.923437 0.809375 0.923437 0.807813 0.920313 0.804688 0.920313 0.798437 0.91875 0.796875 0.91875 0.795313 0.920313 0.79375 0.920313 0.782812 0.917188 0.779688 0.917188 0.778125 0.915625 0.776563 0.914062 0.776563 0.9125 0.775 0.910937 0.775 0.909375 0.773438 0.907812 0.773438 0.904688 0.770312 0.903125 0.770312 0.898438 0.765625 0.898438 0.764063 0.892187 0.757812 0.892187 0.75625 0.8875 0.751562 0.8875 0.746875 0.856178
0 0.857813 0.660937 0.857813 0.6625 0.85625 0.664062 0.854688 0.664062 0.853125 0.665625 0.851562 0.665625 0.848437 0.66875 0.846875 0.66875 0.84375 0.671875 0.842188 0.671875 0.842188 0.673437 0.839063 0.676562 0.8375 0.676562 0.835938 0.675 0.834375 0.675 0.832812 0.673437 0.832812 0.665625 0.83125 0.664062 0.826563 0.664062 0.826563 0.667188 0.825 0.66875 0.825 0.670313 0.823438 0.671875 0.821875 0.671875 0.820312 0.673437 0.817187 0.673437 0.815625 0.675 0.814062 0.675 0.809375 0.679688 0.80625 0.679688 0.804688 0.68125 0.801562 0.68125 0.8 0.682813 0.796875 0.682813 0.795313 0.684375 0.795313 0.685938 0.79375 0.6875 0.79375 0.689062 0.792188 0.690625 0.792188 0.692187 0.790625 0.69375 0.784375 0.69375 0.784375 0.70625 0.790625 0.70625 0.79375 0.709375 0.79375 0.710938 0.796875 0.714063 0.789062 0.721875 0.784375 0.721875 0.784375 0.73125 0.790625 0.73125 0.792188 0.732813 0.79375 0.732813 0.795313 0.734375 0.798437 0.734375 0.8 0.735937 0.801562 0.735937 0.804688 0.739062 0.804688 0.748438 0.810938 0.754687 0.8125 0.754687 0.815625 0.757812 0.81875 0.757812 0.820312 0.759375 0.826563 0.759375 0.828125 0.760938 0.840625 0.760938 0.842188 0.759375 0.85625 0.759375 0.857813 0.757812 0.864062 0.757812 0.86875 0.753125 0.870313 0.753125 0.873438 0.75 0.875 0.75 0.876562 0.748438 0.879687 0.748438 0.88125 0.746875 0.889063 0.746875 0.892187 0.74375 0.892187 0.742188 0.89375 0.740625 0.89375 0.729688 0.895312 0.728125 0.895312 0.70625 0.89375 0.704687 0.89375 0.698438 0.892187 0.696875 0.892187 0.69375 0.89375 0.692187 0.89375 0.685938 0.892187 0.684375 0.892187 0.68125 0.890625 0.679688 0.890625 0.678125 0.8875 0.675 0.88125 0.675 0.879687 0.673437 0.873438 0.673437 0.871875 0.675 0.870313 0.675 0.86875 0.673437 0.86875 0.664062 0.865625 0.660937 0.853689
0 0.398438 0.401563 0.396875 0.403125 0.398438 0.404687 0.398438 0.414062 0.414062 0.414062 0.414062 0.398438 0.40625 0.398438 0.404687 0.4 0.403125 0.4 0.401563 0.401563 0.398438 0.401563 0.389062 0.390625 0.39375 0.385938 0.39375 0.384375 0.395312 0.382812 0.395312 0.378125 0.396875 0.376563 0.396875 0.373437 0.398438 0.371875 0.398438 0.364062 0.4 0.3625 0.4 0.359375 0.403125 0.35625 0.403125 0.354688 0.404687 0.353125 0.404687 0.351562 0.40625 0.35 0.40625 0.346875 0.407813 0.345313 0.407813 0.339063 0.40625 0.3375 0.40625 0.335938 0.401563 0.33125 0.4 0.33125 0.398438 0.329688 0.396875 0.329688 0.39375 0.326562 0.39375 0.325 0.392188 0.323438 0.392188 0.309375 0.390625 0.307813 0.390625 0.30625 0.389062 0.304688 0.389062 0.296875 0.382812 0.296875 0.382812 0.301562 0.379687 0.304688 0.370313 0.304688 0.36875 0.303125 0.367188 0.303125 0.365625 0.301562 0.365625 0.296875 0.3625 0.296875 0.3625 0.301562 0.359375 0.304688 0.357812 0.304688 0.35625 0.303125 0.354688 0.303125 0.353125 0.301562 0.353125 0.296875 0.35 0.296875 0.35 0.301562 0.345313 0.30625 0.345313 0.307813 0.342187 0.310937 0.334375 0.310937 0.332812 0.309375 0.33125 0.309375 0.329688 0.307813 0.323438 0.307813 0.321875 0.309375 0.320312 0.309375 0.317187 0.3125 0.315625 0.3125 0.314063 0.314063 0.3125 0.314063 0.30625 0.320312 0.304688 0.320312 0.3 0.325 0.3 0.328125 0.298438 0.329688 0.298438 0.335938 0.295312 0.339063 0.290625 0.339063 0.290625 0.367188 0.296875 0.367188 0.3 0.370313 0.3 0.371875 0.301562 0.373437 0.301562 0.375 0.303125 0.376563 0.303125 0.3875 0.304688 0.389062 0.304688 0.390625 0.30625 0.392188 0.30625 0.39375 0.307813 0.395312 0.309375 0.395312 0.310937 0.396875 0.3125 0.396875 0.314063 0.398438 0.31875 0.398438 0.320312 0.4 0.332812 0.4 0.334375 0.398438 0.346875 0.398438 0.348437 0.396875 0.360938 0.396875 0.3625 0.398438 0.364062 0.398438 0.365625 0.396875 0.367188 0.396875 0.36875 0.395312 0.370313 0.395312 0.376563 0.389062 0.385938 0.389062 0.3875 0.390625 0.389062 0.390625 0.853069
0 0.245312 0.559375 0.245312 0.564062 0.240625 0.56875 0.239063 0.56875 0.232812 0.575 0.232812 0.576563 0.23125 0.578125 0.23125 0.582812 0.229687 0.584375 0.229687 0.585938 0.228125 0.5875 0.228125 0.589063 0.226562 0.590625 0.226562 0.592188 0.225 0.59375 0.225 0.595312 0.223438 0.596875 0.223438 0.598437 0.220313 0.601562 0.215625 0.601562 0.215625 0.629687 0.220313 0.629687 0.228125 0.6375 0.228125 0.645312 0.226562 0.646875 0.226562 0.648438 0.223438 0.651563 0.223438 0.654688 0.225 0.65625 0.225 0.657812 0.226562 0.659375 0.229687 0.659375 0.23125 0.660937 0.234375 0.660937 0.24375 0.670313 0.24375 0.671875 0.245312 0.673437 0.246875 0.673437 0.25 0.676562 0.265625 0.676562 0.267188 0.675 0.275 0.675 0.276563 0.673437 0.289062 0.673437 0.290625 0.675 0.29375 0.675 0.295312 0.676562 0.296875 0.676562 0.3 0.673437 0.303125 0.673437 0.30625 0.670313 0.314063 0.670313 0.31875 0.665625 0.31875 0.657812 0.320312 0.65625 0.320312 0.654688 0.323438 0.651563 0.326562 0.651563 0.328125 0.65 0.33125 0.65 0.332812 0.648438 0.332812 0.64375 0.33125 0.642187 0.33125 0.640625 0.328125 0.6375 0.328125 0.635938 0.326562 0.634375 0.326562 0.628125 0.328125 0.626562 0.328125 0.625 0.33125 0.621875 0.332812 0.621875 0.332812 0.614062 0.326562 0.607813 0.326562 0.60625 0.323438 0.603125 0.323438 0.5875 0.321875 0.585938 0.321875 0.582812 0.31875 0.579687 0.317187 0.579687 0.315625 0.578125 0.314063 0.578125 0.3125 0.576563 0.309375 0.576563 0.303125 0.570312 0.303125 0.56875 0.3 0.565625 0.3 0.559375 0.849605
0 0.773438 0.440625 0.773438 0.453125 0.775 0.454688 0.775 0.459375 0.776563 0.460938 0.776563 0.4625 0.778125 0.464063 0.778125 0.465625 0.779688 0.467187 0.779688 0.471875 0.78125 0.473437 0.78125 0.475 0.782812 0.476562 0.782812 0.478125 0.784375 0.479688 0.784375 0.482812 0.78125 0.485938 0.778125 0.485938 0.776563 0.4875 0.770312 0.4875 0.76875 0.489062 0.7625 0.489062 0.760938 0.490625 0.753125 0.490625 0.753125 0.498437 0.759375 0.498437 0.764063 0.503125 0.767187 0.503125 0.76875 0.504687 0.773438 0.504687 0.775 0.50625 0.78125 0.50625 0.782812 0.507812 0.789062 0.507812 0.790625 0.509375 0.792188 0.509375 0.796875 0.514063 0.796875 0.515625 0.798437 0.517187 0.798437 0.520312 0.8 0.521875 0.8 0.525 0.801562 0.526563 0.801562 0.535937 0.803125 0.5375 0.803125 0.546875 0.804688 0.548437 0.804688 0.55 0.807813 0.553125 0.807813 0.554688 0.809375 0.55625 0.809375 0.557813 0.810938 0.559375 0.8125 0.559375 0.814062 0.560938 0.815625 0.560938 0.815625 0.559375 0.820312 0.554688 0.820312 0.553125 0.821875 0.551562 0.821875 0.55 0.823438 0.548437 0.823438 0.54375 0.825 0.542188 0.825 0.532812 0.829687 0.528125 0.8375 0.528125 0.839063 0.529688 0.842188 0.529688 0.84375 0.53125 0.845312 0.53125 0.846875 0.532812 0.85 0.532812 0.851562 0.534375 0.857813 0.534375 0.859375 0.532812 0.860937 0.532812 0.865625 0.528125 0.865625 0.523438 0.864062 0.521875 0.864062 0.51875 0.8625 0.517187 0.8625 0.5125 0.867188 0.507812 0.86875 0.507812 0.870313 0.50625 0.871875 0.50625 0.873438 0.504687 0.875 0.504687 0.884375 0.495313 0.882812 0.49375 0.882812 0.489062 0.879687 0.485938 0.878125 0.485938 0.876562 0.484375 0.871875 0.484375 0.870313 0.482812 0.86875 0.482812 0.864062 0.478125 0.864062 0.475 0.867188 0.471875 0.867188 0.467187 0.86875 0.465625 0.86875 0.4625 0.867188 0.460938 0.867188 0.459375 0.864062 0.45625 0.8625 0.45625 0.860937 0.454688 0.859375 0.454688 0.857813 0.453125 0.854688 0.453125 0.853125 0.451562 0.85 0.451562 0.848437 0.45 0.846875 0.45 0.842188 0.445312 0.842188 0.440625 0.8125 0.440625 0.8125 0.445312 0.809375 0.448438 0.796875 0.448438 0.79375 0.445312 0.79375 0.440625 0.847866
0 0 0.778125 0 0.879687 0.00625 0.879687 0.0078125 0.88125 0.009375 0.88125 0.0109375 0.879687 0.015625 0.879687 0.0171875 0.878125 0.01875 0.878125 0.0203125 0.876562 0.034375 0.876562 0.0375 0.873438 0.0390625 0.873438 0.0421875 0.870313 0.0421875 0.86875 0.04375 0.867188 0.04375 0.857813 0.0421875 0.85625 0.0421875 0.854688 0.040625 0.853125 0.040625 0.851562 0.0359375 0.846875 0.0359375 0.839063 0.0390625 0.835938 0.0390625 0.834375 0.0421875 0.83125 0.0421875 0.829687 0.05 0.821875 0.05 0.814062 0.0484375 0.8125 0.0484375 0.810938 0.046875 0.809375 0.046875 0.807813 0.0421875 0.803125 0.0421875 0.801562 0.040625 0.8 0.0390625 0.8 0.0375 0.798437 0.034375 0.798437 0.0328125 0.796875 0.028125 0.796875 0.0265625 0.795313 0.0265625 0.792188 0.025 0.790625 0.025 0.789062 0.0203125 0.784375 0.0203125 0.778125 0.84304
0 0.807813 0.860937 0.80625 0.8625 0.804688 0.8625 0.792188 0.875 0.790625 0.875 0.789062 0.876562 0.7875 0.876562 0.784375 0.879687 0.779688 0.879687 0.778125 0.88125 0.771875 0.875 0.770312 0.875 0.765625 0.870313 0.764063 0.870313 0.7625 0.86875 0.753125 0.86875 0.75 0.871875 0.734375 0.871875 0.732813 0.873438 0.723437 0.873438 0.721875 0.875 0.71875 0.875 0.717188 0.876562 0.717188 0.889063 0.71875 0.890625 0.71875 0.896875 0.720312 0.898438 0.720312 0.901563 0.721875 0.903125 0.721875 0.90625 0.723437 0.907812 0.723437 0.917188 0.725 0.91875 0.725 0.921875 0.728125 0.925 0.728125 0.926562 0.729688 0.928125 0.729688 0.934375 0.728125 0.935938 0.728125 0.9375 0.723437 0.942187 0.723437 0.94375 0.720312 0.946875 0.720312 0.948438 0.71875 0.95 0.71875 0.954687 0.720312 0.95625 0.720312 0.957812 0.721875 0.957812 0.723437 0.959375 0.725 0.959375 0.726562 0.960938 0.728125 0.960938 0.732813 0.965625 0.732813 0.970312 0.735937 0.973437 0.7375 0.973437 0.739062 0.975 0.742188 0.975 0.74375 0.973437 0.746875 0.973437 0.748438 0.971875 0.75 0.971875 0.754687 0.967188 0.75625 0.967188 0.757812 0.965625 0.760938 0.965625 0.7625 0.964063 0.767187 0.964063 0.76875 0.965625 0.771875 0.965625 0.773438 0.967188 0.775 0.967188 0.778125 0.970312 0.78125 0.970312 0.782812 0.971875 0.789062 0.971875 0.790625 0.970312 0.792188 0.970312 0.79375 0.96875 0.796875 0.96875 0.798437 0.967188 0.803125 0.967188 0.804688 0.965625 0.828125 0.965625 0.828125 0.964063 0.829687 0.9625 0.829687 0.957812 0.83125 0.95625 0.83125 0.953125 0.835938 0.948438 0.8375 0.948438 0.839063 0.946875 0.840625 0.946875 0.845312 0.942187 0.845312 0.9375 0.84375 0.935938 0.84375 0.934375 0.842188 0.932813 0.842188 0.93125 0.840625 0.929688 0.840625 0.928125 0.839063 0.926562 0.839063 0.91875 0.840625 0.917188 0.840625 0.914062 0.839063 0.9125 0.839063 0.909375 0.8375 0.907812 0.835938 0.907812 0.832812 0.904688 0.83125 0.904688 0.829687 0.903125 0.828125 0.903125 0.826563 0.901563 0.821875 0.901563 0.820312 0.9 0.814062 0.9 0.8125 0.898438 0.810938 0.898438 0.809375 0.896875 0.809375 0.8875 0.810938 0.885938 0.810938 0.882812 0.8125 0.88125 0.8125 0.879687 0.814062 0.878125 0.814062 0.870313 0.815625 0.86875 0.815625 0.864062 0.814062 0.8625 0.8125 0.8625 0.810938 0.860937 0.840932
0 0.0609375 0.565625 0.0609375 0.570312 0.059375 0.571875 0.0578125 0.571875 0.05625 0.573438 0.053125 0.573438 0.0515625 0.575 0.0390625 0.575 0.0328125 0.58125 0.0328125 0.582812 0.03125 0.584375 0.03125 0.5875 0.0296875 0.589063 0.0296875 0.598437 0.03125 0.6 0.03125 0.60625 0.0296875 0.607813 0.0296875 0.609375 0.028125 0.610937 0.021875 0.610937 0.0203125 0.609375 0.0140625 0.609375 0.0140625 0.610937 0.0078125 0.617188 0.003125 0.617188 0.003125 0.635938 0.0078125 0.635938 0.0109375 0.639063 0.0109375 0.640625 0.009375 0.642187 0.009375 0.645312 0.0078125 0.646875 0.003125 0.646875 0.003125 0.65625 0.0078125 0.65625 0.0109375 0.659375 0.0109375 0.660937 0.0125 0.6625 0.0125 0.664062 0.0203125 0.671875 0.025 0.671875 0.0265625 0.673437 0.028125 0.673437 0.0296875 0.671875 0.0328125 0.671875 0.034375 0.670313 0.0359375 0.670313 0.0375 0.671875 0.040625 0.671875 0.0421875 0.673437 0.0421875 0.675 0.04375 0.676562 0.04375 0.690625 0.0453125 0.692187 0.0578125 0.692187 0.059375 0.690625 0.0640625 0.690625 0.065625 0.689062 0.0671875 0.689062 0.0671875 0.6875 0.06875 0.685938 0.0703125 0.685938 0.071875 0.684375 0.075 0.684375 0.0765625 0.682813 0.084375 0.682813 0.0859375 0.68125 0.0890625 0.68125 0.090625 0.679688 0.10625 0.679688 0.107813 0.678125 0.109375 0.678125 0.110937 0.676562 0.110937 0.673437 0.1125 0.671875 0.1125 0.670313 0.110937 0.66875 0.110937 0.664062 0.1125 0.6625 0.1125 0.659375 0.114063 0.657812 0.114063 0.646875 0.103125 0.635938 0.103125 0.626562 0.110937 0.61875 0.110937 0.617188 0.1125 0.615625 0.110937 0.614062 0.110937 0.610937 0.109375 0.609375 0.109375 0.607813 0.107813 0.60625 0.107813 0.604688 0.103125 0.6 0.103125 0.598437 0.101562 0.598437 0.1 0.596875 0.0984375 0.596875 0.096875 0.595312 0.0953125 0.595312 0.09375 0.59375 0.09375 0.592188 0.090625 0.589063 0.090625 0.585938 0.0921875 0.584375 0.090625 0.582812 0.090625 0.578125 0.0828125 0.570312 0.0828125 0.565625 0.840206
0 0.18125 0.153125 0.18125 0.159375 0.179688 0.160938 0.176563 0.160938 0.175 0.1625 0.165625 0.1625 0.164062 0.164062 0.160938 0.164062 0.159375 0.165625 0.157813 0.165625 0.153125 0.170312 0.153125 0.171875 0.151562 0.173438 0.146875 0.173438 0.146875 0.215625 0.151562 0.215625 0.15625 0.220313 0.15625 0.221875 0.157813 0.223438 0.157813 0.240625 0.1625 0.245312 0.1625 0.251563 0.16875 0.251563 0.16875 0.246875 0.175 0.240625 0.176563 0.240625 0.178125 0.239063 0.179688 0.239063 0.18125 0.2375 0.182812 0.2375 0.184375 0.235938 0.1875 0.235938 0.189063 0.234375 0.2 0.234375 0.201562 0.235938 0.203125 0.234375 0.204688 0.234375 0.209375 0.229687 0.209375 0.228125 0.2125 0.225 0.2125 0.223438 0.214062 0.221875 0.215625 0.221875 0.217187 0.220313 0.220313 0.220313 0.221875 0.21875 0.229687 0.21875 0.23125 0.217187 0.232812 0.217187 0.235938 0.214062 0.235938 0.2125 0.2375 0.210938 0.2375 0.209375 0.239063 0.207813 0.239063 0.20625 0.240625 0.204688 0.245312 0.204688 0.245312 0.196875 0.239063 0.196875 0.232812 0.190625 0.232812 0.1875 0.23125 0.185937 0.23125 0.18125 0.232812 0.179688 0.232812 0.178125 0.23125 0.176563 0.23125 0.171875 0.221875 0.1625 0.209375 0.1625 0.207813 0.164062 0.204688 0.164062 0.203125 0.1625 0.201562 0.1625 0.2 0.160938 0.2 0.159375 0.198437 0.157813 0.198437 0.153125 0.837215
0 0.126563 0.315625 0.126563 0.320312 0.11875 0.328125 0.115625 0.328125 0.114063 0.329688 0.1125 0.329688 0.110937 0.328125 0.109375 0.328125 0.107813 0.329688 0.104687 0.329688 0.1 0.334375 0.0984375 0.334375 0.0984375 0.335938 0.0953125 0.339063 0.090625 0.339063 0.090625 0.367188 0.096875 0.367188 0.1 0.370313 0.1 0.371875 0.101562 0.373437 0.101562 0.375 0.103125 0.376563 0.103125 0.385938 0.104687 0.3875 0.104687 0.389062 0.107813 0.392188 0.109375 0.392188 0.110937 0.39375 0.11875 0.39375 0.120312 0.392188 0.125 0.392188 0.126563 0.390625 0.128125 0.390625 0.129688 0.392188 0.13125 0.392188 0.134375 0.395312 0.139062 0.395312 0.142188 0.392188 0.14375 0.392188 0.146875 0.389062 0.15 0.389062 0.151562 0.3875 0.159375 0.3875 0.160938 0.385938 0.1625 0.385938 0.164062 0.384375 0.167187 0.384375 0.170312 0.38125 0.173438 0.38125 0.175 0.379687 0.178125 0.379687 0.179688 0.378125 0.18125 0.378125 0.18125 0.370313 0.179688 0.36875 0.179688 0.365625 0.178125 0.364062 0.178125 0.3625 0.176563 0.360938 0.176563 0.357812 0.175 0.35625 0.175 0.339063 0.173438 0.3375 0.173438 0.335938 0.171875 0.334375 0.171875 0.332812 0.170312 0.332812 0.165625 0.328125 0.160938 0.328125 0.159375 0.326562 0.15625 0.326562 0.154687 0.325 0.153125 0.325 0.148438 0.320312 0.148438 0.315625 0.833879
0 0.775 0.754687 0.773438 0.75625 0.770312 0.75625 0.76875 0.757812 0.767187 0.757812 0.764063 0.760938 0.7625 0.760938 0.759375 0.764063 0.75625 0.764063 0.754687 0.7625 0.751562 0.7625 0.75 0.760938 0.745313 0.760938 0.74375 0.7625 0.735937 0.7625 0.734375 0.760938 0.726562 0.760938 0.725 0.7625 0.721875 0.7625 0.720312 0.764063 0.71875 0.764063 0.71875 0.765625 0.723437 0.770312 0.723437 0.779688 0.721875 0.78125 0.709375 0.78125 0.707812 0.779688 0.703125 0.779688 0.701563 0.778125 0.7 0.778125 0.698438 0.776563 0.696875 0.776563 0.695312 0.775 0.684375 0.775 0.684375 0.7875 0.689062 0.7875 0.692187 0.790625 0.692187 0.792188 0.7 0.8 0.7 0.801562 0.703125 0.804688 0.703125 0.80625 0.704687 0.807813 0.704687 0.810938 0.69375 0.821875 0.69375 0.823438 0.692187 0.825 0.692187 0.828125 0.689062 0.83125 0.684375 0.83125 0.684375 0.848437 0.692187 0.848437 0.69375 0.85 0.695312 0.85 0.703125 0.857813 0.707812 0.857813 0.709375 0.859375 0.714063 0.859375 0.71875 0.864062 0.71875 0.867188 0.717188 0.86875 0.717188 0.871875 0.71875 0.873438 0.71875 0.875 0.720312 0.876562 0.725 0.876562 0.726562 0.875 0.728125 0.875 0.732813 0.870313 0.734375 0.870313 0.735937 0.86875 0.739062 0.86875 0.740625 0.867188 0.742188 0.867188 0.74375 0.86875 0.748438 0.86875 0.75 0.870313 0.751562 0.870313 0.753125 0.871875 0.76875 0.871875 0.770312 0.870313 0.771875 0.871875 0.773438 0.871875 0.775 0.873438 0.779688 0.873438 0.78125 0.875 0.782812 0.875 0.784375 0.873438 0.785937 0.873438 0.7875 0.871875 0.79375 0.871875 0.795313 0.870313 0.796875 0.870313 0.8 0.867188 0.801562 0.867188 0.803125 0.865625 0.803125 0.864062 0.807813 0.859375 0.809375 0.859375 0.810938 0.857813 0.8125 0.857813 0.8125 0.85625 0.814062 0.854688 0.814062 0.853125 0.815625 0.851562 0.815625 0.85 0.81875 0.846875 0.81875 0.845312 0.820312 0.84375 0.820312 0.842188 0.821875 0.840625 0.821875 0.8375 0.823438 0.835938 0.823438 0.832812 0.821875 0.83125 0.821875 0.828125 0.81875 0.825 0.817187 0.825 0.815625 0.823438 0.814062 0.823438 0.810938 0.820312 0.809375 0.820312 0.807813 0.81875 0.807813 0.817187 0.80625 0.815625 0.80625 0.8125 0.807813 0.810938 0.807813 0.809375 0.809375 0.807813 0.809375 0.80625 0.815625 0.8 0.815625 0.798437 0.817187 0.796875 0.81875 0.796875 0.820312 0.795313 0.820312 0.7875 0.81875 0.785937 0.817187 0.785937 0.814062 0.782812 0.798437 0.782812 0.796875 0.784375 0.795313 0.784375 0.79375 0.782812 0.79375 0.78125 0.792188 0.779688 0.792188 0.76875 0.790625 0.767187 0.790625 0.764063 0.789062 0.7625 0.789062 0.760938 0.782812 0.754687 0.832222
0 0.003125 0.003125 0.003125 0.01875 0.0125 0.01875 0.0140625 0.0203125 0.015625 0.0203125 0.0171875 0.021875 0.0171875 0.0234375 0.0203125 0.0265625 0.0203125 0.0328125 0.021875 0.034375 0.021875 0.0359375 0.0265625 0.040625 0.0296875 0.040625 0.03125 0.0421875 0.034375 0.0421875 0.0359375 0.040625 0.0421875 0.040625 0.04375 0.0390625 0.046875 0.0390625 0.0484375 0.0375 0.0515625 0.0375 0.053125 0.0359375 0.0546875 0.0359375 0.05625 0.034375 0.0609375 0.034375 0.0625 0.0328125 0.0671875 0.0328125 0.06875 0.03125 0.075 0.03125 0.0765625 0.0328125 0.08125 0.0328125 0.084375 0.0296875 0.084375 0.021875 0.0890625 0.0171875 0.090625 0.0171875 0.0921875 0.01875 0.0984375 0.01875 0.1 0.0203125 0.103125 0.0203125 0.10625 0.0234375 0.117188 0.0234375 0.11875 0.021875 0.11875 0.0203125 0.120312 0.01875 0.120312 0.003125 0.829022
0 0.204688 0.778125 0.204688 0.784375 0.2 0.789062 0.198437 0.789062 0.196875 0.790625 0.190625 0.790625 0.189063 0.792188 0.185937 0.792188 0.184375 0.79375 0.18125 0.79375 0.179688 0.795313 0.178125 0.795313 0.173438 0.8 0.173438 0.809375 0.171875 0.810938 0.171875 0.81875 0.170312 0.820312 0.170312 0.821875 0.171875 0.823438 0.171875 0.828125 0.170312 0.829687 0.16875 0.829687 0.167187 0.83125 0.167187 0.832812 0.165625 0.834375 0.159375 0.834375 0.159375 0.846875 0.164062 0.846875 0.165625 0.848437 0.167187 0.848437 0.16875 0.85 0.170312 0.85 0.171875 0.851562 0.173438 0.851562 0.176563 0.854688 0.176563 0.859375 0.173438 0.8625 0.173438 0.864062 0.171875 0.865625 0.171875 0.867188 0.170312 0.86875 0.170312 0.873438 0.16875 0.875 0.16875 0.876562 0.170312 0.878125 0.1875 0.878125 0.189063 0.879687 0.190625 0.879687 0.204688 0.89375 0.20625 0.89375 0.207813 0.895312 0.21875 0.895312 0.220313 0.89375 0.235938 0.89375 0.2375 0.895312 0.245312 0.895312 0.246875 0.89375 0.248437 0.89375 0.25 0.892187 0.251563 0.892187 0.257812 0.885938 0.257812 0.884375 0.259375 0.882812 0.259375 0.88125 0.260938 0.879687 0.260938 0.876562 0.2625 0.875 0.2625 0.873438 0.264062 0.871875 0.264062 0.86875 0.265625 0.867188 0.265625 0.848437 0.264062 0.846875 0.264062 0.840625 0.2625 0.839063 0.2625 0.821875 0.264062 0.820312 0.264062 0.80625 0.2625 0.804688 0.2625 0.801562 0.259375 0.798437 0.259375 0.796875 0.257812 0.795313 0.25625 0.795313 0.254687 0.79375 0.253125 0.79375 0.251563 0.792188 0.2375 0.792188 0.235938 0.790625 0.234375 0.790625 0.232812 0.789062 0.232812 0.785937 0.23125 0.784375 0.23125 0.778125 0.822348
0 0.371875 0.567187 0.365625 0.567187 0.365625 0.56875 0.364062 0.570312 0.364062 0.576563 0.373437 0.576563 0.373437 0.570312 0.371875 0.56875 0.371875 0.567187 0.371875 0.564062 0.373437 0.5625 0.375 0.5625 0.376563 0.560938 0.378125 0.560938 0.379687 0.5625 0.385938 0.5625 0.3875 0.564062 0.390625 0.564062 0.392188 0.565625 0.395312 0.565625 0.398438 0.56875 0.4 0.56875 0.401563 0.570312 0.401563 0.576563 0.403125 0.576563 0.403125 0.565625 0.410937 0.557813 0.4125 0.557813 0.414062 0.55625 0.415625 0.55625 0.417188 0.554688 0.420312 0.554688 0.421875 0.553125 0.423438 0.553125 0.426562 0.55 0.426562 0.548437 0.429688 0.545313 0.428125 0.54375 0.428125 0.534375 0.429688 0.532812 0.429688 0.53125 0.434375 0.526563 0.434375 0.523438 0.435937 0.521875 0.435937 0.520312 0.434375 0.51875 0.434375 0.517187 0.432813 0.515625 0.432813 0.514063 0.428125 0.509375 0.426562 0.509375 0.423438 0.50625 0.420312 0.50625 0.41875 0.504687 0.414062 0.504687 0.4125 0.503125 0.410937 0.503125 0.409375 0.501562 0.404687 0.501562 0.403125 0.5 0.390625 0.5 0.389062 0.501562 0.384375 0.501562 0.382812 0.503125 0.38125 0.501562 0.373437 0.501562 0.371875 0.5 0.365625 0.5 0.364062 0.501562 0.3625 0.501562 0.357812 0.50625 0.35625 0.50625 0.354688 0.507812 0.353125 0.507812 0.351562 0.509375 0.351562 0.515625 0.353125 0.517187 0.353125 0.51875 0.354688 0.520312 0.354688 0.521875 0.353125 0.523438 0.353125 0.528125 0.351562 0.529688 0.35 0.529688 0.346875 0.532812 0.340625 0.532812 0.340625 0.548437 0.345313 0.548437 0.353125 0.55625 0.354688 0.55625 0.360938 0.5625 0.3625 0.5625 0.364062 0.564062 0.371875 0.564062 0.820092
0 0.985937 0.753125 0.985937 0.757812 0.975 0.76875 0.973437 0.76875 0.971875 0.770312 0.970312 0.770312 0.96875 0.76875 0.967188 0.76875 0.965625 0.767187 0.964063 0.767187 0.959375 0.7625 0.95 0.7625 0.948438 0.764063 0.940625 0.764063 0.939062 0.765625 0.9375 0.765625 0.935938 0.767187 0.934375 0.767187 0.932813 0.76875 0.929688 0.76875 0.926562 0.771875 0.925 0.771875 0.923437 0.773438 0.921875 0.773438 0.920313 0.775 0.915625 0.775 0.915625 0.814062 0.920313 0.814062 0.921875 0.815625 0.923437 0.815625 0.928125 0.820312 0.928125 0.823438 0.926562 0.825 0.926562 0.829687 0.925 0.83125 0.925 0.8375 0.926562 0.839063 0.926562 0.845312 0.928125 0.846875 0.928125 0.848437 0.929688 0.85 0.929688 0.851562 0.93125 0.851562 0.932813 0.853125 0.939062 0.853125 0.940625 0.851562 0.94375 0.851562 0.945312 0.85 0.948438 0.85 0.95 0.851562 0.951563 0.851562 0.953125 0.853125 0.953125 0.85625 0.954687 0.857813 0.954687 0.865625 0.957812 0.86875 0.960938 0.86875 0.9625 0.870313 0.965625 0.870313 0.967188 0.86875 0.96875 0.86875 0.970312 0.867188 0.971875 0.867188 0.973437 0.865625 0.975 0.865625 0.978125 0.8625 0.9875 0.8625 0.989062 0.864062 0.998438 0.864062 0.998438 0.753125 0.819136
0 0.70625 0.559375 0.70625 0.567187 0.704687 0.56875 0.704687 0.571875 0.701563 0.575 0.692187 0.575 0.690625 0.573438 0.689062 0.575 0.685938 0.575 0.675 0.585938 0.675 0.592188 0.676562 0.59375 0.676562 0.595312 0.678125 0.596875 0.678125 0.598437 0.68125 0.601562 0.68125 0.607813 0.679688 0.609375 0.678125 0.609375 0.676562 0.610937 0.675 0.609375 0.670313 0.609375 0.66875 0.607813 0.667188 0.607813 0.665625 0.60625 0.653125 0.60625 0.653125 0.617188 0.657812 0.617188 0.660937 0.620313 0.660937 0.626562 0.659375 0.628125 0.659375 0.629687 0.657812 0.63125 0.653125 0.63125 0.653125 0.634375 0.660937 0.634375 0.6625 0.635938 0.66875 0.635938 0.670313 0.6375 0.673437 0.6375 0.675 0.639063 0.675 0.653125 0.678125 0.65625 0.678125 0.657812 0.682813 0.6625 0.684375 0.6625 0.6875 0.665625 0.689062 0.665625 0.690625 0.667188 0.695312 0.667188 0.696875 0.66875 0.703125 0.66875 0.70625 0.671875 0.707812 0.671875 0.709375 0.673437 0.7125 0.673437 0.714063 0.675 0.720312 0.675 0.721875 0.673437 0.726562 0.673437 0.732813 0.667188 0.732813 0.665625 0.735937 0.6625 0.7375 0.6625 0.739062 0.660937 0.74375 0.660937 0.745313 0.6625 0.746875 0.6625 0.748438 0.660937 0.751562 0.660937 0.75625 0.65625 0.75625 0.654688 0.760938 0.65 0.760938 0.648438 0.7625 0.646875 0.7625 0.645312 0.764063 0.64375 0.764063 0.642187 0.765625 0.640625 0.765625 0.639063 0.767187 0.6375 0.767187 0.63125 0.765625 0.629687 0.765625 0.626562 0.7625 0.623438 0.7625 0.621875 0.754687 0.614062 0.754687 0.609375 0.75625 0.607813 0.75625 0.60625 0.760938 0.601562 0.760938 0.598437 0.7625 0.596875 0.7625 0.595312 0.759375 0.592188 0.759375 0.590625 0.757812 0.589063 0.75625 0.589063 0.754687 0.5875 0.745313 0.5875 0.74375 0.585938 0.740625 0.585938 0.7375 0.582812 0.7375 0.579687 0.739062 0.578125 0.7375 0.576563 0.7375 0.575 0.735937 0.573438 0.735937 0.571875 0.732813 0.56875 0.726562 0.56875 0.725 0.570312 0.723437 0.570312 0.721875 0.571875 0.720312 0.570312 0.720312 0.56875 0.71875 0.567187 0.71875 0.565625 0.717188 0.564062 0.717188 0.559375 0.818422
0 0.740625 0.665625 0.740625 0.670313 0.739062 0.671875 0.7375 0.671875 0.735937 0.673437 0.734375 0.673437 0.73125 0.676562 0.729688 0.676562 0.728125 0.678125 0.7125 0.678125 0.710938 0.679688 0.709375 0.679688 0.704687 0.684375 0.70625 0.685938 0.70625 0.6875 0.707812 0.689062 0.707812 0.695312 0.70625 0.696875 0.704687 0.696875 0.703125 0.698438 0.7 0.698438 0.698438 0.696875 0.695312 0.696875 0.69375 0.698438 0.684375 0.698438 0.684375 0.739062 0.696875 0.739062 0.698438 0.740625 0.701563 0.740625 0.70625 0.745313 0.70625 0.748438 0.704687 0.75 0.704687 0.753125 0.70625 0.753125 0.707812 0.754687 0.717188 0.754687 0.71875 0.753125 0.723437 0.753125 0.726562 0.75625 0.728125 0.75625 0.729688 0.757812 0.729688 0.759375 0.732813 0.7625 0.740625 0.7625 0.742188 0.760938 0.745313 0.760938 0.75 0.75625 0.751562 0.75625 0.753125 0.754687 0.764063 0.754687 0.765625 0.753125 0.767187 0.753125 0.76875 0.751562 0.770312 0.751562 0.773438 0.748438 0.773438 0.746875 0.779688 0.740625 0.779688 0.7375 0.78125 0.735937 0.78125 0.726562 0.782812 0.725 0.782812 0.723437 0.784375 0.721875 0.789062 0.721875 0.789062 0.7125 0.784375 0.7125 0.782812 0.710938 0.782812 0.709375 0.78125 0.707812 0.78125 0.70625 0.778125 0.703125 0.778125 0.701563 0.776563 0.7 0.776563 0.696875 0.775 0.695312 0.775 0.689062 0.773438 0.6875 0.773438 0.685938 0.770312 0.682813 0.767187 0.682813 0.765625 0.68125 0.760938 0.68125 0.759375 0.679688 0.757812 0.679688 0.753125 0.675 0.753125 0.673437 0.751562 0.671875 0.751562 0.665625 0.818141
0 0.259375 0.884375 0.251563 0.892187 0.25 0.892187 0.248437 0.89375 0.246875 0.89375 0.245312 0.895312 0.240625 0.895312 0.239063 0.89375 0.235938 0.89375 0.234375 0.892187 0.225 0.892187 0.223438 0.89375 0.217187 0.89375 0.215625 0.895312 0.2125 0.895312 0.210938 0.896875 0.20625 0.896875 0.204688 0.898438 0.201562 0.898438 0.2 0.9 0.198437 0.9 0.196875 0.901563 0.190625 0.901563 0.190625 0.945312 0.196875 0.945312 0.2 0.948438 0.2 0.95 0.207813 0.957812 0.207813 0.959375 0.209375 0.960938 0.209375 0.964063 0.2125 0.967188 0.2125 0.96875 0.214062 0.970312 0.215625 0.970312 0.217187 0.971875 0.223438 0.971875 0.225 0.973437 0.228125 0.973437 0.229687 0.975 0.23125 0.975 0.235938 0.979688 0.2375 0.979688 0.239063 0.98125 0.259375 0.98125 0.260938 0.979688 0.2625 0.979688 0.264062 0.978125 0.265625 0.978125 0.267188 0.976562 0.26875 0.976562 0.278125 0.967188 0.278125 0.965625 0.282813 0.960938 0.284375 0.960938 0.290625 0.954687 0.290625 0.953125 0.292188 0.951563 0.292188 0.945312 0.290625 0.94375 0.290625 0.942187 0.2875 0.939062 0.2875 0.9375 0.285937 0.935938 0.284375 0.935938 0.282813 0.934375 0.282813 0.93125 0.284375 0.929688 0.284375 0.928125 0.2875 0.925 0.289062 0.925 0.290625 0.923437 0.295312 0.923437 0.298438 0.920313 0.296875 0.91875 0.296875 0.915625 0.29375 0.9125 0.292188 0.9125 0.290625 0.910937 0.285937 0.910937 0.284375 0.909375 0.279687 0.909375 0.275 0.904688 0.275 0.9 0.278125 0.896875 0.278125 0.892187 0.279687 0.890625 0.278125 0.889063 0.276563 0.889063 0.275 0.8875 0.273438 0.8875 0.271875 0.885938 0.267188 0.885938 0.265625 0.884375 0.807987
0 0.6 0.653125 0.6 0.657812 0.59375 0.664062 0.592188 0.664062 0.590625 0.665625 0.590625 0.682813 0.589063 0.684375 0.5875 0.684375 0.585938 0.685938 0.582812 0.685938 0.579687 0.682813 0.578125 0.682813 0.576563 0.68125 0.571875 0.68125 0.570312 0.682813 0.56875 0.682813 0.565625 0.685938 0.559375 0.685938 0.559375 0.695312 0.565625 0.695312 0.579687 0.709375 0.575 0.714063 0.576563 0.715625 0.579687 0.715625 0.58125 0.717188 0.584375 0.717188 0.5875 0.720312 0.589063 0.720312 0.590625 0.721875 0.590625 0.723437 0.592188 0.725 0.592188 0.728125 0.590625 0.729688 0.590625 0.73125 0.589063 0.732813 0.589063 0.734375 0.578125 0.745313 0.576563 0.745313 0.576563 0.75 0.578125 0.751562 0.578125 0.753125 0.579687 0.753125 0.58125 0.754687 0.582812 0.754687 0.584375 0.75625 0.609375 0.75625 0.614062 0.760938 0.614062 0.7625 0.617188 0.765625 0.617188 0.767187 0.621875 0.771875 0.621875 0.776563 0.623438 0.776563 0.623438 0.771875 0.625 0.770312 0.628125 0.770312 0.629687 0.76875 0.632812 0.76875 0.634375 0.767187 0.635938 0.76875 0.64375 0.76875 0.645312 0.770312 0.646875 0.770312 0.65 0.767187 0.651563 0.767187 0.657812 0.760938 0.660937 0.760938 0.6625 0.759375 0.664062 0.759375 0.665625 0.757812 0.667188 0.757812 0.66875 0.75625 0.670313 0.75625 0.675 0.751562 0.675 0.75 0.678125 0.746875 0.678125 0.74375 0.676562 0.742188 0.676562 0.739062 0.675 0.7375 0.675 0.735937 0.673437 0.734375 0.673437 0.721875 0.675 0.720312 0.675 0.71875 0.676562 0.717188 0.676562 0.715625 0.678125 0.714063 0.678125 0.7125 0.679688 0.710938 0.679688 0.701563 0.678125 0.7 0.678125 0.698438 0.676562 0.696875 0.671875 0.696875 0.670313 0.695312 0.667188 0.695312 0.665625 0.696875 0.664062 0.695312 0.660937 0.695312 0.657812 0.692187 0.657812 0.685938 0.659375 0.684375 0.659375 0.68125 0.657812 0.679688 0.657812 0.676562 0.65625 0.675 0.65625 0.673437 0.651563 0.66875 0.65 0.66875 0.648438 0.667188 0.64375 0.667188 0.642187 0.66875 0.640625 0.66875 0.639063 0.670313 0.6375 0.670313 0.634375 0.673437 0.632812 0.673437 0.628125 0.66875 0.628125 0.667188 0.626562 0.665625 0.626562 0.664062 0.620313 0.657812 0.620313 0.653125 0.798736
0 0.36875 0.871875 0.36875 0.88125 0.367188 0.882812 0.367188 0.884375 0.365625 0.885938 0.365625 0.8875 0.3625 0.890625 0.360938 0.890625 0.359375 0.892187 0.353125 0.892187 0.348437 0.896875 0.346875 0.896875 0.345313 0.898438 0.33125 0.898438 0.329688 0.896875 0.328125 0.896875 0.326562 0.895312 0.323438 0.895312 0.321875 0.89375 0.310937 0.89375 0.309375 0.895312 0.303125 0.895312 0.301562 0.89375 0.296875 0.89375 0.296875 0.903125 0.303125 0.903125 0.304688 0.904688 0.304688 0.90625 0.310937 0.9125 0.310937 0.914062 0.3125 0.915625 0.3125 0.917188 0.315625 0.920313 0.315625 0.923437 0.314063 0.925 0.314063 0.926562 0.309375 0.93125 0.307813 0.93125 0.304688 0.934375 0.303125 0.934375 0.301562 0.935938 0.296875 0.935938 0.296875 0.945312 0.303125 0.945312 0.304688 0.946875 0.310937 0.946875 0.3125 0.948438 0.323438 0.948438 0.325 0.95 0.326562 0.95 0.328125 0.951563 0.328125 0.953125 0.326562 0.954687 0.326562 0.95625 0.325 0.957812 0.325 0.959375 0.326562 0.960938 0.326562 0.964063 0.329688 0.967188 0.33125 0.967188 0.335938 0.971875 0.335938 0.973437 0.339063 0.976562 0.339063 0.978125 0.340625 0.979688 0.342187 0.979688 0.346875 0.984375 0.346875 0.985937 0.348437 0.9875 0.35 0.9875 0.353125 0.990625 0.353125 0.995313 0.353125 0.990625 0.354688 0.989062 0.35625 0.989062 0.357812 0.9875 0.3625 0.9875 0.364062 0.985937 0.370313 0.985937 0.371875 0.984375 0.373437 0.984375 0.375 0.982813 0.376563 0.982813 0.378125 0.98125 0.378125 0.979688 0.38125 0.976562 0.38125 0.975 0.384375 0.971875 0.385938 0.971875 0.3875 0.970312 0.389062 0.970312 0.390625 0.96875 0.395312 0.96875 0.4 0.964063 0.4 0.959375 0.401563 0.957812 0.401563 0.954687 0.40625 0.95 0.407813 0.95 0.410937 0.946875 0.4125 0.946875 0.41875 0.940625 0.420312 0.940625 0.420312 0.939062 0.421875 0.9375 0.421875 0.934375 0.423438 0.932813 0.423438 0.920313 0.421875 0.91875 0.421875 0.914062 0.420312 0.9125 0.420312 0.910937 0.40625 0.896875 0.40625 0.895312 0.403125 0.892187 0.403125 0.890625 0.401563 0.889063 0.401563 0.8875 0.4 0.885938 0.4 0.882812 0.398438 0.88125 0.398438 0.871875 0.792161
0 0.732813 0.995313 0.732813 0.998438 0.739062 0.998438 0.739062 0.995313 0.732813 0.995313 0.725 0.990625 0.725 0.984375 0.723437 0.982813 0.723437 0.979688 0.721875 0.978125 0.721875 0.976562 0.715625 0.970312 0.714063 0.970312 0.7125 0.96875 0.709375 0.96875 0.707812 0.967188 0.704687 0.967188 0.701563 0.964063 0.701563 0.959375 0.65625 0.959375 0.65625 0.964063 0.654688 0.965625 0.651563 0.965625 0.646875 0.970312 0.646875 0.971875 0.642187 0.976562 0.640625 0.976562 0.639063 0.978125 0.634375 0.978125 0.632812 0.979688 0.621875 0.979688 0.621875 0.998438 0.720312 0.998438 0.720312 0.995313 0.725 0.990625 0.790997
0 0 0.028125 0 0.151562 0.003125 0.151562 0.003125 0.145313 0.00625 0.142188 0.0125 0.142188 0.0140625 0.140625 0.021875 0.140625 0.0234375 0.139062 0.025 0.139062 0.0265625 0.1375 0.028125 0.1375 0.0296875 0.135937 0.03125 0.135937 0.0359375 0.13125 0.0359375 0.129688 0.0375 0.128125 0.0375 0.125 0.0390625 0.123438 0.0390625 0.121875 0.040625 0.120312 0.040625 0.115625 0.0390625 0.114063 0.0390625 0.1125 0.0359375 0.109375 0.0359375 0.107813 0.0328125 0.104687 0.0328125 0.0984375 0.034375 0.096875 0.034375 0.0890625 0.0359375 0.0875 0.0359375 0.078125 0.028125 0.0703125 0.0265625 0.0703125 0.0234375 0.0671875 0.0234375 0.065625 0.021875 0.0640625 0.021875 0.05625 0.0234375 0.0546875 0.0234375 0.0421875 0.021875 0.040625 0.021875 0.0390625 0.015625 0.0328125 0.015625 0.028125 0.787604
0 0.764063 0.959375 0.764063 0.964063 0.7625 0.965625 0.7625 0.967188 0.757812 0.971875 0.75625 0.971875 0.754687 0.973437 0.753125 0.973437 0.751562 0.975 0.75 0.975 0.746875 0.978125 0.74375 0.978125 0.742188 0.979688 0.740625 0.979688 0.739062 0.98125 0.7375 0.98125 0.732813 0.985937 0.728125 0.985937 0.728125 0.998438 0.851562 0.998438 0.851562 0.996875 0.853125 0.995313 0.853125 0.992188 0.854688 0.990625 0.854688 0.9875 0.853125 0.985937 0.853125 0.984375 0.851562 0.982813 0.85 0.982813 0.848437 0.98125 0.846875 0.98125 0.845312 0.979688 0.84375 0.979688 0.839063 0.975 0.839063 0.973437 0.8375 0.971875 0.8375 0.970312 0.834375 0.967188 0.834375 0.959375 0.807813 0.959375 0.807813 0.964063 0.80625 0.965625 0.804688 0.965625 0.803125 0.967188 0.801562 0.967188 0.8 0.96875 0.798437 0.96875 0.795313 0.971875 0.792188 0.971875 0.790625 0.973437 0.78125 0.973437 0.779688 0.971875 0.778125 0.971875 0.771875 0.965625 0.771875 0.959375 0.754683
0 0.895312 0.959375 0.895312 0.965625 0.890625 0.970312 0.889063 0.970312 0.8875 0.971875 0.885938 0.971875 0.879687 0.978125 0.875 0.978125 0.873438 0.979688 0.8625 0.979688 0.860937 0.98125 0.85625 0.98125 0.854688 0.982813 0.85 0.982813 0.848437 0.98125 0.840625 0.98125 0.840625 0.998438 0.9875 0.998438 0.9875 0.996875 0.984375 0.99375 0.978125 0.99375 0.976562 0.992188 0.975 0.992188 0.973437 0.990625 0.971875 0.990625 0.970312 0.989062 0.96875 0.989062 0.9625 0.982813 0.9625 0.98125 0.960938 0.979688 0.960938 0.978125 0.959375 0.976562 0.959375 0.975 0.957812 0.975 0.953125 0.970312 0.95 0.970312 0.948438 0.96875 0.942187 0.96875 0.940625 0.970312 0.939062 0.970312 0.932813 0.964063 0.932813 0.959375 0.925 0.959375 0.925 0.965625 0.921875 0.96875 0.915625 0.96875 0.910937 0.964063 0.910937 0.959375 0.748826
0 0.989062 0.859375 0.989062 0.870313 0.9875 0.871875 0.9875 0.873438 0.985937 0.875 0.985937 0.876562 0.98125 0.88125 0.979688 0.88125 0.978125 0.882812 0.976562 0.882812 0.975 0.88125 0.971875 0.88125 0.970312 0.879687 0.967188 0.879687 0.965625 0.878125 0.960938 0.878125 0.959375 0.876562 0.95625 0.876562 0.959375 0.879687 0.959375 0.885938 0.960938 0.8875 0.960938 0.890625 0.954687 0.896875 0.951563 0.896875 0.95 0.898438 0.948438 0.898438 0.946875 0.9 0.940625 0.9 0.940625 0.9125 0.945312 0.9125 0.948438 0.915625 0.95 0.915625 0.953125 0.91875 0.954687 0.91875 0.95625 0.920313 0.95625 0.921875 0.957812 0.923437 0.957812 0.928125 0.95625 0.929688 0.95625 0.93125 0.951563 0.935938 0.95 0.935938 0.946875 0.939062 0.946875 0.942187 0.948438 0.94375 0.948438 0.945312 0.951563 0.948438 0.951563 0.95 0.954687 0.953125 0.954687 0.957812 0.95625 0.959375 0.95625 0.960938 0.957812 0.9625 0.959375 0.9625 0.960938 0.964063 0.970312 0.964063 0.971875 0.9625 0.978125 0.9625 0.98125 0.965625 0.98125 0.967188 0.982813 0.96875 0.982813 0.970312 0.984375 0.971875 0.984375 0.973437 0.985937 0.973437 0.992188 0.979688 0.99375 0.979688 0.995313 0.98125 0.998438 0.98125 0.998438 0.859375 0.7469
0 0.121875 0.003125 0.121875 0.0140625 0.128125 0.0140625 0.129688 0.015625 0.13125 0.015625 0.132812 0.0171875 0.134375 0.0171875 0.1375 0.0203125 0.139062 0.0203125 0.140625 0.021875 0.142188 0.021875 0.14375 0.0234375 0.151562 0.0234375 0.153125 0.021875 0.154687 0.021875 0.15625 0.0203125 0.16875 0.0203125 0.170312 0.021875 0.175 0.021875 0.176563 0.0234375 0.178125 0.0234375 0.179688 0.021875 0.179688 0.0203125 0.18125 0.01875 0.18125 0.015625 0.182812 0.0140625 0.192188 0.0140625 0.19375 0.015625 0.196875 0.015625 0.198437 0.0171875 0.201562 0.0171875 0.203125 0.01875 0.210938 0.01875 0.2125 0.0171875 0.214062 0.0171875 0.217187 0.0140625 0.217187 0.0109375 0.21875 0.009375 0.21875 0.003125 0.731965
0 0.114063 0.885938 0.1125 0.8875 0.110937 0.8875 0.109375 0.889063 0.107813 0.889063 0.10625 0.890625 0.104687 0.890625 0.104687 0.892187 0.103125 0.89375 0.103125 0.895312 0.101562 0.896875 0.1 0.896875 0.0984375 0.898438 0.096875 0.898438 0.0953125 0.9 0.08125 0.9 0.0796875 0.901563 0.078125 0.901563 0.078125 0.903125 0.0765625 0.904688 0.0765625 0.910937 0.078125 0.9125 0.078125 0.915625 0.08125 0.91875 0.08125 0.920313 0.0828125 0.921875 0.0828125 0.925 0.084375 0.926562 0.084375 0.928125 0.0796875 0.932813 0.078125 0.932813 0.0734375 0.9375 0.0734375 0.945312 0.0796875 0.951563 0.08125 0.951563 0.0859375 0.95625 0.0859375 0.9625 0.084375 0.964063 0.084375 0.967188 0.0828125 0.96875 0.0828125 0.971875 0.084375 0.973437 0.084375 0.976562 0.0859375 0.978125 0.096875 0.978125 0.0984375 0.976562 0.104687 0.976562 0.109375 0.98125 0.109375 0.984375 0.110937 0.985937 0.110937 0.990625 0.115625 0.995313 0.115625 0.998438 0.125 0.998438 0.125 0.995313 0.126563 0.99375 0.128125 0.99375 0.129688 0.992188 0.129688 0.990625 0.1375 0.982813 0.139062 0.982813 0.140625 0.98125 0.142188 0.98125 0.15625 0.967188 0.157813 0.967188 0.160938 0.964063 0.160938 0.9625 0.1625 0.960938 0.1625 0.953125 0.164062 0.951563 0.164062 0.95 0.165625 0.948438 0.165625 0.946875 0.16875 0.94375 0.170312 0.94375 0.173438 0.940625 0.173438 0.939062 0.178125 0.934375 0.182812 0.934375 0.182812 0.917188 0.171875 0.917188 0.170312 0.915625 0.16875 0.917188 0.164062 0.917188 0.159375 0.9125 0.159375 0.896875 0.157813 0.895312 0.157813 0.892187 0.15625 0.890625 0.15625 0.889063 0.154687 0.8875 0.153125 0.8875 0.151562 0.885938 0.15 0.8875 0.148438 0.8875 0.146875 0.889063 0.145313 0.889063 0.139062 0.895312 0.1375 0.895312 0.134375 0.898438 0.128125 0.898438 0.126563 0.896875 0.125 0.896875 0.123438 0.895312 0.123438 0.89375 0.11875 0.889063 0.117188 0.889063 0.630221
0 0 0.671875 0 0.757812 0.0015625 0.757812 0.0015625 0.751562 0.0109375 0.742188 0.0109375 0.73125 0.0125 0.729688 0.0125 0.726562 0.0140625 0.725 0.0171875 0.725 0.01875 0.723437 0.0203125 0.723437 0.021875 0.721875 0.0234375 0.721875 0.0234375 0.7125 0.021875 0.710938 0.021875 0.703125 0.0203125 0.701563 0.0203125 0.69375 0.01875 0.692187 0.01875 0.689062 0.0171875 0.6875 0.0171875 0.685938 0.015625 0.684375 0.015625 0.682813 0.0109375 0.678125 0.0109375 0.671875 0.614528
