0 0.460938 0.103125 0.460938 0.109375 0.459375 0.110937 0.459375 0.121875 0.457812 0.123438 0.457812 0.125 0.453125 0.129688 0.451562 0.129688 0.45 0.128125 0.448438 0.128125 0.446875 0.126563 0.445312 0.126563 0.44375 0.128125 0.44375 0.134375 0.440625 0.1375 0.440625 0.139062 0.4375 0.142188 0.4375 0.14375 0.435937 0.145313 0.435937 0.146875 0.434375 0.148438 0.434375 0.15 0.43125 0.153125 0.43125 0.157813 0.429688 0.159375 0.429688 0.173438 0.43125 0.175 0.43125 0.178125 0.439063 0.185937 0.439063 0.1875 0.440625 0.189063 0.440625 0.190625 0.44375 0.19375 0.44375 0.195312 0.445312 0.196875 0.446875 0.196875 0.448438 0.198437 0.45 0.198437 0.451562 0.2 0.453125 0.2 0.454688 0.201562 0.45625 0.201562 0.459375 0.204688 0.459375 0.20625 0.460938 0.207813 0.4625 0.207813 0.464063 0.209375 0.465625 0.209375 0.467187 0.207813 0.46875 0.207813 0.470313 0.20625 0.478125 0.20625 0.479688 0.207813 0.482812 0.207813 0.484375 0.209375 0.485938 0.209375 0.490625 0.214062 0.492188 0.214062 0.49375 0.215625 0.495313 0.215625 0.496875 0.217187 0.503125 0.217187 0.504687 0.215625 0.507812 0.215625 0.514063 0.209375 0.514063 0.207813 0.515625 0.20625 0.515625 0.201562 0.520312 0.196875 0.535937 0.196875 0.540625 0.192188 0.540625 0.190625 0.546875 0.184375 0.546875 0.182812 0.548437 0.18125 0.548437 0.170312 0.546875 0.16875 0.54375 0.16875 0.542188 0.167187 0.5375 0.167187 0.535937 0.165625 0.534375 0.165625 0.532812 0.164062 0.532812 0.159375 0.535937 0.15625 0.539062 0.15625 0.54375 0.151562 0.54375 0.140625 0.53125 0.128125 0.528125 0.128125 0.526563 0.126563 0.520312 0.126563 0.51875 0.125 0.517187 0.125 0.515625 0.123438 0.5125 0.123438 0.510938 0.121875 0.507812 0.121875 0.50625 0.120312 0.495313 0.120312 0.49375 0.121875 0.485938 0.121875 0.479688 0.115625 0.479688 0.114063 0.476562 0.110937 0.475 0.110937 0.473437 0.109375 0.473437 0.103125 0.900995
0 0.676562 0.35625 0.675 0.357812 0.673437 0.357812 0.665625 0.365625 0.6625 0.365625 0.660937 0.364062 0.659375 0.364062 0.657812 0.3625 0.654688 0.3625 0.653125 0.360938 0.65 0.360938 0.648438 0.3625 0.646875 0.3625 0.632812 0.376563 0.628125 0.376563 0.628125 0.407813 0.632812 0.407813 0.640625 0.415625 0.642187 0.415625 0.64375 0.417188 0.64375 0.41875 0.646875 0.421875 0.646875 0.423438 0.648438 0.423438 0.65 0.425 0.65 0.426562 0.651563 0.426562 0.653125 0.428125 0.667188 0.428125 0.66875 0.426562 0.671875 0.426562 0.673437 0.428125 0.673437 0.429688 0.675 0.43125 0.675 0.432813 0.676562 0.434375 0.676562 0.4375 0.678125 0.439063 0.678125 0.445312 0.685938 0.445312 0.685938 0.440625 0.689062 0.4375 0.690625 0.4375 0.69375 0.434375 0.695312 0.434375 0.696875 0.432813 0.698438 0.432813 0.7 0.43125 0.701563 0.43125 0.703125 0.429688 0.704687 0.429688 0.709375 0.425 0.709375 0.421875 0.710938 0.420312 0.710938 0.417188 0.7125 0.415625 0.7125 0.414062 0.71875 0.407813 0.71875 0.4 0.717188 0.398438 0.717188 0.395312 0.714063 0.392188 0.714063 0.390625 0.7125 0.389062 0.7125 0.3875 0.709375 0.384375 0.709375 0.379687 0.707812 0.378125 0.707812 0.376563 0.70625 0.375 0.70625 0.373437 0.701563 0.36875 0.7 0.36875 0.698438 0.367188 0.696875 0.367188 0.69375 0.364062 0.692187 0.364062 0.690625 0.3625 0.689062 0.3625 0.682813 0.35625 0.896589
0 0.0421875 0.659375 0.0421875 0.665625 0.0390625 0.66875 0.0390625 0.670313 0.0375 0.671875 0.0375 0.676562 0.0359375 0.678125 0.0359375 0.679688 0.0328125 0.682813 0.0265625 0.682813 0.025 0.684375 0.01875 0.684375 0.015625 0.6875 0.009375 0.6875 0.009375 0.725 0.0140625 0.725 0.0171875 0.728125 0.0171875 0.739062 0.021875 0.74375 0.028125 0.74375 0.0296875 0.745313 0.0328125 0.745313 0.0375 0.75 0.0375 0.751562 0.0390625 0.753125 0.040625 0.753125 0.0421875 0.754687 0.0453125 0.754687 0.046875 0.75625 0.0484375 0.75625 0.05 0.754687 0.0796875 0.754687 0.08125 0.753125 0.0828125 0.753125 0.084375 0.751562 0.084375 0.75 0.0859375 0.748438 0.0859375 0.746875 0.0875 0.745313 0.0875 0.74375 0.090625 0.740625 0.0953125 0.740625 0.096875 0.739062 0.0984375 0.739062 0.101562 0.735937 0.103125 0.735937 0.10625 0.732813 0.10625 0.73125 0.107813 0.729688 0.107813 0.728125 0.109375 0.726562 0.109375 0.717188 0.107813 0.715625 0.109375 0.714063 0.109375 0.698438 0.107813 0.696875 0.107813 0.692187 0.109375 0.690625 0.109375 0.682813 0.107813 0.68125 0.107813 0.678125 0.101562 0.671875 0.1 0.671875 0.0984375 0.670313 0.0953125 0.670313 0.09375 0.66875 0.0890625 0.66875 0.0875 0.667188 0.0859375 0.667188 0.0828125 0.664062 0.0828125 0.659375 0.895098
0 0.065625 0.003125 0.065625 0.0078125 0.0640625 0.009375 0.0625 0.009375 0.05625 0.015625 0.05625 0.0171875 0.0546875 0.01875 0.0546875 0.0203125 0.046875 0.028125 0.040625 0.028125 0.040625 0.05 0.0453125 0.05 0.0484375 0.053125 0.0484375 0.0640625 0.05 0.065625 0.05 0.0671875 0.0515625 0.06875 0.0546875 0.06875 0.05625 0.0703125 0.059375 0.0703125 0.0640625 0.075 0.0640625 0.0765625 0.065625 0.078125 0.065625 0.0828125 0.0671875 0.084375 0.0671875 0.0859375 0.06875 0.0875 0.06875 0.0890625 0.078125 0.0890625 0.0796875 0.090625 0.08125 0.090625 0.0828125 0.0921875 0.084375 0.0921875 0.0859375 0.09375 0.0875 0.09375 0.0890625 0.0953125 0.0921875 0.0953125 0.09375 0.096875 0.0984375 0.096875 0.1 0.0984375 0.103125 0.0984375 0.104687 0.1 0.10625 0.1 0.107813 0.101562 0.1125 0.101562 0.114063 0.103125 0.121875 0.0953125 0.13125 0.0953125 0.132812 0.096875 0.134375 0.0953125 0.139062 0.0953125 0.14375 0.090625 0.145313 0.090625 0.151562 0.084375 0.151562 0.0828125 0.153125 0.08125 0.153125 0.0796875 0.157813 0.075 0.157813 0.0734375 0.160938 0.0703125 0.160938 0.065625 0.151562 0.05625 0.151562 0.0546875 0.15 0.053125 0.15 0.0484375 0.151562 0.046875 0.151562 0.0453125 0.15 0.04375 0.15 0.0359375 0.148438 0.034375 0.148438 0.0328125 0.15 0.03125 0.15 0.0265625 0.148438 0.025 0.148438 0.021875 0.139062 0.0125 0.139062 0.009375 0.1375 0.0078125 0.1375 0.003125 0.894324
0 0.834375 0.203125 0.834375 0.209375 0.832812 0.210938 0.83125 0.210938 0.829687 0.2125 0.828125 0.2125 0.826563 0.214062 0.825 0.214062 0.821875 0.217187 0.81875 0.217187 0.817187 0.21875 0.815625 0.21875 0.814062 0.220313 0.8125 0.220313 0.810938 0.221875 0.810938 0.223438 0.809375 0.225 0.809375 0.23125 0.810938 0.232812 0.810938 0.234375 0.8125 0.235938 0.8125 0.239063 0.815625 0.242188 0.815625 0.24375 0.817187 0.245312 0.817187 0.248437 0.815625 0.25 0.815625 0.251563 0.814062 0.253125 0.8125 0.253125 0.810938 0.254687 0.807813 0.254687 0.80625 0.25625 0.804688 0.25625 0.803125 0.257812 0.796875 0.257812 0.796875 0.276563 0.803125 0.276563 0.804688 0.275 0.80625 0.275 0.807813 0.273438 0.809375 0.275 0.814062 0.275 0.817187 0.278125 0.817187 0.284375 0.8125 0.289062 0.8125 0.296875 0.814062 0.296875 0.81875 0.301562 0.821875 0.301562 0.823438 0.303125 0.828125 0.303125 0.829687 0.301562 0.834375 0.301562 0.835938 0.3 0.839063 0.3 0.840625 0.298438 0.84375 0.298438 0.845312 0.296875 0.848437 0.296875 0.85 0.295312 0.851562 0.295312 0.853125 0.29375 0.854688 0.29375 0.85625 0.292188 0.867188 0.292188 0.86875 0.29375 0.892187 0.29375 0.89375 0.295312 0.895312 0.295312 0.896875 0.29375 0.9 0.29375 0.903125 0.290625 0.903125 0.2875 0.904688 0.285937 0.904688 0.276563 0.90625 0.275 0.90625 0.271875 0.9125 0.265625 0.9125 0.264062 0.917188 0.259375 0.917188 0.257812 0.915625 0.25625 0.915625 0.254687 0.910937 0.25 0.909375 0.25 0.904688 0.245312 0.904688 0.24375 0.90625 0.242188 0.90625 0.23125 0.904688 0.229687 0.904688 0.228125 0.901563 0.225 0.901563 0.223438 0.896875 0.21875 0.88125 0.21875 0.879687 0.217187 0.875 0.217187 0.873438 0.215625 0.870313 0.215625 0.865625 0.210938 0.864062 0.210938 0.8625 0.209375 0.8625 0.203125 0.890917
0 0.871875 0.295312 0.870313 0.296875 0.86875 0.296875 0.867188 0.298438 0.865625 0.298438 0.864062 0.3 0.859375 0.3 0.857813 0.298438 0.85 0.298438 0.848437 0.3 0.846875 0.3 0.845312 0.301562 0.84375 0.301562 0.840625 0.304688 0.8375 0.304688 0.835938 0.30625 0.834375 0.30625 0.832812 0.307813 0.832812 0.309375 0.829687 0.3125 0.829687 0.315625 0.828125 0.317187 0.828125 0.31875 0.81875 0.328125 0.81875 0.329688 0.817187 0.33125 0.817187 0.335938 0.815625 0.3375 0.815625 0.339063 0.817187 0.340625 0.817187 0.342187 0.81875 0.34375 0.81875 0.345313 0.820312 0.346875 0.820312 0.351562 0.81875 0.353125 0.817187 0.353125 0.815625 0.354688 0.809375 0.354688 0.809375 0.367188 0.815625 0.367188 0.817187 0.36875 0.820312 0.36875 0.829687 0.378125 0.829687 0.379687 0.83125 0.38125 0.83125 0.384375 0.832812 0.385938 0.832812 0.389062 0.84375 0.4 0.84375 0.401563 0.846875 0.404687 0.846875 0.40625 0.848437 0.40625 0.85 0.407813 0.851562 0.407813 0.853125 0.409375 0.854688 0.409375 0.85625 0.410937 0.857813 0.410937 0.864062 0.417188 0.867188 0.417188 0.86875 0.415625 0.870313 0.415625 0.876562 0.409375 0.878125 0.409375 0.88125 0.4125 0.882812 0.4125 0.885938 0.415625 0.8875 0.415625 0.889063 0.417188 0.892187 0.417188 0.895312 0.414062 0.895312 0.4125 0.896875 0.410937 0.896875 0.404687 0.898438 0.403125 0.898438 0.4 0.9 0.398438 0.9 0.396875 0.903125 0.39375 0.920313 0.39375 0.923437 0.390625 0.925 0.390625 0.929688 0.385938 0.929688 0.384375 0.93125 0.382812 0.929688 0.38125 0.929688 0.379687 0.925 0.375 0.925 0.373437 0.923437 0.371875 0.923437 0.364062 0.928125 0.359375 0.93125 0.359375 0.932813 0.357812 0.932813 0.351562 0.93125 0.35 0.93125 0.348437 0.929688 0.346875 0.929688 0.345313 0.932813 0.342187 0.932813 0.340625 0.934375 0.339063 0.934375 0.332812 0.932813 0.33125 0.932813 0.329688 0.928125 0.325 0.928125 0.323438 0.925 0.320312 0.925 0.31875 0.91875 0.3125 0.91875 0.310937 0.915625 0.307813 0.915625 0.30625 0.914062 0.304688 0.914062 0.303125 0.907812 0.296875 0.898438 0.296875 0.896875 0.298438 0.885938 0.298438 0.884375 0.296875 0.882812 0.296875 0.88125 0.295312 0.889051
0 0.485938 0.946875 0.485938 0.951563 0.482812 0.954687 0.48125 0.954687 0.479688 0.95625 0.470313 0.95625 0.46875 0.957812 0.467187 0.957812 0.464063 0.960938 0.464063 0.9625 0.4625 0.964063 0.4625 0.967188 0.460938 0.96875 0.460938 0.971875 0.459375 0.973437 0.453125 0.973437 0.453125 0.998438 0.532812 0.998438 0.532812 0.996875 0.53125 0.995313 0.53125 0.990625 0.529688 0.989062 0.529688 0.9875 0.525 0.982813 0.525 0.979688 0.523438 0.978125 0.523438 0.976562 0.525 0.975 0.525 0.970312 0.523438 0.96875 0.523438 0.965625 0.521875 0.964063 0.521875 0.9625 0.520312 0.960938 0.51875 0.960938 0.517187 0.959375 0.515625 0.959375 0.514063 0.957812 0.507812 0.957812 0.503125 0.953125 0.503125 0.946875 0.885637
0 0.145313 0.096875 0.145313 0.114063 0.14375 0.115625 0.14375 0.117188 0.139062 0.121875 0.1375 0.120312 0.125 0.120312 0.121875 0.123438 0.121875 0.135937 0.120312 0.1375 0.120312 0.140625 0.11875 0.142188 0.11875 0.145313 0.117188 0.146875 0.117188 0.15 0.115625 0.151562 0.109375 0.151562 0.109375 0.154687 0.114063 0.154687 0.117188 0.157813 0.117188 0.159375 0.11875 0.159375 0.120312 0.160938 0.120312 0.1625 0.121875 0.1625 0.126563 0.167187 0.126563 0.171875 0.13125 0.176563 0.132812 0.176563 0.140625 0.184375 0.140625 0.185937 0.142188 0.1875 0.142188 0.189063 0.14375 0.190625 0.14375 0.192188 0.146875 0.195312 0.148438 0.19375 0.15 0.19375 0.151562 0.192188 0.153125 0.192188 0.154687 0.190625 0.15625 0.190625 0.157813 0.189063 0.165625 0.189063 0.167187 0.190625 0.16875 0.190625 0.176563 0.198437 0.182812 0.198437 0.184375 0.196875 0.1875 0.196875 0.189063 0.195312 0.192188 0.195312 0.19375 0.196875 0.203125 0.196875 0.20625 0.19375 0.20625 0.190625 0.207813 0.189063 0.207813 0.1875 0.209375 0.185937 0.209375 0.184375 0.2125 0.18125 0.214062 0.18125 0.215625 0.179688 0.215625 0.178125 0.21875 0.175 0.21875 0.173438 0.221875 0.170312 0.221875 0.167187 0.223438 0.165625 0.223438 0.157813 0.221875 0.15625 0.221875 0.154687 0.220313 0.153125 0.220313 0.15 0.217187 0.146875 0.217187 0.145313 0.215625 0.14375 0.215625 0.142188 0.214062 0.140625 0.220313 0.134375 0.220313 0.128125 0.21875 0.126563 0.21875 0.125 0.2125 0.11875 0.210938 0.11875 0.209375 0.117188 0.204688 0.117188 0.203125 0.115625 0.201562 0.115625 0.2 0.117188 0.195312 0.117188 0.190625 0.1125 0.190625 0.110937 0.1875 0.107813 0.1875 0.10625 0.185937 0.104687 0.185937 0.096875 0.884209
0 0.621875 0.310937 0.61875 0.314063 0.61875 0.320312 0.626562 0.320312 0.626562 0.310937 0.621875 0.310937 0.626562 0.295312 0.626562 0.296875 0.626562 0.282813 0.626562 0.285937 0.603125 0.254687 0.604688 0.25625 0.607813 0.25625 0.609375 0.257812 0.610937 0.257812 0.610937 0.260938 0.6125 0.2625 0.6125 0.265625 0.610937 0.267188 0.610937 0.270312 0.60625 0.275 0.604688 0.275 0.601562 0.278125 0.601562 0.279687 0.6 0.28125 0.6 0.285937 0.601562 0.2875 0.601562 0.290625 0.6 0.290625 0.598437 0.292188 0.596875 0.292188 0.595312 0.29375 0.59375 0.29375 0.590625 0.296875 0.590625 0.298438 0.589063 0.3 0.589063 0.301562 0.5875 0.303125 0.585938 0.303125 0.584375 0.304688 0.58125 0.304688 0.579687 0.30625 0.571875 0.30625 0.570312 0.304688 0.567187 0.304688 0.565625 0.303125 0.557813 0.303125 0.55625 0.304688 0.551562 0.304688 0.55 0.303125 0.548437 0.303125 0.546875 0.301562 0.545313 0.301562 0.54375 0.3 0.542188 0.3 0.540625 0.298438 0.532812 0.298438 0.53125 0.3 0.529688 0.3 0.528125 0.301562 0.520312 0.301562 0.514063 0.295312 0.514063 0.29375 0.5125 0.292188 0.5125 0.289062 0.510938 0.2875 0.510938 0.285937 0.507812 0.282813 0.498437 0.282813 0.496875 0.28125 0.492188 0.28125 0.490625 0.279687 0.484375 0.279687 0.484375 0.234375 0.489062 0.2 0.492188 0.196875 0.492188 0.190625 0.484375 0.190625 0.484375 0.2 0.489062 0.2 0.484375 0.234375 0.492188 0.234375 0.49375 0.235938 0.5 0.235938 0.501562 0.2375 0.503125 0.235938 0.503125 0.225 0.504687 0.223438 0.504687 0.221875 0.509375 0.217187 0.514063 0.217187 0.51875 0.2125 0.51875 0.210938 0.520312 0.209375 0.520312 0.203125 0.521875 0.201562 0.521875 0.2 0.528125 0.2 0.529688 0.201562 0.53125 0.201562 0.532812 0.203125 0.534375 0.203125 0.535937 0.204688 0.5375 0.204688 0.539062 0.20625 0.540625 0.20625 0.542188 0.207813 0.54375 0.207813 0.545313 0.209375 0.548437 0.20625 0.548437 0.204688 0.55 0.203125 0.55 0.201562 0.55625 0.195312 0.55625 0.190625 0.570312 0.190625 0.570312 0.196875 0.571875 0.198437 0.571875 0.209375 0.573438 0.210938 0.573438 0.214062 0.576563 0.217187 0.579687 0.217187 0.58125 0.21875 0.5875 0.21875 0.589063 0.220313 0.590625 0.220313 0.595312 0.225 0.595312 0.226562 0.596875 0.228125 0.595312 0.229687 0.595312 0.234375 0.59375 0.235938 0.59375 0.2375 0.592188 0.239063 0.592188 0.24375 0.590625 0.245312 0.598437 0.253125 0.6 0.253125 0.601562 0.254687 0.603125 0.254687 0.626562 0.285937 0.621875 0.285937 0.621875 0.282813 0.626562 0.282813 0.626562 0.296875 0.621875 0.296875 0.621875 0.295312 0.626562 0.295312 0.884179
0 0.2875 0.003125 0.2875 0.0078125 0.282813 0.0125 0.28125 0.0125 0.279687 0.0140625 0.273438 0.0140625 0.271875 0.015625 0.270312 0.015625 0.265625 0.0203125 0.264062 0.0203125 0.2625 0.021875 0.260938 0.021875 0.257812 0.025 0.257812 0.0265625 0.25625 0.028125 0.25625 0.0296875 0.253125 0.0328125 0.25 0.0328125 0.248437 0.03125 0.240625 0.03125 0.240625 0.0390625 0.248437 0.0390625 0.251563 0.0359375 0.253125 0.0359375 0.254687 0.0375 0.254687 0.040625 0.246875 0.0484375 0.240625 0.0484375 0.240625 0.05625 0.245312 0.05625 0.246875 0.0578125 0.248437 0.0578125 0.25 0.059375 0.25 0.0609375 0.253125 0.0640625 0.253125 0.065625 0.251563 0.0671875 0.248437 0.0671875 0.246875 0.06875 0.240625 0.06875 0.240625 0.078125 0.246875 0.078125 0.248437 0.0796875 0.253125 0.0796875 0.25625 0.0828125 0.257812 0.0828125 0.260938 0.0859375 0.260938 0.0890625 0.2625 0.090625 0.2625 0.09375 0.264062 0.0953125 0.264062 0.096875 0.265625 0.096875 0.267188 0.0984375 0.275 0.0984375 0.276563 0.1 0.282813 0.1 0.284375 0.101562 0.2875 0.101562 0.289062 0.103125 0.296875 0.103125 0.298438 0.101562 0.303125 0.101562 0.304688 0.103125 0.30625 0.103125 0.307813 0.104687 0.309375 0.104687 0.315625 0.110937 0.317187 0.110937 0.321875 0.115625 0.321875 0.120312 0.328125 0.120312 0.328125 0.115625 0.329688 0.114063 0.329688 0.1125 0.33125 0.110937 0.33125 0.1 0.329688 0.0984375 0.329688 0.0921875 0.332812 0.0890625 0.334375 0.0890625 0.335938 0.090625 0.339063 0.090625 0.340625 0.0921875 0.34375 0.0921875 0.345313 0.09375 0.35 0.09375 0.351562 0.0953125 0.359375 0.0953125 0.364062 0.090625 0.364062 0.084375 0.3625 0.0828125 0.3625 0.08125 0.360938 0.0796875 0.360938 0.078125 0.357812 0.075 0.357812 0.0734375 0.353125 0.06875 0.353125 0.0671875 0.351562 0.065625 0.351562 0.0625 0.353125 0.0609375 0.353125 0.059375 0.35625 0.05625 0.357812 0.05625 0.364062 0.05 0.364062 0.04375 0.360938 0.040625 0.359375 0.040625 0.35625 0.0375 0.353125 0.0375 0.346875 0.03125 0.345313 0.03125 0.34375 0.0296875 0.340625 0.0296875 0.339063 0.028125 0.3375 0.028125 0.334375 0.025 0.334375 0.021875 0.328125 0.015625 0.328125 0.0140625 0.326562 0.0140625 0.325 0.0125 0.31875 0.0125 0.315625 0.015625 0.314063 0.015625 0.310937 0.01875 0.30625 0.01875 0.304688 0.0171875 0.303125 0.0171875 0.301562 0.015625 0.301562 0.0140625 0.295312 0.0078125 0.295312 0.003125 0.883898
0 0.253125 0.096875 0.253125 0.101562 0.246875 0.107813 0.245312 0.107813 0.24375 0.109375 0.242188 0.109375 0.240625 0.110937 0.239063 0.110937 0.239063 0.1125 0.226562 0.125 0.225 0.125 0.221875 0.128125 0.220313 0.128125 0.21875 0.126563 0.215625 0.126563 0.214062 0.125 0.209375 0.125 0.209375 0.13125 0.217187 0.13125 0.220313 0.134375 0.220313 0.139062 0.217187 0.142188 0.209375 0.142188 0.209375 0.178125 0.214062 0.178125 0.215625 0.176563 0.217187 0.176563 0.21875 0.175 0.228125 0.175 0.229687 0.176563 0.23125 0.176563 0.232812 0.178125 0.232812 0.179688 0.234375 0.18125 0.234375 0.182812 0.235938 0.184375 0.235938 0.190625 0.234375 0.192188 0.234375 0.19375 0.232812 0.195312 0.232812 0.196875 0.234375 0.198437 0.234375 0.2 0.239063 0.204688 0.240625 0.204688 0.242188 0.203125 0.24375 0.203125 0.245312 0.201562 0.246875 0.201562 0.248437 0.2 0.248437 0.198437 0.253125 0.19375 0.254687 0.19375 0.25625 0.192188 0.257812 0.192188 0.267188 0.201562 0.267188 0.203125 0.26875 0.204688 0.26875 0.20625 0.271875 0.209375 0.271875 0.210938 0.276563 0.215625 0.276563 0.220313 0.285937 0.220313 0.285937 0.214062 0.2875 0.2125 0.2875 0.210938 0.289062 0.209375 0.289062 0.203125 0.292188 0.2 0.301562 0.2 0.303125 0.198437 0.304688 0.198437 0.30625 0.196875 0.309375 0.196875 0.310937 0.195312 0.3125 0.195312 0.314063 0.19375 0.315625 0.19375 0.317187 0.192188 0.31875 0.192188 0.320312 0.190625 0.321875 0.190625 0.321875 0.182812 0.320312 0.182812 0.317187 0.179688 0.317187 0.178125 0.310937 0.171875 0.310937 0.170312 0.309375 0.16875 0.309375 0.1625 0.3125 0.159375 0.3125 0.157813 0.315625 0.154687 0.315625 0.153125 0.317187 0.151562 0.317187 0.15 0.31875 0.148438 0.31875 0.14375 0.317187 0.142188 0.317187 0.140625 0.315625 0.139062 0.315625 0.1375 0.314063 0.135937 0.314063 0.134375 0.3125 0.132812 0.315625 0.129688 0.315625 0.120312 0.3125 0.117188 0.3125 0.104687 0.314063 0.103125 0.317187 0.103125 0.31875 0.101562 0.320312 0.101562 0.320312 0.096875 0.883591
0 0.21875 0.184375 0.21875 0.189063 0.217187 0.190625 0.217187 0.192188 0.210938 0.198437 0.210938 0.2 0.207813 0.203125 0.201562 0.203125 0.2 0.201562 0.198437 0.201562 0.196875 0.2 0.192188 0.2 0.190625 0.198437 0.189063 0.2 0.1875 0.2 0.185937 0.201562 0.184375 0.201562 0.182812 0.203125 0.182812 0.2125 0.184375 0.214062 0.184375 0.217187 0.185937 0.21875 0.185937 0.228125 0.182812 0.23125 0.178125 0.23125 0.176563 0.232812 0.175 0.232812 0.173438 0.234375 0.171875 0.234375 0.170312 0.235938 0.165625 0.235938 0.165625 0.242188 0.170312 0.242188 0.171875 0.24375 0.173438 0.24375 0.176563 0.246875 0.176563 0.248437 0.178125 0.25 0.178125 0.251563 0.173438 0.25625 0.173438 0.259375 0.170312 0.2625 0.165625 0.2625 0.165625 0.267188 0.170312 0.267188 0.173438 0.270312 0.173438 0.271875 0.175 0.271875 0.176563 0.273438 0.178125 0.273438 0.179688 0.275 0.18125 0.275 0.182812 0.276563 0.189063 0.276563 0.190625 0.278125 0.192188 0.278125 0.19375 0.279687 0.195312 0.279687 0.196875 0.28125 0.198437 0.28125 0.2 0.282813 0.204688 0.282813 0.20625 0.284375 0.209375 0.284375 0.210938 0.282813 0.214062 0.282813 0.215625 0.284375 0.21875 0.284375 0.220313 0.285937 0.221875 0.285937 0.228125 0.292188 0.229687 0.292188 0.23125 0.29375 0.235938 0.29375 0.2375 0.292188 0.239063 0.292188 0.242188 0.289062 0.24375 0.289062 0.245312 0.2875 0.246875 0.2875 0.248437 0.289062 0.251563 0.289062 0.25625 0.29375 0.25625 0.295312 0.259375 0.298438 0.259375 0.3 0.260938 0.301562 0.260938 0.303125 0.2625 0.304688 0.273438 0.304688 0.275 0.303125 0.275 0.296875 0.273438 0.295312 0.273438 0.29375 0.270312 0.290625 0.273438 0.2875 0.275 0.2875 0.276563 0.285937 0.278125 0.285937 0.279687 0.284375 0.28125 0.284375 0.282813 0.282813 0.282813 0.276563 0.279687 0.273438 0.279687 0.271875 0.273438 0.265625 0.273438 0.2625 0.271875 0.260938 0.271875 0.257812 0.278125 0.251563 0.279687 0.251563 0.285937 0.245312 0.285937 0.240625 0.284375 0.239063 0.284375 0.2375 0.282813 0.235938 0.282813 0.234375 0.279687 0.23125 0.279687 0.229687 0.278125 0.228125 0.278125 0.226562 0.275 0.223438 0.271875 0.223438 0.270312 0.221875 0.26875 0.221875 0.267188 0.220313 0.267188 0.217187 0.265625 0.215625 0.265625 0.195312 0.264062 0.19375 0.2625 0.19375 0.260938 0.192188 0.254687 0.192188 0.253125 0.19375 0.251563 0.19375 0.246875 0.198437 0.245312 0.198437 0.24375 0.2 0.239063 0.2 0.234375 0.195312 0.234375 0.19375 0.232812 0.192188 0.232812 0.184375 0.881782
0 0.939062 0.703125 0.939062 0.707812 0.935938 0.710938 0.935938 0.7125 0.932813 0.715625 0.929688 0.7125 0.921875 0.7125 0.91875 0.715625 0.917188 0.715625 0.914062 0.71875 0.914062 0.729688 0.915625 0.73125 0.915625 0.739062 0.914062 0.740625 0.914062 0.74375 0.9125 0.745313 0.9125 0.746875 0.903125 0.75625 0.903125 0.757812 0.898438 0.7625 0.898438 0.764063 0.895312 0.767187 0.89375 0.767187 0.892187 0.76875 0.890625 0.76875 0.889063 0.770312 0.884375 0.770312 0.884375 0.78125 0.889063 0.78125 0.89375 0.785937 0.89375 0.7875 0.895312 0.789062 0.895312 0.790625 0.896875 0.790625 0.903125 0.796875 0.903125 0.801562 0.904688 0.803125 0.904688 0.810938 0.90625 0.8125 0.90625 0.814062 0.909375 0.817187 0.910937 0.817187 0.9125 0.81875 0.917188 0.81875 0.91875 0.820312 0.93125 0.820312 0.932813 0.81875 0.945312 0.81875 0.946875 0.820312 0.953125 0.820312 0.954687 0.821875 0.957812 0.821875 0.959375 0.823438 0.9625 0.823438 0.965625 0.826563 0.970312 0.826563 0.970312 0.825 0.971875 0.823438 0.971875 0.820312 0.973437 0.81875 0.975 0.81875 0.975 0.817187 0.978125 0.814062 0.979688 0.814062 0.98125 0.8125 0.984375 0.8125 0.985937 0.810938 0.990625 0.810938 0.992188 0.809375 0.998438 0.809375 0.998438 0.71875 0.996875 0.71875 0.995313 0.720312 0.992188 0.720312 0.990625 0.721875 0.985937 0.721875 0.984375 0.723437 0.982813 0.723437 0.978125 0.71875 0.978125 0.717188 0.976562 0.715625 0.975 0.715625 0.973437 0.714063 0.965625 0.714063 0.964063 0.715625 0.9625 0.714063 0.957812 0.714063 0.954687 0.710938 0.953125 0.710938 0.95 0.707812 0.95 0.703125 0.880283
0 0.90625 0.521875 0.90625 0.526563 0.9 0.532812 0.898438 0.532812 0.896875 0.534375 0.892187 0.534375 0.8875 0.539062 0.8875 0.540625 0.885938 0.542188 0.885938 0.546875 0.882812 0.55 0.882812 0.551562 0.88125 0.553125 0.88125 0.570312 0.878125 0.573438 0.871875 0.573438 0.871875 0.59375 0.876562 0.59375 0.878125 0.595312 0.878125 0.596875 0.876562 0.598437 0.871875 0.598437 0.871875 0.610937 0.878125 0.610937 0.8875 0.620313 0.8875 0.621875 0.889063 0.623438 0.889063 0.625 0.896875 0.632812 0.898438 0.632812 0.9 0.634375 0.904688 0.634375 0.90625 0.635938 0.909375 0.635938 0.910937 0.6375 0.9125 0.6375 0.914062 0.639063 0.934375 0.639063 0.935938 0.640625 0.940625 0.640625 0.942187 0.639063 0.945312 0.639063 0.95 0.634375 0.95 0.632812 0.951563 0.63125 0.951563 0.629687 0.957812 0.623438 0.965625 0.623438 0.967188 0.621875 0.96875 0.621875 0.971875 0.61875 0.971875 0.617188 0.973437 0.615625 0.973437 0.6125 0.971875 0.610937 0.971875 0.60625 0.970312 0.604688 0.970312 0.598437 0.973437 0.595312 0.975 0.595312 0.976562 0.59375 0.979688 0.59375 0.98125 0.592188 0.982813 0.592188 0.985937 0.589063 0.985937 0.58125 0.984375 0.579687 0.984375 0.578125 0.978125 0.571875 0.973437 0.571875 0.971875 0.570312 0.970312 0.570312 0.96875 0.56875 0.967188 0.56875 0.964063 0.565625 0.964063 0.564062 0.9625 0.5625 0.9625 0.560938 0.960938 0.559375 0.960938 0.542188 0.959375 0.540625 0.959375 0.539062 0.95625 0.535937 0.954687 0.535937 0.953125 0.534375 0.948438 0.534375 0.946875 0.532812 0.945312 0.532812 0.94375 0.534375 0.9375 0.534375 0.935938 0.532812 0.934375 0.532812 0.932813 0.53125 0.93125 0.53125 0.926562 0.526563 0.926562 0.521875 0.926562 0.526563 0.923437 0.529688 0.915625 0.529688 0.914062 0.528125 0.9125 0.528125 0.910937 0.526563 0.910937 0.521875 0.879512
0 0.501562 0.009375 0.501562 0.015625 0.5 0.0171875 0.498437 0.0171875 0.496875 0.01875 0.495313 0.01875 0.49375 0.0203125 0.492188 0.0203125 0.490625 0.021875 0.489062 0.021875 0.485938 0.025 0.485938 0.0265625 0.482812 0.0296875 0.479688 0.0296875 0.479688 0.0328125 0.478125 0.034375 0.478125 0.046875 0.476562 0.0484375 0.459375 0.0484375 0.459375 0.078125 0.465625 0.078125 0.470313 0.0828125 0.470313 0.090625 0.46875 0.0921875 0.46875 0.0984375 0.470313 0.1 0.470313 0.103125 0.471875 0.103125 0.473437 0.104687 0.475 0.104687 0.476562 0.10625 0.479688 0.10625 0.48125 0.104687 0.4875 0.104687 0.489062 0.103125 0.495313 0.103125 0.496875 0.104687 0.496875 0.10625 0.498437 0.107813 0.498437 0.1125 0.496875 0.114063 0.496875 0.11875 0.495313 0.120312 0.495313 0.121875 0.496875 0.123438 0.498437 0.123438 0.5 0.121875 0.503125 0.121875 0.504687 0.120312 0.507812 0.120312 0.509375 0.11875 0.5125 0.11875 0.514063 0.117188 0.515625 0.117188 0.51875 0.114063 0.523438 0.114063 0.526563 0.117188 0.528125 0.117188 0.534375 0.123438 0.535937 0.123438 0.539062 0.126563 0.551562 0.126563 0.55625 0.121875 0.55625 0.120312 0.557813 0.11875 0.557813 0.109375 0.559375 0.107813 0.560938 0.107813 0.5625 0.10625 0.56875 0.10625 0.570312 0.104687 0.571875 0.104687 0.573438 0.103125 0.575 0.103125 0.576563 0.101562 0.576563 0.1 0.578125 0.0984375 0.578125 0.0953125 0.579687 0.09375 0.579687 0.0875 0.58125 0.0859375 0.58125 0.08125 0.579687 0.0796875 0.579687 0.0765625 0.578125 0.075 0.578125 0.0734375 0.575 0.0703125 0.575 0.06875 0.573438 0.0671875 0.573438 0.0625 0.575 0.0609375 0.575 0.0578125 0.576563 0.05625 0.576563 0.0515625 0.578125 0.05 0.578125 0.0453125 0.576563 0.04375 0.576563 0.0421875 0.575 0.040625 0.575 0.0390625 0.573438 0.0375 0.573438 0.0359375 0.56875 0.03125 0.565625 0.03125 0.5625 0.028125 0.560938 0.028125 0.559375 0.0265625 0.557813 0.0265625 0.554688 0.0234375 0.553125 0.0234375 0.545313 0.015625 0.54375 0.015625 0.542188 0.0140625 0.542188 0.009375 0.876523
0 0.435937 0.196875 0.435937 0.201562 0.432813 0.204688 0.43125 0.204688 0.429688 0.20625 0.428125 0.20625 0.426562 0.207813 0.420312 0.207813 0.41875 0.20625 0.417188 0.20625 0.415625 0.204688 0.414062 0.204688 0.4125 0.20625 0.410937 0.20625 0.410937 0.207813 0.409375 0.209375 0.409375 0.214062 0.407813 0.215625 0.407813 0.21875 0.40625 0.220313 0.40625 0.223438 0.404687 0.225 0.404687 0.226562 0.401563 0.229687 0.4 0.229687 0.4 0.23125 0.398438 0.232812 0.398438 0.234375 0.4 0.235938 0.4 0.242188 0.398438 0.24375 0.398438 0.246875 0.39375 0.251563 0.392188 0.251563 0.390625 0.253125 0.384375 0.253125 0.384375 0.279687 0.389062 0.279687 0.390625 0.278125 0.39375 0.278125 0.395312 0.276563 0.4 0.276563 0.401563 0.275 0.403125 0.276563 0.403125 0.285937 0.401563 0.2875 0.401563 0.290625 0.404687 0.29375 0.410937 0.29375 0.4125 0.292188 0.423438 0.292188 0.425 0.29375 0.426562 0.29375 0.429688 0.296875 0.43125 0.296875 0.432813 0.298438 0.4375 0.298438 0.439063 0.3 0.440625 0.3 0.445312 0.304688 0.446875 0.304688 0.448438 0.30625 0.457812 0.30625 0.459375 0.304688 0.460938 0.304688 0.4625 0.303125 0.464063 0.303125 0.465625 0.301562 0.473437 0.301562 0.475 0.303125 0.478125 0.303125 0.479688 0.301562 0.482812 0.301562 0.484375 0.3 0.484375 0.298438 0.4875 0.295312 0.4875 0.290625 0.489062 0.289062 0.489062 0.285937 0.490625 0.284375 0.490625 0.276563 0.489062 0.275 0.489062 0.273438 0.4875 0.271875 0.4875 0.270312 0.490625 0.267188 0.490625 0.264062 0.492188 0.2625 0.492188 0.260938 0.49375 0.259375 0.49375 0.254687 0.495313 0.253125 0.495313 0.248437 0.496875 0.246875 0.496875 0.245312 0.495313 0.24375 0.495313 0.240625 0.49375 0.239063 0.49375 0.2375 0.492188 0.235938 0.492188 0.232812 0.490625 0.23125 0.490625 0.229687 0.485938 0.225 0.485938 0.220313 0.484375 0.21875 0.484375 0.215625 0.478125 0.209375 0.475 0.209375 0.473437 0.207813 0.459375 0.207813 0.453125 0.201562 0.453125 0.196875 0.876402
0 0.101562 0.278125 0.101562 0.284375 0.0984375 0.2875 0.096875 0.2875 0.0953125 0.289062 0.09375 0.289062 0.0921875 0.290625 0.08125 0.290625 0.0796875 0.289062 0.078125 0.289062 0.0765625 0.2875 0.059375 0.2875 0.0578125 0.289062 0.0578125 0.292188 0.059375 0.29375 0.059375 0.3 0.0609375 0.301562 0.0578125 0.304688 0.0515625 0.304688 0.05 0.303125 0.0375 0.303125 0.0359375 0.304688 0.034375 0.304688 0.0328125 0.30625 0.028125 0.30625 0.028125 0.315625 0.034375 0.315625 0.0375 0.31875 0.040625 0.31875 0.0421875 0.320312 0.0421875 0.323438 0.04375 0.325 0.04375 0.328125 0.0421875 0.329688 0.040625 0.329688 0.0375 0.332812 0.0375 0.334375 0.034375 0.3375 0.028125 0.3375 0.028125 0.351562 0.0328125 0.351562 0.034375 0.353125 0.034375 0.354688 0.0359375 0.35625 0.0359375 0.365625 0.0375 0.367188 0.0375 0.36875 0.0390625 0.370313 0.04375 0.370313 0.0453125 0.371875 0.046875 0.370313 0.0484375 0.370313 0.05 0.36875 0.053125 0.36875 0.0578125 0.373437 0.0578125 0.376563 0.059375 0.378125 0.059375 0.382812 0.0609375 0.384375 0.065625 0.384375 0.0671875 0.385938 0.071875 0.385938 0.0734375 0.3875 0.075 0.3875 0.0765625 0.389062 0.08125 0.389062 0.0828125 0.390625 0.084375 0.390625 0.0859375 0.389062 0.0875 0.389062 0.09375 0.382812 0.0953125 0.382812 0.096875 0.38125 0.103125 0.38125 0.10625 0.384375 0.107813 0.384375 0.109375 0.385938 0.1125 0.385938 0.114063 0.3875 0.115625 0.385938 0.117188 0.385938 0.11875 0.384375 0.120312 0.384375 0.121875 0.382812 0.121875 0.376563 0.128125 0.370313 0.13125 0.370313 0.134375 0.367188 0.134375 0.365625 0.135937 0.364062 0.134375 0.3625 0.134375 0.359375 0.132812 0.357812 0.132812 0.354688 0.13125 0.353125 0.13125 0.335938 0.129688 0.334375 0.129688 0.329688 0.128125 0.328125 0.128125 0.323438 0.129688 0.321875 0.129688 0.320312 0.13125 0.31875 0.13125 0.317187 0.134375 0.314063 0.134375 0.310937 0.135937 0.309375 0.135937 0.30625 0.1375 0.304688 0.1375 0.301562 0.134375 0.298438 0.129688 0.298438 0.128125 0.296875 0.121875 0.296875 0.120312 0.298438 0.114063 0.298438 0.110937 0.295312 0.110937 0.29375 0.109375 0.292188 0.109375 0.290625 0.103125 0.284375 0.103125 0.278125 0.875353
0 0.04375 0.078125 0.0421875 0.0796875 0.0390625 0.0796875 0.0375 0.08125 0.0375 0.0828125 0.0265625 0.09375 0.025 0.09375 0.021875 0.096875 0.0203125 0.096875 0.01875 0.0984375 0.0171875 0.0984375 0.015625 0.1 0.0140625 0.1 0.009375 0.104687 0.003125 0.104687 0.003125 0.1625 0.0078125 0.1625 0.009375 0.164062 0.015625 0.164062 0.0171875 0.165625 0.01875 0.165625 0.0203125 0.167187 0.021875 0.167187 0.025 0.170312 0.025 0.173438 0.0265625 0.175 0.0265625 0.176563 0.025 0.178125 0.025 0.190625 0.0265625 0.192188 0.034375 0.192188 0.0359375 0.190625 0.040625 0.190625 0.0421875 0.189063 0.04375 0.189063 0.0453125 0.1875 0.046875 0.1875 0.053125 0.18125 0.059375 0.18125 0.0609375 0.182812 0.0609375 0.184375 0.0625 0.185937 0.0625 0.19375 0.0640625 0.195312 0.0703125 0.195312 0.071875 0.196875 0.0734375 0.196875 0.0765625 0.2 0.078125 0.2 0.08125 0.196875 0.0828125 0.196875 0.090625 0.189063 0.0921875 0.190625 0.1 0.190625 0.101562 0.189063 0.103125 0.189063 0.103125 0.1875 0.10625 0.184375 0.114063 0.184375 0.115625 0.182812 0.117188 0.182812 0.11875 0.18125 0.120312 0.18125 0.123438 0.178125 0.125 0.178125 0.125 0.173438 0.123438 0.171875 0.123438 0.170312 0.120312 0.167187 0.120312 0.165625 0.115625 0.160938 0.115625 0.159375 0.114063 0.157813 0.114063 0.15625 0.1125 0.154687 0.1125 0.15 0.117188 0.145313 0.117188 0.14375 0.11875 0.142188 0.11875 0.140625 0.120312 0.139062 0.120312 0.134375 0.121875 0.132812 0.121875 0.129688 0.123438 0.128125 0.123438 0.126563 0.125 0.125 0.125 0.123438 0.126563 0.121875 0.126563 0.120312 0.120312 0.114063 0.11875 0.114063 0.117188 0.1125 0.115625 0.1125 0.110937 0.107813 0.110937 0.10625 0.109375 0.104687 0.109375 0.103125 0.107813 0.101562 0.10625 0.101562 0.104687 0.1 0.103125 0.1 0.101562 0.0984375 0.0953125 0.0984375 0.09375 0.096875 0.0921875 0.096875 0.0875 0.0921875 0.0875 0.090625 0.0859375 0.0890625 0.0859375 0.0875 0.084375 0.0859375 0.084375 0.084375 0.08125 0.084375 0.0796875 0.0859375 0.078125 0.0859375 0.0765625 0.0875 0.075 0.0875 0.0734375 0.0890625 0.06875 0.0890625 0.0671875 0.0875 0.0640625 0.0875 0.0625 0.0859375 0.0609375 0.0859375 0.059375 0.084375 0.0578125 0.084375 0.053125 0.0796875 0.05 0.0796875 0.0484375 0.078125 0.874213
0 0.401563 0.003125 0.401563 0.0078125 0.4 0.009375 0.398438 0.009375 0.396875 0.0109375 0.395312 0.0109375 0.39375 0.0125 0.392188 0.0125 0.390625 0.0140625 0.389062 0.0140625 0.3875 0.015625 0.385938 0.015625 0.378125 0.0234375 0.373437 0.0234375 0.371875 0.025 0.370313 0.025 0.367188 0.028125 0.367188 0.0453125 0.36875 0.046875 0.36875 0.0515625 0.367188 0.053125 0.367188 0.0546875 0.364062 0.0578125 0.3625 0.0578125 0.357812 0.0625 0.353125 0.0625 0.353125 0.071875 0.359375 0.071875 0.3625 0.075 0.364062 0.075 0.365625 0.0765625 0.365625 0.078125 0.36875 0.08125 0.370313 0.08125 0.376563 0.0875 0.376563 0.103125 0.378125 0.104687 0.378125 0.10625 0.379687 0.10625 0.38125 0.107813 0.396875 0.107813 0.398438 0.109375 0.4 0.109375 0.403125 0.1125 0.403125 0.114063 0.410937 0.121875 0.4125 0.121875 0.414062 0.123438 0.428125 0.123438 0.429688 0.121875 0.43125 0.121875 0.432813 0.120312 0.435937 0.120312 0.4375 0.11875 0.440625 0.11875 0.442187 0.117188 0.445312 0.117188 0.446875 0.115625 0.448438 0.115625 0.45 0.114063 0.453125 0.114063 0.454688 0.1125 0.45625 0.1125 0.4625 0.10625 0.4625 0.103125 0.465625 0.1 0.465625 0.0984375 0.467187 0.096875 0.467187 0.09375 0.465625 0.0921875 0.465625 0.0875 0.464063 0.0859375 0.464063 0.084375 0.4625 0.0828125 0.4625 0.078125 0.464063 0.0765625 0.464063 0.0734375 0.465625 0.071875 0.465625 0.0640625 0.467187 0.0625 0.467187 0.0578125 0.470313 0.0546875 0.470313 0.0515625 0.467187 0.0484375 0.465625 0.0484375 0.464063 0.046875 0.4625 0.046875 0.460938 0.0453125 0.459375 0.0453125 0.454688 0.040625 0.454688 0.0359375 0.453125 0.034375 0.453125 0.0328125 0.440625 0.0203125 0.434375 0.0203125 0.432813 0.01875 0.423438 0.01875 0.421875 0.0171875 0.41875 0.0171875 0.417188 0.015625 0.415625 0.015625 0.4125 0.0125 0.410937 0.0125 0.409375 0.0109375 0.40625 0.0109375 0.403125 0.0078125 0.403125 0.003125 0.874093
0 0.140625 0.559375 0.140625 0.565625 0.1375 0.56875 0.135937 0.56875 0.132812 0.571875 0.125 0.571875 0.123438 0.570312 0.115625 0.570312 0.114063 0.571875 0.1125 0.571875 0.110937 0.573438 0.109375 0.573438 0.10625 0.576563 0.1 0.576563 0.0984375 0.578125 0.090625 0.578125 0.0859375 0.582812 0.0859375 0.592188 0.084375 0.59375 0.084375 0.596875 0.0765625 0.604688 0.071875 0.604688 0.071875 0.615625 0.0765625 0.615625 0.08125 0.620313 0.08125 0.623438 0.0828125 0.625 0.0828125 0.628125 0.08125 0.629687 0.08125 0.640625 0.084375 0.64375 0.0875 0.64375 0.0890625 0.645312 0.0921875 0.645312 0.09375 0.646875 0.0984375 0.646875 0.1 0.648438 0.104687 0.648438 0.10625 0.65 0.109375 0.65 0.110937 0.651563 0.110937 0.657812 0.129688 0.657812 0.129688 0.653125 0.132812 0.65 0.135937 0.65 0.139062 0.653125 0.139062 0.657812 0.142188 0.657812 0.142188 0.653125 0.14375 0.651563 0.146875 0.651563 0.148438 0.65 0.151562 0.65 0.153125 0.648438 0.154687 0.648438 0.15625 0.646875 0.157813 0.646875 0.160938 0.64375 0.160938 0.642187 0.165625 0.6375 0.165625 0.635938 0.167187 0.634375 0.167187 0.629687 0.16875 0.628125 0.167187 0.626562 0.167187 0.623438 0.165625 0.621875 0.165625 0.620313 0.164062 0.61875 0.164062 0.614062 0.165625 0.6125 0.165625 0.610937 0.167187 0.609375 0.167187 0.607813 0.170312 0.604688 0.170312 0.603125 0.178125 0.595312 0.182812 0.595312 0.182812 0.585938 0.178125 0.585938 0.175 0.582812 0.175 0.58125 0.170312 0.576563 0.16875 0.576563 0.164062 0.571875 0.164062 0.570312 0.157813 0.564062 0.157813 0.559375 0.872422
0 0.529688 0.871875 0.529688 0.878125 0.528125 0.879687 0.528125 0.88125 0.525 0.884375 0.523438 0.884375 0.520312 0.8875 0.515625 0.8875 0.515625 0.925 0.520312 0.925 0.523438 0.928125 0.523438 0.93125 0.529688 0.9375 0.53125 0.9375 0.534375 0.940625 0.535937 0.940625 0.539062 0.94375 0.54375 0.94375 0.545313 0.945312 0.548437 0.945312 0.55 0.94375 0.5625 0.94375 0.564062 0.942187 0.567187 0.942187 0.56875 0.940625 0.570312 0.940625 0.571875 0.939062 0.573438 0.939062 0.575 0.9375 0.576563 0.9375 0.579687 0.934375 0.58125 0.934375 0.584375 0.93125 0.584375 0.929688 0.585938 0.928125 0.585938 0.925 0.5875 0.923437 0.5875 0.915625 0.589063 0.914062 0.589063 0.9125 0.590625 0.910937 0.595312 0.910937 0.595312 0.896875 0.590625 0.896875 0.589063 0.895312 0.589063 0.89375 0.5875 0.892187 0.5875 0.889063 0.585938 0.8875 0.585938 0.885938 0.584375 0.884375 0.584375 0.882812 0.578125 0.876562 0.578125 0.871875 0.872329
0 0.170312 0.195312 0.16875 0.195312 0.167187 0.19375 0.157813 0.19375 0.15625 0.195312 0.140625 0.195312 0.135937 0.190625 0.135937 0.189063 0.134375 0.1875 0.134375 0.185937 0.132812 0.185937 0.13125 0.184375 0.120312 0.184375 0.11875 0.185937 0.115625 0.185937 0.114063 0.1875 0.110937 0.1875 0.109375 0.189063 0.103125 0.189063 0.101562 0.190625 0.1 0.190625 0.0953125 0.195312 0.09375 0.195312 0.0921875 0.196875 0.0859375 0.196875 0.084375 0.198437 0.0828125 0.198437 0.0828125 0.2 0.08125 0.201562 0.08125 0.203125 0.0796875 0.204688 0.0796875 0.209375 0.078125 0.210938 0.078125 0.215625 0.071875 0.221875 0.0703125 0.221875 0.065625 0.226562 0.065625 0.228125 0.0640625 0.229687 0.059375 0.229687 0.059375 0.234375 0.0640625 0.234375 0.06875 0.239063 0.06875 0.240625 0.0703125 0.242188 0.0703125 0.254687 0.06875 0.25625 0.06875 0.265625 0.0703125 0.267188 0.0703125 0.26875 0.0734375 0.271875 0.0734375 0.273438 0.075 0.275 0.075 0.276563 0.0765625 0.278125 0.0765625 0.279687 0.078125 0.28125 0.078125 0.282813 0.0796875 0.284375 0.08125 0.284375 0.0828125 0.285937 0.0984375 0.285937 0.1 0.2875 0.101562 0.2875 0.103125 0.289062 0.104687 0.289062 0.109375 0.29375 0.110937 0.29375 0.1125 0.295312 0.125 0.295312 0.126563 0.29375 0.13125 0.29375 0.132812 0.295312 0.139062 0.295312 0.15 0.284375 0.157813 0.284375 0.159375 0.282813 0.165625 0.282813 0.167187 0.28125 0.16875 0.28125 0.170312 0.279687 0.170312 0.278125 0.171875 0.276563 0.171875 0.270312 0.170312 0.26875 0.170312 0.254687 0.171875 0.253125 0.171875 0.240625 0.173438 0.239063 0.173438 0.2375 0.179688 0.23125 0.179688 0.229687 0.182812 0.226562 0.182812 0.220313 0.176563 0.214062 0.171875 0.214062 0.167187 0.209375 0.167187 0.207813 0.16875 0.20625 0.16875 0.201562 0.170312 0.2 0.170312 0.195312 0.195312 0.178125 0.195312 0.184375 0.178125 0.184375 0.071875 0.178125 0.071875 0.182812 0.071875 0.178125 0.178125 0.184375 0.176563 0.182812 0.176563 0.178125 0.195312 0.178125 0.871449
0 0.110937 0.484375 0.110937 0.489062 0.107813 0.492188 0.10625 0.492188 0.104687 0.49375 0.104687 0.495313 0.101562 0.498437 0.1 0.496875 0.0984375 0.496875 0.09375 0.492188 0.0875 0.492188 0.0859375 0.49375 0.0828125 0.49375 0.08125 0.495313 0.08125 0.496875 0.078125 0.5 0.078125 0.503125 0.0765625 0.504687 0.0765625 0.50625 0.071875 0.510938 0.0703125 0.510938 0.06875 0.5125 0.0671875 0.5125 0.0640625 0.515625 0.0625 0.515625 0.0625 0.517187 0.0609375 0.51875 0.0609375 0.535937 0.059375 0.5375 0.059375 0.548437 0.0609375 0.55 0.0609375 0.553125 0.06875 0.560938 0.06875 0.5625 0.071875 0.565625 0.071875 0.56875 0.0734375 0.570312 0.0734375 0.571875 0.078125 0.576563 0.08125 0.576563 0.0828125 0.578125 0.084375 0.578125 0.0859375 0.576563 0.0921875 0.576563 0.09375 0.575 0.10625 0.575 0.107813 0.573438 0.110937 0.573438 0.1125 0.571875 0.115625 0.571875 0.117188 0.570312 0.11875 0.570312 0.120312 0.56875 0.123438 0.56875 0.125 0.567187 0.134375 0.567187 0.135937 0.565625 0.1375 0.565625 0.142188 0.560938 0.14375 0.560938 0.146875 0.557813 0.148438 0.557813 0.148438 0.55625 0.151562 0.553125 0.151562 0.551562 0.153125 0.55 0.153125 0.545313 0.154687 0.54375 0.154687 0.540625 0.15625 0.539062 0.15625 0.5375 0.157813 0.535937 0.157813 0.532812 0.15625 0.53125 0.154687 0.53125 0.151562 0.528125 0.151562 0.525 0.153125 0.523438 0.153125 0.520312 0.160938 0.5125 0.160938 0.507812 0.157813 0.504687 0.15625 0.504687 0.154687 0.503125 0.153125 0.503125 0.151562 0.501562 0.15 0.501562 0.148438 0.5 0.145313 0.5 0.14375 0.498437 0.140625 0.498437 0.139062 0.496875 0.132812 0.496875 0.129688 0.49375 0.129688 0.492188 0.128125 0.490625 0.128125 0.484375 0.871239
0 0.5875 0.496875 0.5875 0.503125 0.579687 0.510938 0.578125 0.510938 0.575 0.514063 0.573438 0.514063 0.571875 0.515625 0.570312 0.515625 0.56875 0.517187 0.567187 0.517187 0.565625 0.51875 0.564062 0.51875 0.560938 0.521875 0.560938 0.525 0.559375 0.526563 0.559375 0.529688 0.557813 0.53125 0.553125 0.53125 0.553125 0.534375 0.557813 0.534375 0.559375 0.535937 0.559375 0.539062 0.560938 0.540625 0.559375 0.542188 0.559375 0.553125 0.557813 0.554688 0.553125 0.554688 0.553125 0.559375 0.557813 0.559375 0.559375 0.560938 0.559375 0.564062 0.560938 0.565625 0.560938 0.567187 0.5625 0.56875 0.5625 0.570312 0.564062 0.571875 0.565625 0.571875 0.567187 0.573438 0.56875 0.573438 0.570312 0.575 0.571875 0.575 0.573438 0.576563 0.575 0.576563 0.576563 0.578125 0.578125 0.578125 0.585938 0.585938 0.5875 0.585938 0.589063 0.5875 0.592188 0.5875 0.59375 0.585938 0.595312 0.585938 0.6 0.58125 0.603125 0.58125 0.604688 0.579687 0.609375 0.579687 0.610937 0.58125 0.6125 0.58125 0.614062 0.582812 0.617188 0.582812 0.61875 0.584375 0.623438 0.584375 0.626562 0.58125 0.626562 0.575 0.625 0.573438 0.625 0.571875 0.628125 0.56875 0.629687 0.56875 0.63125 0.567187 0.640625 0.567187 0.645312 0.5625 0.645312 0.560938 0.646875 0.559375 0.646875 0.55625 0.645312 0.554688 0.645312 0.545313 0.648438 0.542188 0.648438 0.532812 0.640625 0.525 0.639063 0.525 0.6375 0.523438 0.635938 0.523438 0.634375 0.521875 0.634375 0.520312 0.632812 0.51875 0.632812 0.517187 0.63125 0.515625 0.63125 0.514063 0.623438 0.50625 0.621875 0.50625 0.620313 0.504687 0.617188 0.504687 0.615625 0.503125 0.603125 0.503125 0.601562 0.501562 0.601562 0.496875 0.869433
0 0.3125 0.190625 0.3125 0.195312 0.310937 0.196875 0.310937 0.198437 0.307813 0.201562 0.307813 0.209375 0.30625 0.210938 0.30625 0.215625 0.304688 0.217187 0.304688 0.21875 0.301562 0.221875 0.2875 0.221875 0.285937 0.220313 0.282813 0.220313 0.28125 0.221875 0.279687 0.221875 0.279687 0.225 0.278125 0.226562 0.279687 0.228125 0.279687 0.229687 0.2875 0.2375 0.2875 0.242188 0.289062 0.24375 0.289062 0.245312 0.2875 0.246875 0.2875 0.248437 0.28125 0.254687 0.28125 0.25625 0.279687 0.257812 0.279687 0.259375 0.276563 0.2625 0.271875 0.2625 0.271875 0.267188 0.278125 0.267188 0.279687 0.26875 0.279687 0.270312 0.284375 0.275 0.285937 0.275 0.290625 0.279687 0.290625 0.28125 0.29375 0.284375 0.29375 0.2875 0.295312 0.289062 0.295312 0.290625 0.298438 0.29375 0.301562 0.29375 0.303125 0.295312 0.323438 0.295312 0.325 0.296875 0.328125 0.296875 0.335938 0.304688 0.3375 0.304688 0.339063 0.30625 0.351562 0.30625 0.353125 0.304688 0.354688 0.30625 0.367188 0.30625 0.36875 0.304688 0.370313 0.304688 0.375 0.3 0.376563 0.3 0.378125 0.298438 0.378125 0.296875 0.379687 0.295312 0.379687 0.29375 0.378125 0.292188 0.378125 0.289062 0.376563 0.2875 0.376563 0.282813 0.379687 0.279687 0.392188 0.279687 0.39375 0.278125 0.395312 0.278125 0.395312 0.276563 0.39375 0.275 0.39375 0.271875 0.390625 0.26875 0.390625 0.267188 0.389062 0.265625 0.389062 0.2625 0.384375 0.257812 0.384375 0.25625 0.378125 0.25 0.378125 0.248437 0.376563 0.246875 0.376563 0.245312 0.378125 0.24375 0.378125 0.242188 0.38125 0.239063 0.38125 0.2375 0.382812 0.235938 0.384375 0.235938 0.389062 0.23125 0.389062 0.229687 0.390625 0.228125 0.392188 0.228125 0.39375 0.226562 0.39375 0.220313 0.390625 0.217187 0.390625 0.215625 0.389062 0.214062 0.3875 0.214062 0.385938 0.2125 0.379687 0.2125 0.378125 0.214062 0.376563 0.214062 0.375 0.215625 0.373437 0.215625 0.371875 0.217187 0.367188 0.217187 0.364062 0.214062 0.364062 0.209375 0.3625 0.207813 0.364062 0.20625 0.364062 0.203125 0.3625 0.201562 0.3625 0.2 0.360938 0.198437 0.360938 0.190625 0.34375 0.190625 0.34375 0.196875 0.342187 0.198437 0.342187 0.201562 0.340625 0.203125 0.340625 0.204688 0.339063 0.20625 0.339063 0.207813 0.335938 0.210938 0.332812 0.210938 0.320312 0.198437 0.31875 0.198437 0.317187 0.196875 0.317187 0.190625 0.869417
0 0.932813 0.109375 0.932813 0.115625 0.926562 0.121875 0.925 0.121875 0.923437 0.123438 0.921875 0.123438 0.920313 0.125 0.915625 0.125 0.914062 0.126563 0.910937 0.126563 0.909375 0.128125 0.907812 0.128125 0.90625 0.129688 0.904688 0.129688 0.901563 0.132812 0.901563 0.1375 0.9 0.139062 0.901563 0.140625 0.901563 0.14375 0.903125 0.145313 0.903125 0.151562 0.901563 0.153125 0.9 0.153125 0.898438 0.154687 0.89375 0.154687 0.892187 0.15625 0.884375 0.15625 0.884375 0.170312 0.889063 0.170312 0.89375 0.175 0.895312 0.175 0.896875 0.176563 0.896875 0.18125 0.898438 0.182812 0.896875 0.184375 0.896875 0.185937 0.89375 0.189063 0.89375 0.19375 0.892187 0.195312 0.892187 0.196875 0.89375 0.198437 0.89375 0.203125 0.896875 0.20625 0.898438 0.20625 0.903125 0.210938 0.909375 0.210938 0.910937 0.2125 0.91875 0.2125 0.920313 0.214062 0.926562 0.214062 0.928125 0.215625 0.93125 0.215625 0.932813 0.217187 0.94375 0.217187 0.945312 0.215625 0.951563 0.215625 0.953125 0.214062 0.954687 0.214062 0.95625 0.2125 0.957812 0.2125 0.959375 0.210938 0.959375 0.209375 0.964063 0.204688 0.96875 0.204688 0.970312 0.20625 0.971875 0.20625 0.973437 0.207813 0.975 0.207813 0.976562 0.209375 0.978125 0.209375 0.979688 0.210938 0.985937 0.210938 0.989062 0.207813 0.989062 0.195312 0.995313 0.189063 0.998438 0.189063 0.998438 0.151562 0.995313 0.151562 0.99375 0.15 0.99375 0.148438 0.990625 0.145313 0.990625 0.134375 0.989062 0.132812 0.989062 0.129688 0.984375 0.125 0.982813 0.125 0.98125 0.123438 0.971875 0.123438 0.970312 0.125 0.964063 0.125 0.959375 0.120312 0.957812 0.120312 0.95625 0.11875 0.954687 0.11875 0.95 0.114063 0.95 0.109375 0.869381
0 0.407813 0.407813 0.407813 0.414062 0.414062 0.414062 0.414062 0.409375 0.4125 0.407813 0.407813 0.407813 0.403125 0.401563 0.40625 0.398438 0.407813 0.398438 0.409375 0.396875 0.420312 0.396875 0.421875 0.398438 0.425 0.398438 0.426562 0.4 0.432813 0.4 0.434375 0.401563 0.434375 0.403125 0.432813 0.404687 0.43125 0.404687 0.43125 0.40625 0.429688 0.407813 0.429688 0.414062 0.470313 0.414062 0.470313 0.407813 0.467187 0.404687 0.467187 0.403125 0.465625 0.401563 0.45625 0.401563 0.45625 0.403125 0.453125 0.40625 0.446875 0.40625 0.445312 0.404687 0.442187 0.404687 0.440625 0.403125 0.44375 0.4 0.448438 0.4 0.45 0.398438 0.451562 0.398438 0.453125 0.396875 0.453125 0.395312 0.451562 0.39375 0.451562 0.390625 0.446875 0.385938 0.446875 0.384375 0.445312 0.382812 0.445312 0.379687 0.446875 0.378125 0.446875 0.376563 0.448438 0.375 0.45 0.375 0.451562 0.373437 0.454688 0.373437 0.45625 0.371875 0.459375 0.371875 0.460938 0.370313 0.464063 0.370313 0.4625 0.36875 0.4625 0.367188 0.460938 0.365625 0.460938 0.359375 0.4625 0.357812 0.4625 0.348437 0.464063 0.346875 0.4625 0.345313 0.4625 0.342187 0.460938 0.340625 0.460938 0.334375 0.4625 0.332812 0.4625 0.33125 0.465625 0.328125 0.470313 0.328125 0.471875 0.329688 0.471875 0.33125 0.476562 0.335938 0.476562 0.3375 0.478125 0.339063 0.482812 0.339063 0.482812 0.320312 0.475 0.320312 0.473437 0.321875 0.46875 0.321875 0.467187 0.320312 0.465625 0.320312 0.464063 0.31875 0.464063 0.317187 0.459375 0.3125 0.45625 0.3125 0.454688 0.314063 0.45 0.314063 0.448438 0.315625 0.446875 0.315625 0.445312 0.317187 0.439063 0.317187 0.4375 0.315625 0.435937 0.315625 0.434375 0.314063 0.434375 0.30625 0.435937 0.304688 0.435937 0.298438 0.4375 0.296875 0.4375 0.290625 0.414062 0.290625 0.414062 0.296875 0.409375 0.301562 0.403125 0.301562 0.4 0.298438 0.398438 0.298438 0.395312 0.295312 0.395312 0.290625 0.38125 0.290625 0.38125 0.296875 0.378125 0.3 0.378125 0.301562 0.376563 0.303125 0.376563 0.30625 0.36875 0.314063 0.367188 0.314063 0.365625 0.315625 0.364062 0.315625 0.357812 0.321875 0.357812 0.328125 0.3625 0.332812 0.3625 0.334375 0.364062 0.335938 0.364062 0.340625 0.357812 0.346875 0.35625 0.346875 0.354688 0.348437 0.353125 0.348437 0.351562 0.35 0.346875 0.35 0.346875 0.360938 0.351562 0.360938 0.353125 0.3625 0.353125 0.364062 0.35625 0.367188 0.35625 0.36875 0.359375 0.371875 0.359375 0.373437 0.364062 0.378125 0.364062 0.379687 0.365625 0.38125 0.365625 0.384375 0.367188 0.385938 0.36875 0.385938 0.370313 0.3875 0.371875 0.3875 0.373437 0.389062 0.373437 0.390625 0.375 0.392188 0.375 0.395312 0.376563 0.395312 0.378125 0.396875 0.389062 0.396875 0.390625 0.398438 0.392188 0.398438 0.39375 0.4 0.396875 0.4 0.398438 0.401563 0.403125 0.401563 0.868973
0 0.126563 0.4 0.121875 0.4 0.121875 0.407813 0.128125 0.407813 0.128125 0.401563 0.126563 0.4 0.142188 0.36875 0.14375 0.36875 0.145313 0.370313 0.146875 0.370313 0.151562 0.375 0.153125 0.375 0.154687 0.376563 0.15625 0.376563 0.157813 0.378125 0.159375 0.378125 0.160938 0.379687 0.16875 0.379687 0.170312 0.378125 0.171875 0.378125 0.173438 0.379687 0.176563 0.379687 0.179688 0.382812 0.18125 0.382812 0.184375 0.385938 0.185937 0.385938 0.189063 0.389062 0.195312 0.389062 0.196875 0.3875 0.2 0.3875 0.201562 0.389062 0.20625 0.389062 0.207813 0.390625 0.209375 0.389062 0.210938 0.389062 0.21875 0.38125 0.225 0.38125 0.226562 0.379687 0.234375 0.379687 0.235938 0.378125 0.239063 0.378125 0.239063 0.373437 0.240625 0.371875 0.239063 0.370313 0.239063 0.367188 0.2375 0.365625 0.2375 0.3625 0.240625 0.359375 0.245312 0.359375 0.246875 0.360938 0.257812 0.360938 0.259375 0.359375 0.259375 0.353125 0.260938 0.351562 0.260938 0.346875 0.2625 0.345313 0.260938 0.34375 0.260938 0.340625 0.257812 0.3375 0.25625 0.3375 0.254687 0.335938 0.253125 0.335938 0.25 0.332812 0.25 0.33125 0.248437 0.329688 0.248437 0.328125 0.246875 0.326562 0.248437 0.325 0.248437 0.321875 0.254687 0.315625 0.254687 0.310937 0.25625 0.309375 0.253125 0.30625 0.251563 0.30625 0.25 0.304688 0.245312 0.304688 0.24375 0.303125 0.23125 0.303125 0.226562 0.298438 0.226562 0.290625 0.21875 0.282813 0.210938 0.282813 0.20625 0.2875 0.20625 0.289062 0.201562 0.29375 0.195312 0.29375 0.192188 0.290625 0.192188 0.289062 0.189063 0.285937 0.1875 0.285937 0.182812 0.28125 0.176563 0.28125 0.170312 0.2875 0.153125 0.2875 0.151562 0.289062 0.15 0.289062 0.15 0.290625 0.148438 0.292188 0.148438 0.29375 0.146875 0.295312 0.146875 0.296875 0.145313 0.298438 0.145313 0.3 0.142188 0.303125 0.142188 0.304688 0.140625 0.30625 0.140625 0.307813 0.139062 0.309375 0.139062 0.3125 0.1375 0.314063 0.1375 0.315625 0.132812 0.320312 0.132812 0.321875 0.13125 0.323438 0.13125 0.325 0.129688 0.326562 0.129688 0.328125 0.126563 0.33125 0.121875 0.33125 0.121875 0.334375 0.126563 0.334375 0.129688 0.3375 0.129688 0.339063 0.13125 0.340625 0.13125 0.342187 0.132812 0.34375 0.132812 0.35 0.134375 0.351562 0.134375 0.35625 0.135937 0.357812 0.135937 0.360938 0.1375 0.3625 0.1375 0.364062 0.142188 0.36875 0.867751
0 0.310937 0.565625 0.310937 0.570312 0.307813 0.573438 0.307813 0.575 0.304688 0.578125 0.303125 0.578125 0.298438 0.582812 0.296875 0.582812 0.295312 0.584375 0.284375 0.584375 0.282813 0.585938 0.279687 0.585938 0.275 0.590625 0.275 0.592188 0.273438 0.59375 0.273438 0.595312 0.26875 0.6 0.267188 0.6 0.264062 0.603125 0.259375 0.603125 0.259375 0.625 0.265625 0.625 0.26875 0.628125 0.270312 0.628125 0.273438 0.63125 0.273438 0.632812 0.275 0.634375 0.275 0.645312 0.276563 0.646875 0.276563 0.648438 0.278125 0.65 0.278125 0.651563 0.279687 0.651563 0.282813 0.654688 0.284375 0.654688 0.29375 0.664062 0.295312 0.664062 0.296875 0.665625 0.296875 0.670313 0.298438 0.670313 0.298438 0.665625 0.3 0.664062 0.304688 0.664062 0.30625 0.6625 0.309375 0.6625 0.310937 0.664062 0.310937 0.670313 0.329688 0.670313 0.329688 0.664062 0.33125 0.6625 0.33125 0.660937 0.332812 0.659375 0.334375 0.659375 0.335938 0.657812 0.340625 0.657812 0.342187 0.659375 0.351562 0.659375 0.353125 0.657812 0.354688 0.657812 0.35625 0.65625 0.357812 0.65625 0.359375 0.654688 0.359375 0.65 0.357812 0.648438 0.357812 0.642187 0.3625 0.6375 0.364062 0.6375 0.371875 0.629687 0.371875 0.628125 0.373437 0.626562 0.373437 0.623438 0.375 0.621875 0.373437 0.620313 0.373437 0.617188 0.371875 0.615625 0.371875 0.614062 0.365625 0.607813 0.365625 0.60625 0.364062 0.604688 0.364062 0.601562 0.365625 0.6 0.365625 0.598437 0.367188 0.596875 0.367188 0.595312 0.371875 0.590625 0.371875 0.582812 0.36875 0.579687 0.367188 0.579687 0.364062 0.576563 0.351562 0.576563 0.35 0.575 0.342187 0.575 0.340625 0.576563 0.332812 0.576563 0.33125 0.575 0.329688 0.575 0.328125 0.573438 0.326562 0.573438 0.325 0.571875 0.325 0.565625 0.865072
0 0.484375 0.496875 0.484375 0.501562 0.479688 0.50625 0.478125 0.50625 0.476562 0.507812 0.475 0.507812 0.46875 0.514063 0.46875 0.515625 0.464063 0.520312 0.459375 0.520312 0.459375 0.567187 0.465625 0.567187 0.467187 0.56875 0.46875 0.56875 0.475 0.575 0.475 0.576563 0.476562 0.578125 0.476562 0.579687 0.478125 0.579687 0.479688 0.58125 0.492188 0.58125 0.49375 0.582812 0.495313 0.582812 0.496875 0.584375 0.5 0.584375 0.501562 0.585938 0.507812 0.585938 0.509375 0.584375 0.517187 0.584375 0.51875 0.582812 0.521875 0.582812 0.525 0.579687 0.526563 0.579687 0.526563 0.578125 0.529688 0.575 0.529688 0.573438 0.53125 0.571875 0.53125 0.570312 0.535937 0.565625 0.5375 0.565625 0.539062 0.564062 0.545313 0.564062 0.546875 0.5625 0.548437 0.5625 0.551562 0.559375 0.551562 0.557813 0.553125 0.55625 0.553125 0.55 0.554688 0.548437 0.554688 0.539062 0.551562 0.535937 0.55 0.535937 0.548437 0.534375 0.546875 0.534375 0.545313 0.532812 0.545313 0.53125 0.54375 0.529688 0.54375 0.51875 0.542188 0.517187 0.542188 0.514063 0.539062 0.510938 0.5375 0.510938 0.532812 0.50625 0.529688 0.50625 0.528125 0.504687 0.523438 0.504687 0.521875 0.503125 0.520312 0.503125 0.51875 0.501562 0.51875 0.496875 0.864544
0 0.609375 0.153125 0.609375 0.157813 0.607813 0.159375 0.60625 0.159375 0.604688 0.160938 0.59375 0.160938 0.592188 0.1625 0.590625 0.1625 0.585938 0.167187 0.585938 0.16875 0.582812 0.171875 0.578125 0.171875 0.578125 0.195312 0.582812 0.195312 0.584375 0.196875 0.584375 0.2 0.585938 0.201562 0.585938 0.214062 0.6 0.228125 0.6 0.229687 0.603125 0.232812 0.604688 0.232812 0.60625 0.234375 0.615625 0.234375 0.617188 0.235938 0.61875 0.235938 0.620313 0.2375 0.621875 0.2375 0.625 0.240625 0.632812 0.240625 0.634375 0.239063 0.6375 0.239063 0.639063 0.2375 0.645312 0.2375 0.646875 0.235938 0.648438 0.235938 0.654688 0.229687 0.65625 0.229687 0.659375 0.226562 0.660937 0.226562 0.6625 0.225 0.664062 0.225 0.673437 0.215625 0.673437 0.214062 0.676562 0.210938 0.676562 0.20625 0.678125 0.204688 0.678125 0.195312 0.676562 0.19375 0.676562 0.192188 0.675 0.190625 0.675 0.189063 0.671875 0.185937 0.670313 0.185937 0.66875 0.184375 0.665625 0.184375 0.6625 0.18125 0.660937 0.18125 0.65625 0.176563 0.65625 0.175 0.657812 0.173438 0.657812 0.16875 0.660937 0.165625 0.660937 0.153125 0.861079
0 0.0484375 0.928125 0.0484375 0.934375 0.046875 0.935938 0.0453125 0.935938 0.04375 0.9375 0.0421875 0.9375 0.040625 0.939062 0.0390625 0.939062 0.0375 0.940625 0.0359375 0.940625 0.034375 0.942187 0.03125 0.942187 0.0296875 0.94375 0.028125 0.94375 0.0265625 0.945312 0.025 0.945312 0.021875 0.948438 0.021875 0.95 0.01875 0.953125 0.01875 0.954687 0.0171875 0.95625 0.0171875 0.959375 0.015625 0.960938 0.015625 0.9625 0.0140625 0.964063 0.009375 0.964063 0.009375 0.985937 0.0140625 0.985937 0.015625 0.9875 0.015625 0.989062 0.0171875 0.990625 0.0171875 0.992188 0.01875 0.99375 0.01875 0.995313 0.0203125 0.996875 0.0203125 0.998438 0.075 0.998438 0.075 0.996875 0.078125 0.99375 0.0796875 0.995313 0.084375 0.995313 0.0859375 0.99375 0.0890625 0.99375 0.09375 0.989062 0.09375 0.984375 0.0953125 0.982813 0.09375 0.98125 0.09375 0.976562 0.0953125 0.975 0.0953125 0.971875 0.096875 0.970312 0.096875 0.960938 0.0953125 0.959375 0.0953125 0.957812 0.090625 0.953125 0.090625 0.951563 0.0890625 0.95 0.0890625 0.948438 0.0875 0.946875 0.0875 0.945312 0.0859375 0.94375 0.0859375 0.942187 0.0828125 0.939062 0.08125 0.939062 0.0796875 0.9375 0.0765625 0.9375 0.075 0.935938 0.071875 0.935938 0.06875 0.932813 0.06875 0.928125 0.860283
0 0.176563 0.003125 0.176563 0.009375 0.175 0.0109375 0.173438 0.0109375 0.171875 0.0125 0.165625 0.0125 0.164062 0.0140625 0.1625 0.0140625 0.160938 0.015625 0.160938 0.021875 0.159375 0.0234375 0.157813 0.0234375 0.15625 0.025 0.146875 0.025 0.146875 0.0546875 0.151562 0.0546875 0.153125 0.05625 0.153125 0.0578125 0.15625 0.0609375 0.15625 0.0625 0.157813 0.0640625 0.157813 0.065625 0.159375 0.0671875 0.159375 0.06875 0.160938 0.0703125 0.160938 0.0796875 0.159375 0.08125 0.159375 0.0828125 0.160938 0.084375 0.160938 0.0890625 0.1625 0.0890625 0.164062 0.090625 0.171875 0.090625 0.175 0.0875 0.18125 0.0875 0.185937 0.0921875 0.185937 0.09375 0.1875 0.0953125 0.1875 0.096875 0.189063 0.0984375 0.189063 0.1 0.19375 0.104687 0.195312 0.104687 0.196875 0.10625 0.207813 0.10625 0.209375 0.104687 0.210938 0.104687 0.214062 0.101562 0.223438 0.101562 0.225 0.103125 0.239063 0.103125 0.242188 0.1 0.242188 0.0984375 0.24375 0.096875 0.24375 0.084375 0.245312 0.0828125 0.245312 0.08125 0.246875 0.0796875 0.246875 0.075 0.248437 0.0734375 0.248437 0.0703125 0.25 0.06875 0.25 0.0671875 0.251563 0.065625 0.251563 0.0640625 0.253125 0.0625 0.253125 0.0578125 0.25 0.0546875 0.25 0.05 0.248437 0.0484375 0.248437 0.046875 0.25 0.0453125 0.25 0.04375 0.253125 0.040625 0.253125 0.0328125 0.245312 0.025 0.242188 0.025 0.240625 0.0234375 0.239063 0.0234375 0.2375 0.021875 0.235938 0.021875 0.232812 0.01875 0.232812 0.015625 0.229687 0.0125 0.228125 0.0125 0.226562 0.0109375 0.223438 0.0109375 0.220313 0.0078125 0.220313 0.003125 0.859515
0 0.767187 0.259375 0.767187 0.265625 0.765625 0.267188 0.765625 0.26875 0.764063 0.270312 0.764063 0.275 0.7625 0.276563 0.7625 0.278125 0.759375 0.28125 0.75625 0.28125 0.754687 0.279687 0.75 0.279687 0.748438 0.28125 0.745313 0.28125 0.742188 0.284375 0.742188 0.2875 0.740625 0.289062 0.740625 0.29375 0.739062 0.295312 0.739062 0.309375 0.740625 0.310937 0.740625 0.317187 0.742188 0.31875 0.742188 0.325 0.74375 0.326562 0.74375 0.339063 0.745313 0.340625 0.745313 0.345313 0.746875 0.346875 0.75 0.346875 0.751562 0.348437 0.753125 0.346875 0.753125 0.345313 0.75625 0.342187 0.75625 0.340625 0.757812 0.339063 0.759375 0.339063 0.760938 0.3375 0.765625 0.3375 0.771875 0.34375 0.771875 0.345313 0.775 0.348437 0.775 0.35 0.778125 0.353125 0.779688 0.353125 0.78125 0.354688 0.79375 0.354688 0.795313 0.353125 0.8 0.353125 0.801562 0.351562 0.803125 0.351562 0.803125 0.348437 0.804688 0.346875 0.803125 0.345313 0.803125 0.342187 0.801562 0.340625 0.801562 0.335938 0.8 0.334375 0.8 0.332812 0.801562 0.33125 0.801562 0.328125 0.804688 0.325 0.809375 0.325 0.810938 0.323438 0.8125 0.323438 0.814062 0.321875 0.815625 0.321875 0.81875 0.31875 0.81875 0.315625 0.820312 0.314063 0.81875 0.3125 0.81875 0.307813 0.817187 0.30625 0.817187 0.304688 0.815625 0.303125 0.815625 0.301562 0.814062 0.301562 0.807813 0.295312 0.807813 0.29375 0.804688 0.290625 0.804688 0.282813 0.80625 0.28125 0.80625 0.276563 0.801562 0.271875 0.796875 0.271875 0.795313 0.273438 0.792188 0.273438 0.790625 0.275 0.785937 0.275 0.784375 0.273438 0.782812 0.273438 0.779688 0.270312 0.779688 0.26875 0.778125 0.267188 0.778125 0.265625 0.776563 0.264062 0.776563 0.259375 0.857406
0 0.003125 0.184375 0.003125 0.189063 0.0015625 0.190625 0 0.190625 0 0.2875 0.003125 0.2875 0.0046875 0.285937 0.0234375 0.285937 0.0265625 0.282813 0.04375 0.282813 0.0453125 0.28125 0.046875 0.28125 0.05625 0.271875 0.0578125 0.271875 0.059375 0.270312 0.0609375 0.270312 0.0625 0.26875 0.0640625 0.26875 0.0640625 0.267188 0.065625 0.265625 0.065625 0.264062 0.0671875 0.2625 0.0671875 0.245312 0.065625 0.24375 0.065625 0.242188 0.0640625 0.240625 0.0640625 0.223438 0.0609375 0.220313 0.059375 0.220313 0.0578125 0.21875 0.053125 0.21875 0.05 0.215625 0.05 0.210938 0.0515625 0.209375 0.0515625 0.204688 0.053125 0.203125 0.0515625 0.201562 0.0515625 0.2 0.05 0.198437 0.046875 0.198437 0.0453125 0.196875 0.03125 0.196875 0.0296875 0.198437 0.0265625 0.198437 0.0234375 0.195312 0.025 0.19375 0.025 0.184375 0.857082
0 0.260938 0.859375 0.260938 0.864062 0.259375 0.865625 0.259375 0.867188 0.257812 0.86875 0.257812 0.873438 0.25625 0.875 0.25625 0.876562 0.251563 0.88125 0.248437 0.88125 0.246875 0.882812 0.24375 0.882812 0.240625 0.885938 0.234375 0.885938 0.234375 0.9 0.239063 0.9 0.240625 0.901563 0.240625 0.904688 0.239063 0.90625 0.234375 0.90625 0.234375 0.915625 0.239063 0.915625 0.248437 0.925 0.248437 0.926562 0.251563 0.929688 0.251563 0.93125 0.253125 0.932813 0.254687 0.932813 0.25625 0.934375 0.257812 0.934375 0.259375 0.935938 0.265625 0.935938 0.267188 0.9375 0.270312 0.9375 0.271875 0.939062 0.273438 0.939062 0.275 0.940625 0.275 0.945312 0.278125 0.945312 0.278125 0.940625 0.279687 0.939062 0.282813 0.939062 0.284375 0.9375 0.2875 0.9375 0.289062 0.935938 0.29375 0.935938 0.295312 0.934375 0.296875 0.934375 0.298438 0.932813 0.3 0.932813 0.307813 0.925 0.307813 0.923437 0.309375 0.921875 0.309375 0.920313 0.3125 0.917188 0.3125 0.915625 0.315625 0.9125 0.320312 0.9125 0.320312 0.9 0.315625 0.9 0.3125 0.896875 0.3125 0.884375 0.310937 0.882812 0.310937 0.88125 0.309375 0.879687 0.309375 0.878125 0.307813 0.876562 0.30625 0.876562 0.303125 0.873438 0.3 0.873438 0.298438 0.871875 0.296875 0.871875 0.290625 0.865625 0.290625 0.859375 0.856681
0 0.492188 0.296875 0.492188 0.304688 0.490625 0.30625 0.490625 0.309375 0.489062 0.310937 0.489062 0.3125 0.482812 0.31875 0.48125 0.31875 0.479688 0.320312 0.476562 0.320312 0.475 0.321875 0.473437 0.321875 0.471875 0.323438 0.470313 0.323438 0.467187 0.326562 0.467187 0.329688 0.465625 0.33125 0.465625 0.334375 0.467187 0.335938 0.467187 0.3375 0.470313 0.340625 0.470313 0.34375 0.471875 0.345313 0.471875 0.346875 0.470313 0.348437 0.470313 0.35 0.464063 0.35625 0.459375 0.35625 0.459375 0.373437 0.465625 0.373437 0.467187 0.375 0.467187 0.376563 0.470313 0.379687 0.471875 0.379687 0.475 0.382812 0.475 0.384375 0.476562 0.384375 0.479688 0.3875 0.48125 0.3875 0.4875 0.39375 0.489062 0.39375 0.490625 0.395312 0.495313 0.395312 0.496875 0.396875 0.5 0.396875 0.501562 0.398438 0.504687 0.398438 0.50625 0.396875 0.509375 0.396875 0.510938 0.398438 0.515625 0.398438 0.517187 0.4 0.51875 0.4 0.521875 0.403125 0.523438 0.403125 0.525 0.404687 0.529688 0.404687 0.532812 0.401563 0.540625 0.401563 0.542188 0.403125 0.54375 0.403125 0.545313 0.404687 0.546875 0.404687 0.548437 0.40625 0.55 0.40625 0.553125 0.409375 0.553125 0.414062 0.554688 0.414062 0.554688 0.409375 0.557813 0.40625 0.557813 0.403125 0.559375 0.401563 0.559375 0.4 0.564062 0.395312 0.564062 0.39375 0.565625 0.392188 0.565625 0.3875 0.564062 0.385938 0.564062 0.382812 0.570312 0.376563 0.571875 0.376563 0.573438 0.375 0.575 0.375 0.576563 0.373437 0.578125 0.373437 0.58125 0.370313 0.58125 0.367188 0.584375 0.364062 0.589063 0.364062 0.589063 0.354688 0.584375 0.354688 0.582812 0.353125 0.582812 0.351562 0.58125 0.35 0.58125 0.348437 0.579687 0.346875 0.579687 0.332812 0.578125 0.33125 0.578125 0.329688 0.576563 0.328125 0.576563 0.325 0.575 0.323438 0.575 0.321875 0.56875 0.315625 0.567187 0.315625 0.565625 0.314063 0.560938 0.314063 0.559375 0.3125 0.554688 0.3125 0.553125 0.314063 0.551562 0.3125 0.548437 0.3125 0.545313 0.309375 0.545313 0.307813 0.54375 0.30625 0.54375 0.304688 0.542188 0.303125 0.542188 0.296875 0.523438 0.296875 0.523438 0.301562 0.520312 0.304688 0.509375 0.304688 0.50625 0.301562 0.50625 0.296875 0.856595
0 0.140625 0.376563 0.139062 0.378125 0.1375 0.378125 0.135937 0.379687 0.134375 0.379687 0.132812 0.38125 0.129688 0.38125 0.128125 0.382812 0.126563 0.382812 0.1125 0.396875 0.1125 0.4 0.110937 0.401563 0.110937 0.410937 0.109375 0.4125 0.109375 0.414062 0.107813 0.415625 0.103125 0.415625 0.103125 0.423438 0.107813 0.423438 0.109375 0.425 0.110937 0.425 0.1125 0.426562 0.1125 0.428125 0.114063 0.429688 0.114063 0.43125 0.129688 0.446875 0.129688 0.448438 0.13125 0.45 0.13125 0.451562 0.132812 0.453125 0.134375 0.453125 0.135937 0.454688 0.1375 0.454688 0.139062 0.45625 0.142188 0.45625 0.14375 0.454688 0.145313 0.454688 0.146875 0.453125 0.148438 0.453125 0.15 0.451562 0.15625 0.451562 0.157813 0.453125 0.159375 0.453125 0.1625 0.45625 0.164062 0.45625 0.167187 0.459375 0.167187 0.464063 0.179688 0.464063 0.179688 0.45625 0.176563 0.453125 0.176563 0.451562 0.178125 0.45 0.190625 0.45 0.192188 0.451562 0.195312 0.451562 0.196875 0.45 0.198437 0.45 0.198437 0.448438 0.2 0.446875 0.2 0.442187 0.201562 0.440625 0.201562 0.439063 0.204688 0.435937 0.204688 0.434375 0.207813 0.43125 0.207813 0.428125 0.209375 0.426562 0.209375 0.423438 0.210938 0.421875 0.210938 0.420312 0.2125 0.41875 0.2125 0.409375 0.214062 0.407813 0.214062 0.403125 0.2125 0.401563 0.210938 0.401563 0.209375 0.4 0.207813 0.4 0.20625 0.398438 0.204688 0.398438 0.203125 0.396875 0.198437 0.396875 0.196875 0.395312 0.195312 0.395312 0.19375 0.39375 0.190625 0.39375 0.189063 0.392188 0.1875 0.392188 0.176563 0.38125 0.175 0.38125 0.173438 0.379687 0.164062 0.379687 0.1625 0.38125 0.153125 0.38125 0.151562 0.379687 0.15 0.379687 0.148438 0.378125 0.142188 0.378125 0.853558
0 0.210938 0.934375 0.210938 0.939062 0.207813 0.942187 0.204688 0.942187 0.203125 0.94375 0.201562 0.94375 0.19375 0.951563 0.19375 0.953125 0.1875 0.959375 0.1875 0.960938 0.185937 0.9625 0.185937 0.964063 0.184375 0.965625 0.184375 0.967188 0.182812 0.96875 0.178125 0.96875 0.178125 0.998438 0.25625 0.998438 0.25625 0.995313 0.257812 0.99375 0.257812 0.992188 0.259375 0.990625 0.259375 0.979688 0.257812 0.978125 0.257812 0.964063 0.254687 0.960938 0.254687 0.959375 0.245312 0.95 0.245312 0.948438 0.24375 0.946875 0.24375 0.945312 0.242188 0.945312 0.240625 0.94375 0.239063 0.94375 0.2375 0.942187 0.225 0.942187 0.223438 0.940625 0.220313 0.940625 0.21875 0.939062 0.21875 0.934375 0.852084
0 0.621875 0.584375 0.621875 0.589063 0.620313 0.590625 0.61875 0.590625 0.617188 0.592188 0.607813 0.592188 0.60625 0.59375 0.603125 0.59375 0.601562 0.595312 0.6 0.595312 0.598437 0.596875 0.596875 0.596875 0.589063 0.604688 0.584375 0.604688 0.584375 0.665625 0.589063 0.665625 0.590625 0.667188 0.592188 0.667188 0.59375 0.66875 0.595312 0.66875 0.598437 0.671875 0.6 0.671875 0.604688 0.676562 0.60625 0.676562 0.607813 0.678125 0.610937 0.678125 0.6125 0.679688 0.620313 0.679688 0.621875 0.678125 0.623438 0.678125 0.625 0.676562 0.625 0.675 0.626562 0.673437 0.628125 0.673437 0.629687 0.671875 0.635938 0.671875 0.6375 0.673437 0.639063 0.673437 0.640625 0.675 0.64375 0.675 0.645312 0.673437 0.65 0.673437 0.653125 0.670313 0.653125 0.66875 0.654688 0.667188 0.654688 0.665625 0.65625 0.664062 0.65625 0.660937 0.657812 0.659375 0.657812 0.657812 0.659375 0.65625 0.6625 0.65625 0.664062 0.654688 0.665625 0.654688 0.667188 0.653125 0.66875 0.653125 0.670313 0.651563 0.670313 0.64375 0.66875 0.642187 0.66875 0.621875 0.667188 0.620313 0.667188 0.617188 0.665625 0.615625 0.665625 0.614062 0.664062 0.6125 0.664062 0.609375 0.6625 0.607813 0.6625 0.60625 0.65625 0.6 0.654688 0.6 0.653125 0.598437 0.646875 0.598437 0.64375 0.595312 0.642187 0.595312 0.639063 0.592188 0.6375 0.592188 0.634375 0.589063 0.634375 0.584375 0.852021
0 0.509375 0.584375 0.509375 0.589063 0.50625 0.592188 0.504687 0.592188 0.501562 0.595312 0.5 0.595312 0.496875 0.598437 0.495313 0.598437 0.490625 0.603125 0.484375 0.603125 0.484375 0.653125 0.490625 0.653125 0.49375 0.65625 0.495313 0.65625 0.504687 0.665625 0.50625 0.665625 0.509375 0.66875 0.510938 0.66875 0.5125 0.670313 0.529688 0.670313 0.534375 0.675 0.5375 0.675 0.539062 0.676562 0.540625 0.675 0.542188 0.675 0.545313 0.671875 0.545313 0.670313 0.546875 0.66875 0.546875 0.665625 0.548437 0.664062 0.548437 0.6625 0.553125 0.657812 0.554688 0.659375 0.565625 0.659375 0.56875 0.65625 0.56875 0.654688 0.570312 0.653125 0.570312 0.651563 0.579687 0.642187 0.579687 0.6375 0.58125 0.635938 0.58125 0.63125 0.579687 0.629687 0.579687 0.623438 0.578125 0.621875 0.578125 0.620313 0.576563 0.61875 0.576563 0.617188 0.573438 0.614062 0.573438 0.604688 0.575 0.603125 0.573438 0.601562 0.573438 0.6 0.571875 0.598437 0.571875 0.596875 0.570312 0.595312 0.56875 0.595312 0.567187 0.59375 0.565625 0.59375 0.564062 0.592188 0.5625 0.592188 0.559375 0.589063 0.559375 0.584375 0.850942
0 0.635938 0.259375 0.635938 0.264062 0.634375 0.265625 0.634375 0.267188 0.632812 0.26875 0.632812 0.271875 0.626562 0.278125 0.61875 0.278125 0.617188 0.279687 0.6125 0.279687 0.610937 0.278125 0.609375 0.278125 0.607813 0.276563 0.609375 0.275 0.609375 0.26875 0.603125 0.26875 0.603125 0.290625 0.609375 0.290625 0.610937 0.292188 0.6125 0.292188 0.617188 0.296875 0.617188 0.3 0.61875 0.301562 0.61875 0.303125 0.617188 0.304688 0.617188 0.30625 0.610937 0.3125 0.610937 0.314063 0.607813 0.317187 0.603125 0.317187 0.603125 0.325 0.607813 0.325 0.6125 0.329688 0.614062 0.329688 0.615625 0.33125 0.625 0.33125 0.626562 0.329688 0.634375 0.329688 0.635938 0.33125 0.635938 0.342187 0.634375 0.34375 0.634375 0.346875 0.632812 0.348437 0.632812 0.35625 0.634375 0.357812 0.639063 0.357812 0.640625 0.35625 0.642187 0.35625 0.653125 0.345313 0.654688 0.345313 0.657812 0.342187 0.657812 0.340625 0.659375 0.339063 0.660937 0.339063 0.665625 0.334375 0.667188 0.335938 0.66875 0.335938 0.670313 0.3375 0.671875 0.3375 0.673437 0.339063 0.673437 0.340625 0.679688 0.346875 0.68125 0.346875 0.684375 0.35 0.6875 0.35 0.689062 0.351562 0.689062 0.35 0.690625 0.348437 0.690625 0.340625 0.695312 0.335938 0.696875 0.335938 0.698438 0.334375 0.703125 0.334375 0.704687 0.332812 0.704687 0.326562 0.703125 0.325 0.703125 0.323438 0.701563 0.321875 0.701563 0.320312 0.7 0.31875 0.7 0.315625 0.698438 0.314063 0.698438 0.309375 0.704687 0.303125 0.70625 0.303125 0.70625 0.3 0.704687 0.298438 0.704687 0.296875 0.703125 0.295312 0.701563 0.295312 0.695312 0.289062 0.69375 0.289062 0.692187 0.2875 0.690625 0.2875 0.685938 0.282813 0.685938 0.276563 0.684375 0.275 0.684375 0.271875 0.676562 0.271875 0.673437 0.26875 0.671875 0.26875 0.670313 0.267188 0.66875 0.267188 0.665625 0.264062 0.665625 0.259375 0.849896
0 0.967188 0.296875 0.967188 0.301562 0.964063 0.304688 0.9625 0.304688 0.957812 0.309375 0.95625 0.309375 0.954687 0.310937 0.953125 0.310937 0.951563 0.3125 0.95 0.3125 0.948438 0.314063 0.946875 0.314063 0.945312 0.315625 0.94375 0.315625 0.940625 0.31875 0.934375 0.31875 0.934375 0.357812 0.939062 0.357812 0.942187 0.360938 0.942187 0.364062 0.94375 0.365625 0.94375 0.367188 0.945312 0.36875 0.945312 0.370313 0.946875 0.371875 0.946875 0.373437 0.953125 0.379687 0.954687 0.379687 0.95625 0.38125 0.967188 0.38125 0.96875 0.382812 0.973437 0.382812 0.975 0.384375 0.976562 0.384375 0.979688 0.3875 0.98125 0.3875 0.982813 0.389062 0.985937 0.389062 0.9875 0.390625 0.990625 0.390625 0.992188 0.389062 0.998438 0.389062 0.998438 0.296875 0.84913
0 0.3375 0.103125 0.3375 0.107813 0.332812 0.1125 0.332812 0.114063 0.33125 0.115625 0.33125 0.120312 0.326562 0.125 0.315625 0.125 0.314063 0.126563 0.309375 0.126563 0.309375 0.176563 0.315625 0.176563 0.323438 0.184375 0.323438 0.185937 0.325 0.1875 0.325 0.190625 0.326562 0.192188 0.326562 0.19375 0.328125 0.195312 0.328125 0.196875 0.329688 0.196875 0.33125 0.198437 0.339063 0.198437 0.340625 0.196875 0.342187 0.196875 0.34375 0.195312 0.345313 0.195312 0.346875 0.19375 0.35 0.19375 0.351562 0.192188 0.353125 0.192188 0.354688 0.19375 0.35625 0.19375 0.367188 0.204688 0.36875 0.204688 0.370313 0.20625 0.376563 0.20625 0.378125 0.204688 0.379687 0.204688 0.382812 0.201562 0.3875 0.201562 0.389062 0.203125 0.39375 0.203125 0.395312 0.204688 0.396875 0.204688 0.398438 0.203125 0.403125 0.203125 0.40625 0.2 0.407813 0.2 0.407813 0.198437 0.409375 0.196875 0.409375 0.190625 0.407813 0.189063 0.409375 0.1875 0.409375 0.184375 0.414062 0.179688 0.415625 0.179688 0.417188 0.178125 0.417188 0.176563 0.41875 0.175 0.41875 0.173438 0.420312 0.171875 0.420312 0.16875 0.421875 0.167187 0.421875 0.15625 0.420312 0.154687 0.420312 0.14375 0.41875 0.142188 0.41875 0.139062 0.417188 0.1375 0.417188 0.135937 0.415625 0.135937 0.4 0.120312 0.4 0.117188 0.398438 0.115625 0.398438 0.114063 0.396875 0.1125 0.396875 0.110937 0.395312 0.110937 0.39375 0.109375 0.385938 0.109375 0.384375 0.107813 0.384375 0.103125 0.847841
0 0.217187 0.559375 0.217187 0.565625 0.214062 0.56875 0.214062 0.570312 0.2125 0.571875 0.210938 0.571875 0.209375 0.573438 0.20625 0.573438 0.204688 0.571875 0.198437 0.571875 0.196875 0.573438 0.192188 0.573438 0.190625 0.575 0.189063 0.575 0.185937 0.578125 0.185937 0.590625 0.184375 0.592188 0.182812 0.592188 0.18125 0.59375 0.178125 0.59375 0.176563 0.595312 0.175 0.595312 0.173438 0.596875 0.173438 0.598437 0.170312 0.601562 0.165625 0.601562 0.165625 0.603125 0.170312 0.603125 0.173438 0.60625 0.173438 0.6125 0.171875 0.614062 0.171875 0.615625 0.170312 0.617188 0.165625 0.617188 0.165625 0.626562 0.171875 0.626562 0.175 0.629687 0.175 0.63125 0.179688 0.635938 0.179688 0.6375 0.18125 0.639063 0.18125 0.640625 0.185937 0.645312 0.1875 0.645312 0.198437 0.65625 0.2 0.65625 0.201562 0.657812 0.203125 0.657812 0.204688 0.65625 0.215625 0.65625 0.217187 0.654688 0.234375 0.654688 0.2375 0.651563 0.2375 0.65 0.242188 0.645312 0.24375 0.645312 0.245312 0.64375 0.25 0.64375 0.251563 0.642187 0.254687 0.642187 0.25625 0.640625 0.257812 0.640625 0.260938 0.6375 0.260938 0.634375 0.2625 0.632812 0.2625 0.626562 0.260938 0.625 0.260938 0.621875 0.259375 0.620313 0.259375 0.609375 0.2625 0.60625 0.2625 0.604688 0.264062 0.603125 0.2625 0.601562 0.260938 0.601562 0.259375 0.6 0.257812 0.6 0.25625 0.598437 0.25625 0.5875 0.257812 0.585938 0.257812 0.582812 0.25625 0.58125 0.25625 0.579687 0.254687 0.579687 0.253125 0.578125 0.251563 0.578125 0.25 0.579687 0.242188 0.579687 0.240625 0.58125 0.239063 0.58125 0.232812 0.575 0.232812 0.573438 0.23125 0.571875 0.23125 0.570312 0.228125 0.567187 0.226562 0.567187 0.223438 0.564062 0.223438 0.559375 0.847049
0 0.959375 0.209375 0.957812 0.210938 0.95625 0.210938 0.954687 0.2125 0.953125 0.2125 0.951563 0.214062 0.946875 0.214062 0.945312 0.215625 0.94375 0.215625 0.940625 0.21875 0.939062 0.21875 0.935938 0.221875 0.934375 0.221875 0.928125 0.228125 0.926562 0.228125 0.923437 0.23125 0.923437 0.232812 0.921875 0.234375 0.921875 0.239063 0.920313 0.240625 0.915625 0.240625 0.915625 0.246875 0.920313 0.246875 0.921875 0.248437 0.921875 0.25 0.923437 0.251563 0.923437 0.254687 0.926562 0.257812 0.926562 0.260938 0.928125 0.2625 0.928125 0.265625 0.929688 0.265625 0.935938 0.271875 0.935938 0.273438 0.9375 0.275 0.9375 0.276563 0.939062 0.278125 0.939062 0.282813 0.940625 0.284375 0.940625 0.289062 0.945312 0.29375 0.946875 0.29375 0.948438 0.295312 0.9625 0.295312 0.964063 0.296875 0.965625 0.295312 0.96875 0.295312 0.970312 0.29375 0.976562 0.29375 0.978125 0.292188 0.98125 0.292188 0.982813 0.290625 0.984375 0.290625 0.990625 0.284375 0.992188 0.284375 0.99375 0.282813 0.995313 0.282813 0.996875 0.28125 0.998438 0.28125 0.998438 0.21875 0.996875 0.21875 0.99375 0.215625 0.99375 0.214062 0.989062 0.209375 0.9875 0.210938 0.978125 0.210938 0.976562 0.209375 0.846253
0 0.420312 0.684375 0.420312 0.689062 0.414062 0.695312 0.414062 0.696875 0.4125 0.698438 0.4125 0.703125 0.410937 0.704687 0.410937 0.710938 0.407813 0.714063 0.403125 0.714063 0.403125 0.753125 0.407813 0.753125 0.410937 0.75625 0.410937 0.757812 0.415625 0.7625 0.417188 0.7625 0.420312 0.765625 0.421875 0.765625 0.423438 0.767187 0.426562 0.767187 0.43125 0.771875 0.432813 0.771875 0.439063 0.778125 0.439063 0.782812 0.451562 0.782812 0.451562 0.778125 0.45625 0.773438 0.460938 0.773438 0.4625 0.771875 0.465625 0.771875 0.467187 0.770312 0.46875 0.770312 0.475 0.764063 0.475 0.760938 0.476562 0.759375 0.476562 0.757812 0.478125 0.75625 0.48125 0.75625 0.482812 0.754687 0.484375 0.754687 0.484375 0.753125 0.4875 0.75 0.4875 0.748438 0.490625 0.745313 0.490625 0.74375 0.492188 0.742188 0.492188 0.740625 0.49375 0.739062 0.49375 0.720312 0.492188 0.71875 0.492188 0.717188 0.490625 0.715625 0.490625 0.710938 0.489062 0.709375 0.489062 0.707812 0.4875 0.70625 0.4875 0.704687 0.484375 0.701563 0.482812 0.701563 0.48125 0.7 0.479688 0.7 0.478125 0.698438 0.475 0.698438 0.473437 0.696875 0.471875 0.696875 0.465625 0.690625 0.465625 0.684375 0.844388
0 0.034375 0.378125 0.034375 0.382812 0.03125 0.385938 0.0296875 0.385938 0.028125 0.3875 0.0265625 0.3875 0.0234375 0.390625 0.0234375 0.392188 0.01875 0.396875 0.0171875 0.396875 0.015625 0.398438 0.0109375 0.398438 0.009375 0.4 0.003125 0.4 0.003125 0.44375 0.0078125 0.44375 0.009375 0.445312 0.009375 0.448438 0.0109375 0.45 0.0109375 0.453125 0.0125 0.453125 0.015625 0.45625 0.015625 0.457812 0.0203125 0.4625 0.0203125 0.464063 0.021875 0.465625 0.0234375 0.465625 0.025 0.467187 0.0265625 0.467187 0.028125 0.46875 0.0296875 0.46875 0.0328125 0.471875 0.034375 0.471875 0.0359375 0.473437 0.0375 0.473437 0.0390625 0.475 0.05 0.475 0.0515625 0.473437 0.0625 0.473437 0.065625 0.470313 0.06875 0.470313 0.0703125 0.46875 0.0859375 0.46875 0.0875 0.467187 0.090625 0.467187 0.0953125 0.4625 0.0953125 0.460938 0.096875 0.459375 0.096875 0.451562 0.0953125 0.45 0.0953125 0.445312 0.1 0.440625 0.1 0.432813 0.103125 0.429688 0.104687 0.429688 0.10625 0.43125 0.107813 0.43125 0.109375 0.429688 0.109375 0.425 0.107813 0.423438 0.107813 0.421875 0.10625 0.421875 0.104687 0.420312 0.103125 0.420312 0.0984375 0.415625 0.0984375 0.414062 0.096875 0.4125 0.0953125 0.4125 0.09375 0.410937 0.09375 0.409375 0.0921875 0.407813 0.0921875 0.404687 0.090625 0.403125 0.090625 0.4 0.0890625 0.398438 0.0875 0.398438 0.0859375 0.396875 0.0828125 0.396875 0.08125 0.395312 0.0796875 0.395312 0.078125 0.39375 0.0765625 0.39375 0.075 0.392188 0.0734375 0.392188 0.071875 0.390625 0.0703125 0.390625 0.06875 0.389062 0.06875 0.3875 0.0671875 0.385938 0.065625 0.385938 0.0640625 0.384375 0.0625 0.384375 0.0609375 0.382812 0.0609375 0.378125 0.843971
0 0.314063 0.384375 0.314063 0.389062 0.3125 0.390625 0.3125 0.392188 0.310937 0.39375 0.310937 0.395312 0.309375 0.396875 0.309375 0.398438 0.307813 0.4 0.307813 0.403125 0.30625 0.404687 0.30625 0.40625 0.304688 0.407813 0.304688 0.409375 0.298438 0.415625 0.298438 0.417188 0.295312 0.420312 0.290625 0.420312 0.290625 0.448438 0.296875 0.448438 0.298438 0.45 0.298438 0.451562 0.3 0.451562 0.303125 0.454688 0.304688 0.454688 0.309375 0.459375 0.309375 0.4625 0.310937 0.464063 0.310937 0.470313 0.3125 0.471875 0.321875 0.471875 0.323438 0.470313 0.325 0.470313 0.326562 0.46875 0.332812 0.46875 0.334375 0.470313 0.335938 0.470313 0.339063 0.473437 0.34375 0.473437 0.345313 0.475 0.346875 0.475 0.348437 0.473437 0.354688 0.473437 0.35625 0.471875 0.357812 0.471875 0.365625 0.464063 0.36875 0.464063 0.370313 0.4625 0.378125 0.4625 0.379687 0.460938 0.38125 0.460938 0.382812 0.459375 0.382812 0.451562 0.38125 0.45 0.38125 0.440625 0.382812 0.439063 0.382812 0.4375 0.385938 0.434375 0.385938 0.429688 0.3875 0.428125 0.385938 0.426562 0.385938 0.425 0.379687 0.41875 0.379687 0.414062 0.38125 0.4125 0.38125 0.409375 0.382812 0.407813 0.382812 0.40625 0.385938 0.403125 0.385938 0.401563 0.382812 0.398438 0.370313 0.398438 0.36875 0.396875 0.365625 0.396875 0.364062 0.395312 0.364062 0.392188 0.3625 0.390625 0.3625 0.384375 0.3375 0.384375 0.3375 0.389062 0.334375 0.392188 0.329688 0.392188 0.328125 0.390625 0.326562 0.390625 0.325 0.389062 0.325 0.384375 0.843477
0 0.282813 0.296875 0.282813 0.303125 0.28125 0.304688 0.28125 0.30625 0.279687 0.307813 0.279687 0.310937 0.278125 0.3125 0.278125 0.314063 0.273438 0.31875 0.271875 0.31875 0.270312 0.320312 0.26875 0.320312 0.267188 0.321875 0.267188 0.323438 0.265625 0.325 0.265625 0.332812 0.267188 0.334375 0.267188 0.342187 0.264062 0.345313 0.259375 0.345313 0.259375 0.360938 0.264062 0.360938 0.265625 0.3625 0.265625 0.364062 0.267188 0.365625 0.267188 0.367188 0.26875 0.36875 0.26875 0.370313 0.270312 0.371875 0.270312 0.373437 0.271875 0.373437 0.276563 0.378125 0.278125 0.378125 0.279687 0.379687 0.282813 0.379687 0.284375 0.38125 0.285937 0.38125 0.2875 0.382812 0.289062 0.382812 0.296875 0.390625 0.310937 0.390625 0.3125 0.389062 0.320312 0.389062 0.321875 0.390625 0.325 0.390625 0.326562 0.392188 0.329688 0.392188 0.33125 0.390625 0.335938 0.390625 0.3375 0.389062 0.339063 0.389062 0.345313 0.382812 0.346875 0.382812 0.348437 0.38125 0.35 0.38125 0.351562 0.379687 0.353125 0.379687 0.354688 0.378125 0.354688 0.376563 0.353125 0.375 0.353125 0.371875 0.348437 0.367188 0.348437 0.357812 0.359375 0.346875 0.359375 0.345313 0.360938 0.34375 0.360938 0.339063 0.357812 0.335938 0.357812 0.332812 0.35625 0.33125 0.35625 0.31875 0.354688 0.317187 0.354688 0.314063 0.351562 0.310937 0.35 0.310937 0.348437 0.309375 0.339063 0.309375 0.3375 0.310937 0.334375 0.310937 0.332812 0.3125 0.328125 0.3125 0.326562 0.310937 0.326562 0.296875 0.307813 0.296875 0.307813 0.301562 0.303125 0.30625 0.3 0.30625 0.298438 0.304688 0.295312 0.304688 0.292188 0.301562 0.292188 0.296875 0.841623
0 0.632812 0.692187 0.63125 0.69375 0.626562 0.69375 0.625 0.695312 0.623438 0.695312 0.621875 0.696875 0.620313 0.696875 0.61875 0.698438 0.617188 0.698438 0.615625 0.7 0.614062 0.7 0.6125 0.701563 0.610937 0.701563 0.609375 0.703125 0.607813 0.703125 0.601562 0.709375 0.596875 0.709375 0.596875 0.748438 0.603125 0.748438 0.6125 0.757812 0.6125 0.759375 0.614062 0.760938 0.614062 0.7625 0.615625 0.764063 0.615625 0.765625 0.617188 0.765625 0.620313 0.76875 0.628125 0.76875 0.629687 0.767187 0.63125 0.767187 0.632812 0.765625 0.635938 0.765625 0.6375 0.764063 0.640625 0.764063 0.642187 0.765625 0.645312 0.765625 0.646875 0.767187 0.653125 0.767187 0.654688 0.765625 0.65625 0.765625 0.657812 0.764063 0.657812 0.7625 0.659375 0.760938 0.659375 0.757812 0.664062 0.753125 0.665625 0.753125 0.667188 0.751562 0.66875 0.751562 0.670313 0.75 0.671875 0.75 0.675 0.746875 0.675 0.745313 0.676562 0.74375 0.676562 0.7375 0.675 0.735937 0.675 0.723437 0.676562 0.721875 0.675 0.720312 0.675 0.717188 0.667188 0.709375 0.667188 0.707812 0.665625 0.70625 0.665625 0.701563 0.664062 0.7 0.664062 0.698438 0.6625 0.696875 0.660937 0.696875 0.659375 0.695312 0.642187 0.695312 0.640625 0.69375 0.635938 0.69375 0.634375 0.692187 0.841408
0 0.421875 0.578125 0.421875 0.582812 0.420312 0.584375 0.415625 0.584375 0.414062 0.585938 0.40625 0.585938 0.404687 0.5875 0.403125 0.5875 0.3875 0.603125 0.3875 0.604688 0.382812 0.609375 0.378125 0.609375 0.378125 0.640625 0.382812 0.640625 0.384375 0.642187 0.384375 0.64375 0.385938 0.645312 0.385938 0.648438 0.3875 0.65 0.3875 0.651563 0.390625 0.654688 0.392188 0.654688 0.398438 0.660937 0.4 0.660937 0.410937 0.671875 0.410937 0.676562 0.421875 0.676562 0.421875 0.671875 0.423438 0.670313 0.425 0.670313 0.426562 0.66875 0.44375 0.66875 0.445312 0.670313 0.446875 0.670313 0.448438 0.66875 0.451562 0.66875 0.453125 0.667188 0.454688 0.667188 0.457812 0.664062 0.459375 0.664062 0.4625 0.660937 0.464063 0.660937 0.465625 0.659375 0.465625 0.657812 0.467187 0.65625 0.467187 0.654688 0.471875 0.65 0.471875 0.648438 0.475 0.645312 0.475 0.642187 0.476562 0.640625 0.476562 0.634375 0.475 0.632812 0.475 0.629687 0.473437 0.628125 0.473437 0.625 0.471875 0.623438 0.471875 0.621875 0.470313 0.620313 0.470313 0.61875 0.471875 0.617188 0.471875 0.6125 0.470313 0.610937 0.470313 0.604688 0.46875 0.603125 0.46875 0.6 0.467187 0.598437 0.467187 0.596875 0.465625 0.595312 0.465625 0.59375 0.457812 0.585938 0.434375 0.585938 0.432813 0.584375 0.429688 0.584375 0.428125 0.582812 0.428125 0.578125 0.841233
0 0.526563 0.684375 0.526563 0.689062 0.525 0.690625 0.521875 0.690625 0.5125 0.7 0.510938 0.7 0.50625 0.704687 0.50625 0.70625 0.504687 0.707812 0.504687 0.709375 0.503125 0.710938 0.503125 0.715625 0.501562 0.717188 0.496875 0.717188 0.496875 0.740625 0.501562 0.740625 0.504687 0.74375 0.504687 0.745313 0.50625 0.746875 0.50625 0.75625 0.5125 0.7625 0.514063 0.7625 0.517187 0.765625 0.517187 0.767187 0.520312 0.770312 0.520312 0.771875 0.521875 0.773438 0.521875 0.775 0.523438 0.775 0.525 0.776563 0.528125 0.776563 0.53125 0.773438 0.534375 0.773438 0.535937 0.771875 0.542188 0.771875 0.54375 0.773438 0.546875 0.773438 0.548437 0.775 0.55 0.775 0.551562 0.776563 0.553125 0.776563 0.554688 0.775 0.557813 0.775 0.559375 0.773438 0.5625 0.773438 0.565625 0.770312 0.567187 0.770312 0.576563 0.760938 0.576563 0.759375 0.579687 0.75625 0.579687 0.754687 0.58125 0.753125 0.58125 0.751562 0.582812 0.75 0.582812 0.746875 0.584375 0.745313 0.584375 0.74375 0.585938 0.742188 0.585938 0.740625 0.5875 0.739062 0.5875 0.734375 0.589063 0.732813 0.589063 0.720312 0.5875 0.71875 0.5875 0.709375 0.585938 0.707812 0.585938 0.701563 0.579687 0.695312 0.578125 0.695312 0.576563 0.69375 0.573438 0.69375 0.571875 0.692187 0.570312 0.692187 0.56875 0.690625 0.567187 0.690625 0.565625 0.689062 0.565625 0.684375 0.840694
0 0.507812 0.853125 0.509375 0.853125 0.510938 0.851562 0.5125 0.851562 0.515625 0.848437 0.520312 0.848437 0.520312 0.846875 0.5125 0.846875 0.510938 0.848437 0.509375 0.848437 0.507812 0.85 0.507812 0.853125 0.498437 0.854688 0.496875 0.853125 0.496875 0.85 0.495313 0.848437 0.495313 0.845312 0.496875 0.84375 0.496875 0.842188 0.501562 0.8375 0.504687 0.8375 0.50625 0.835938 0.507812 0.835938 0.507812 0.834375 0.509375 0.832812 0.509375 0.83125 0.510938 0.829687 0.510938 0.828125 0.5125 0.826563 0.5125 0.820312 0.509375 0.817187 0.509375 0.815625 0.504687 0.810938 0.503125 0.810938 0.5 0.807813 0.5 0.8 0.498437 0.798437 0.498437 0.79375 0.496875 0.792188 0.496875 0.790625 0.495313 0.789062 0.49375 0.789062 0.490625 0.785937 0.485938 0.785937 0.482812 0.782812 0.482812 0.778125 0.446875 0.778125 0.446875 0.784375 0.44375 0.7875 0.442187 0.7875 0.439063 0.790625 0.4375 0.790625 0.435937 0.792188 0.434375 0.792188 0.428125 0.798437 0.421875 0.798437 0.421875 0.853125 0.426562 0.853125 0.432813 0.859375 0.432813 0.860937 0.434375 0.8625 0.434375 0.864062 0.4375 0.867188 0.4375 0.86875 0.439063 0.870313 0.440625 0.870313 0.440625 0.86875 0.442187 0.867188 0.44375 0.867188 0.445312 0.865625 0.448438 0.865625 0.45 0.867188 0.453125 0.867188 0.454688 0.86875 0.45625 0.86875 0.457812 0.870313 0.460938 0.870313 0.4625 0.871875 0.465625 0.871875 0.46875 0.86875 0.470313 0.86875 0.473437 0.865625 0.478125 0.865625 0.479688 0.867188 0.48125 0.867188 0.484375 0.870313 0.485938 0.870313 0.4875 0.871875 0.492188 0.871875 0.49375 0.870313 0.495313 0.870313 0.5 0.865625 0.5 0.860937 0.498437 0.859375 0.498437 0.854688 0.840134
0 0.03125 0.765625 0.03125 0.771875 0.025 0.778125 0.0234375 0.778125 0.0203125 0.78125 0.01875 0.78125 0.0171875 0.782812 0.015625 0.782812 0.0140625 0.784375 0.009375 0.784375 0.009375 0.8125 0.015625 0.8125 0.0171875 0.814062 0.0171875 0.817187 0.01875 0.81875 0.01875 0.828125 0.0203125 0.829687 0.0203125 0.83125 0.021875 0.83125 0.0234375 0.832812 0.0265625 0.832812 0.028125 0.834375 0.0359375 0.834375 0.0375 0.835938 0.05 0.835938 0.0515625 0.834375 0.05625 0.834375 0.0578125 0.832812 0.059375 0.832812 0.0609375 0.83125 0.0625 0.83125 0.0640625 0.829687 0.065625 0.829687 0.0671875 0.828125 0.0671875 0.825 0.06875 0.823438 0.06875 0.815625 0.075 0.809375 0.0765625 0.809375 0.0796875 0.80625 0.08125 0.80625 0.084375 0.803125 0.0890625 0.803125 0.0890625 0.798437 0.084375 0.798437 0.0828125 0.796875 0.0796875 0.796875 0.078125 0.795313 0.0765625 0.795313 0.0703125 0.789062 0.0703125 0.784375 0.06875 0.782812 0.06875 0.78125 0.0703125 0.779688 0.0703125 0.776563 0.06875 0.775 0.06875 0.771875 0.0671875 0.770312 0.0671875 0.765625 0.838258
0 0.289062 0.484375 0.289062 0.489062 0.285937 0.492188 0.284375 0.492188 0.28125 0.495313 0.28125 0.496875 0.279687 0.498437 0.279687 0.5 0.276563 0.503125 0.264062 0.503125 0.2625 0.504687 0.260938 0.504687 0.257812 0.507812 0.257812 0.517187 0.259375 0.51875 0.259375 0.523438 0.253125 0.529688 0.246875 0.529688 0.246875 0.540625 0.251563 0.540625 0.253125 0.542188 0.253125 0.54375 0.254687 0.545313 0.254687 0.546875 0.25625 0.548437 0.25625 0.55 0.257812 0.551562 0.257812 0.553125 0.259375 0.553125 0.264062 0.557813 0.264062 0.559375 0.265625 0.560938 0.265625 0.564062 0.267188 0.565625 0.267188 0.567187 0.265625 0.56875 0.265625 0.570312 0.267188 0.571875 0.267188 0.573438 0.26875 0.575 0.270312 0.575 0.271875 0.576563 0.285937 0.576563 0.2875 0.578125 0.290625 0.578125 0.292188 0.579687 0.29375 0.579687 0.295312 0.58125 0.296875 0.58125 0.298438 0.579687 0.3 0.579687 0.301562 0.578125 0.303125 0.578125 0.307813 0.573438 0.309375 0.573438 0.309375 0.571875 0.3125 0.56875 0.314063 0.56875 0.315625 0.567187 0.31875 0.567187 0.320312 0.56875 0.325 0.56875 0.326562 0.570312 0.329688 0.570312 0.33125 0.571875 0.340625 0.571875 0.342187 0.570312 0.34375 0.570312 0.348437 0.565625 0.348437 0.559375 0.346875 0.557813 0.346875 0.55625 0.345313 0.554688 0.345313 0.553125 0.339063 0.546875 0.339063 0.54375 0.340625 0.542188 0.340625 0.540625 0.342187 0.539062 0.34375 0.539062 0.345313 0.5375 0.346875 0.5375 0.348437 0.535937 0.35 0.535937 0.351562 0.534375 0.353125 0.534375 0.35625 0.53125 0.35625 0.528125 0.354688 0.526563 0.354688 0.523438 0.353125 0.521875 0.353125 0.520312 0.345313 0.5125 0.340625 0.5125 0.3375 0.509375 0.3375 0.501562 0.335938 0.5 0.335938 0.498437 0.332812 0.495313 0.33125 0.495313 0.329688 0.49375 0.328125 0.49375 0.326562 0.492188 0.325 0.49375 0.320312 0.49375 0.3125 0.501562 0.310937 0.501562 0.309375 0.503125 0.30625 0.503125 0.301562 0.498437 0.301562 0.496875 0.3 0.495313 0.3 0.49375 0.296875 0.490625 0.296875 0.484375 0.838116
0 0.6125 0.396875 0.6125 0.401563 0.610937 0.403125 0.610937 0.40625 0.609375 0.407813 0.609375 0.409375 0.607813 0.410937 0.60625 0.410937 0.601562 0.415625 0.6 0.415625 0.598437 0.417188 0.596875 0.417188 0.595312 0.41875 0.592188 0.41875 0.590625 0.420312 0.5875 0.420312 0.585938 0.421875 0.582812 0.421875 0.576563 0.428125 0.571875 0.428125 0.576563 0.428125 0.578125 0.429688 0.578125 0.432813 0.579687 0.434375 0.579687 0.4375 0.584375 0.442187 0.584375 0.44375 0.585938 0.445312 0.585938 0.448438 0.5875 0.45 0.5875 0.459375 0.582812 0.464063 0.58125 0.464063 0.58125 0.465625 0.579687 0.467187 0.579687 0.46875 0.578125 0.470313 0.58125 0.473437 0.582812 0.473437 0.584375 0.475 0.5875 0.475 0.589063 0.476562 0.592188 0.476562 0.59375 0.478125 0.595312 0.478125 0.6 0.482812 0.6 0.484375 0.601562 0.485938 0.601562 0.4875 0.604688 0.490625 0.604688 0.492188 0.60625 0.49375 0.609375 0.49375 0.610937 0.495313 0.614062 0.495313 0.615625 0.49375 0.61875 0.49375 0.620313 0.492188 0.621875 0.492188 0.623438 0.490625 0.625 0.490625 0.626562 0.489062 0.628125 0.489062 0.629687 0.4875 0.635938 0.4875 0.6375 0.489062 0.639063 0.489062 0.640625 0.490625 0.646875 0.490625 0.646875 0.489062 0.648438 0.4875 0.648438 0.485938 0.65 0.484375 0.65 0.476562 0.653125 0.473437 0.657812 0.473437 0.659375 0.475 0.664062 0.475 0.665625 0.476562 0.675 0.476562 0.675 0.475 0.676562 0.473437 0.676562 0.471875 0.675 0.470313 0.675 0.46875 0.673437 0.467187 0.673437 0.465625 0.671875 0.464063 0.671875 0.4625 0.670313 0.460938 0.66875 0.460938 0.660937 0.453125 0.660937 0.451562 0.665625 0.446875 0.66875 0.446875 0.670313 0.445312 0.671875 0.445312 0.670313 0.44375 0.670313 0.440625 0.66875 0.439063 0.667188 0.439063 0.65625 0.428125 0.654688 0.428125 0.651563 0.425 0.65 0.425 0.646875 0.421875 0.646875 0.420312 0.645312 0.41875 0.645312 0.417188 0.64375 0.415625 0.64375 0.414062 0.642187 0.4125 0.642187 0.407813 0.64375 0.40625 0.648438 0.40625 0.65 0.407813 0.651563 0.407813 0.653125 0.409375 0.654688 0.409375 0.65625 0.410937 0.671875 0.410937 0.673437 0.4125 0.678125 0.4125 0.689062 0.423438 0.695312 0.423438 0.695312 0.396875 0.836954
0 0.398438 0.490625 0.398438 0.495313 0.395312 0.498437 0.39375 0.498437 0.390625 0.501562 0.389062 0.501562 0.385938 0.504687 0.382812 0.504687 0.38125 0.50625 0.379687 0.50625 0.378125 0.507812 0.376563 0.507812 0.373437 0.510938 0.371875 0.510938 0.370313 0.5125 0.365625 0.5125 0.365625 0.548437 0.370313 0.548437 0.371875 0.55 0.373437 0.55 0.378125 0.554688 0.378125 0.55625 0.379687 0.557813 0.379687 0.560938 0.38125 0.5625 0.38125 0.565625 0.384375 0.56875 0.396875 0.56875 0.401563 0.573438 0.401563 0.575 0.403125 0.576563 0.403125 0.578125 0.409375 0.584375 0.410937 0.584375 0.4125 0.585938 0.417188 0.585938 0.41875 0.584375 0.420312 0.584375 0.420312 0.582812 0.421875 0.58125 0.421875 0.578125 0.423438 0.576563 0.423438 0.575 0.425 0.573438 0.425 0.571875 0.426562 0.570312 0.429688 0.570312 0.43125 0.571875 0.439063 0.571875 0.440625 0.570312 0.445312 0.570312 0.45 0.565625 0.451562 0.565625 0.451562 0.557813 0.45 0.55625 0.45 0.554688 0.446875 0.551562 0.446875 0.55 0.44375 0.546875 0.44375 0.545313 0.445312 0.54375 0.448438 0.54375 0.45 0.542188 0.453125 0.542188 0.45625 0.539062 0.45625 0.535937 0.457812 0.534375 0.457812 0.532812 0.45625 0.53125 0.45625 0.528125 0.448438 0.520312 0.448438 0.50625 0.446875 0.504687 0.446875 0.503125 0.445312 0.501562 0.445312 0.5 0.44375 0.5 0.440625 0.496875 0.439063 0.496875 0.4375 0.495313 0.4375 0.490625 0.83428
0 0.409375 0.396875 0.409375 0.401563 0.407813 0.403125 0.40625 0.403125 0.403125 0.40625 0.403125 0.409375 0.401563 0.410937 0.401563 0.414062 0.4 0.415625 0.4 0.41875 0.398438 0.420312 0.398438 0.421875 0.395312 0.425 0.39375 0.425 0.392188 0.426562 0.384375 0.426562 0.384375 0.439063 0.389062 0.439063 0.392188 0.442187 0.392188 0.445312 0.39375 0.446875 0.39375 0.457812 0.395312 0.459375 0.395312 0.4625 0.396875 0.464063 0.396875 0.467187 0.398438 0.46875 0.398438 0.470313 0.40625 0.478125 0.407813 0.478125 0.409375 0.479688 0.410937 0.479688 0.4125 0.48125 0.41875 0.48125 0.420312 0.482812 0.434375 0.482812 0.435937 0.48125 0.440625 0.48125 0.442187 0.479688 0.445312 0.479688 0.446875 0.478125 0.448438 0.478125 0.45 0.476562 0.454688 0.476562 0.45625 0.475 0.457812 0.475 0.4625 0.470313 0.4625 0.46875 0.464063 0.467187 0.464063 0.4625 0.465625 0.460938 0.465625 0.45 0.464063 0.448438 0.464063 0.445312 0.4625 0.44375 0.4625 0.442187 0.460938 0.440625 0.460938 0.439063 0.4625 0.4375 0.4625 0.435937 0.464063 0.434375 0.464063 0.432813 0.465625 0.43125 0.465625 0.429688 0.467187 0.428125 0.467187 0.426562 0.46875 0.425 0.46875 0.423438 0.470313 0.421875 0.470313 0.41875 0.471875 0.417188 0.471875 0.409375 0.470313 0.407813 0.470313 0.40625 0.467187 0.403125 0.467187 0.396875 0.453125 0.396875 0.453125 0.401563 0.451562 0.403125 0.446875 0.403125 0.445312 0.401563 0.445312 0.396875 0.425 0.396875 0.425 0.401563 0.421875 0.404687 0.417188 0.404687 0.415625 0.403125 0.410937 0.403125 0.409375 0.401563 0.832787
0 0.617188 0.871875 0.617188 0.878125 0.607813 0.8875 0.604688 0.8875 0.6 0.892187 0.6 0.89375 0.598437 0.895312 0.598437 0.896875 0.596875 0.898438 0.596875 0.9 0.595312 0.901563 0.590625 0.901563 0.590625 0.932813 0.595312 0.932813 0.596875 0.934375 0.598437 0.934375 0.6 0.935938 0.6 0.9375 0.60625 0.94375 0.60625 0.945312 0.607813 0.946875 0.609375 0.946875 0.610937 0.948438 0.6125 0.948438 0.614062 0.95 0.621875 0.95 0.623438 0.951563 0.629687 0.951563 0.63125 0.953125 0.63125 0.957812 0.635938 0.957812 0.635938 0.953125 0.6375 0.951563 0.640625 0.951563 0.642187 0.95 0.646875 0.95 0.648438 0.948438 0.65 0.948438 0.654688 0.94375 0.654688 0.942187 0.65625 0.940625 0.65625 0.935938 0.657812 0.934375 0.657812 0.932813 0.659375 0.93125 0.660937 0.93125 0.66875 0.923437 0.66875 0.915625 0.667188 0.914062 0.667188 0.903125 0.66875 0.901563 0.667188 0.9 0.667188 0.895312 0.665625 0.89375 0.665625 0.892187 0.660937 0.8875 0.660937 0.885938 0.654688 0.879687 0.654688 0.878125 0.653125 0.876562 0.653125 0.871875 0.829732
0 0.985937 0.378125 0.985937 0.382812 0.982813 0.385938 0.978125 0.385938 0.976562 0.3875 0.976562 0.389062 0.975 0.390625 0.973437 0.390625 0.971875 0.392188 0.960938 0.392188 0.959375 0.390625 0.951563 0.390625 0.946875 0.395312 0.948438 0.396875 0.948438 0.4 0.95 0.401563 0.95 0.403125 0.953125 0.40625 0.954687 0.40625 0.9625 0.414062 0.9625 0.417188 0.960938 0.41875 0.960938 0.420312 0.959375 0.421875 0.957812 0.421875 0.95625 0.423438 0.953125 0.423438 0.951563 0.425 0.94375 0.425 0.940625 0.428125 0.934375 0.428125 0.934375 0.439063 0.940625 0.439063 0.942187 0.440625 0.94375 0.440625 0.945312 0.442187 0.951563 0.442187 0.953125 0.44375 0.959375 0.44375 0.964063 0.448438 0.964063 0.45 0.965625 0.451562 0.965625 0.453125 0.971875 0.459375 0.971875 0.460938 0.973437 0.4625 0.973437 0.464063 0.975 0.465625 0.975 0.476562 0.976562 0.478125 0.976562 0.479688 0.978125 0.48125 0.982813 0.48125 0.984375 0.479688 0.985937 0.479688 0.9875 0.478125 0.989062 0.478125 0.990625 0.476562 0.992188 0.476562 0.99375 0.475 0.995313 0.475 0.996875 0.473437 0.998438 0.473437 0.998438 0.378125 0.828879
0 0.110937 0.859375 0.110937 0.865625 0.109375 0.867188 0.107813 0.867188 0.10625 0.86875 0.104687 0.86875 0.103125 0.870313 0.101562 0.870313 0.1 0.871875 0.0984375 0.871875 0.096875 0.873438 0.0953125 0.873438 0.0953125 0.875 0.0890625 0.88125 0.084375 0.88125 0.084375 0.910937 0.090625 0.910937 0.0921875 0.9125 0.0921875 0.914062 0.09375 0.914062 0.0953125 0.915625 0.096875 0.915625 0.1 0.91875 0.101562 0.91875 0.104687 0.921875 0.104687 0.926562 0.128125 0.926562 0.128125 0.921875 0.13125 0.91875 0.132812 0.91875 0.134375 0.917188 0.135937 0.917188 0.139062 0.914062 0.140625 0.914062 0.142188 0.9125 0.14375 0.9125 0.146875 0.909375 0.146875 0.907812 0.148438 0.90625 0.148438 0.901563 0.15 0.9 0.15 0.878125 0.148438 0.876562 0.148438 0.875 0.142188 0.86875 0.140625 0.86875 0.139062 0.867188 0.13125 0.867188 0.129688 0.865625 0.128125 0.865625 0.126563 0.864062 0.126563 0.859375 0.826895
0 0 0.290625 0 0.390625 0.0046875 0.390625 0.00625 0.389062 0.009375 0.389062 0.015625 0.382812 0.0265625 0.382812 0.0296875 0.379687 0.03125 0.379687 0.0328125 0.378125 0.034375 0.378125 0.034375 0.376563 0.0359375 0.375 0.0359375 0.373437 0.0375 0.371875 0.0375 0.370313 0.034375 0.367188 0.034375 0.364062 0.0328125 0.3625 0.0328125 0.34375 0.034375 0.342187 0.034375 0.340625 0.0421875 0.332812 0.0421875 0.325 0.040625 0.323438 0.040625 0.321875 0.0328125 0.314063 0.0328125 0.304688 0.034375 0.303125 0.034375 0.301562 0.0328125 0.3 0.0328125 0.290625 0.825316
0 0.35 0.771875 0.35 0.776563 0.346875 0.779688 0.345313 0.779688 0.34375 0.78125 0.342187 0.78125 0.340625 0.782812 0.339063 0.782812 0.3375 0.78125 0.334375 0.78125 0.332812 0.779688 0.329688 0.779688 0.328125 0.778125 0.326562 0.779688 0.325 0.779688 0.323438 0.78125 0.321875 0.78125 0.321875 0.782812 0.31875 0.785937 0.31875 0.7875 0.317187 0.789062 0.317187 0.790625 0.3125 0.795313 0.310937 0.795313 0.309375 0.796875 0.307813 0.796875 0.303125 0.801562 0.303125 0.807813 0.304688 0.809375 0.304688 0.815625 0.301562 0.81875 0.296875 0.81875 0.296875 0.84375 0.301562 0.84375 0.304688 0.846875 0.304688 0.848437 0.30625 0.85 0.30625 0.851562 0.3125 0.857813 0.326562 0.857813 0.328125 0.859375 0.346875 0.859375 0.348437 0.857813 0.35 0.857813 0.351562 0.85625 0.35625 0.85625 0.357812 0.854688 0.359375 0.854688 0.360938 0.853125 0.3625 0.853125 0.371875 0.84375 0.373437 0.84375 0.375 0.842188 0.376563 0.842188 0.379687 0.839063 0.38125 0.839063 0.3875 0.832812 0.3875 0.823438 0.385938 0.821875 0.385938 0.801562 0.384375 0.8 0.384375 0.796875 0.379687 0.792188 0.376563 0.792188 0.375 0.790625 0.371875 0.790625 0.370313 0.789062 0.367188 0.789062 0.3625 0.784375 0.3625 0.782812 0.357812 0.778125 0.357812 0.771875 0.819387
0 0.304688 0.684375 0.304688 0.690625 0.301562 0.69375 0.301562 0.695312 0.298438 0.698438 0.296875 0.698438 0.295312 0.7 0.29375 0.7 0.292188 0.701563 0.290625 0.701563 0.289062 0.703125 0.284375 0.703125 0.284375 0.753125 0.292188 0.753125 0.29375 0.754687 0.296875 0.754687 0.298438 0.75625 0.301562 0.75625 0.307813 0.7625 0.307813 0.764063 0.309375 0.765625 0.310937 0.765625 0.314063 0.76875 0.321875 0.76875 0.323438 0.767187 0.326562 0.767187 0.328125 0.765625 0.329688 0.765625 0.33125 0.767187 0.335938 0.767187 0.3375 0.76875 0.34375 0.76875 0.345313 0.770312 0.346875 0.76875 0.348437 0.76875 0.351562 0.765625 0.351562 0.764063 0.3625 0.753125 0.364062 0.753125 0.370313 0.746875 0.370313 0.745313 0.371875 0.74375 0.371875 0.7375 0.370313 0.735937 0.370313 0.732813 0.371875 0.73125 0.371875 0.729688 0.375 0.726562 0.375 0.71875 0.373437 0.717188 0.373437 0.710938 0.371875 0.709375 0.371875 0.70625 0.370313 0.704687 0.370313 0.703125 0.364062 0.696875 0.3625 0.696875 0.360938 0.695312 0.359375 0.695312 0.357812 0.69375 0.35625 0.69375 0.353125 0.690625 0.353125 0.684375 0.818766
0 0.2 0.484375 0.2 0.489062 0.196875 0.492188 0.189063 0.492188 0.1875 0.49375 0.182812 0.49375 0.175 0.501562 0.175 0.507812 0.173438 0.509375 0.173438 0.510938 0.170312 0.514063 0.16875 0.514063 0.167187 0.515625 0.160938 0.515625 0.159375 0.514063 0.159375 0.510938 0.157813 0.509375 0.153125 0.509375 0.153125 0.534375 0.157813 0.534375 0.159375 0.535937 0.159375 0.545313 0.1625 0.548437 0.1625 0.551562 0.164062 0.553125 0.164062 0.554688 0.167187 0.557813 0.167187 0.559375 0.171875 0.564062 0.171875 0.565625 0.178125 0.571875 0.190625 0.571875 0.192188 0.570312 0.198437 0.570312 0.2 0.56875 0.2125 0.56875 0.214062 0.570312 0.215625 0.56875 0.215625 0.567187 0.21875 0.564062 0.220313 0.564062 0.229687 0.554688 0.23125 0.554688 0.234375 0.551562 0.235938 0.551562 0.239063 0.548437 0.242188 0.548437 0.24375 0.546875 0.245312 0.546875 0.246875 0.545313 0.246875 0.54375 0.248437 0.542188 0.248437 0.540625 0.25 0.539062 0.25 0.534375 0.248437 0.532812 0.248437 0.53125 0.245312 0.528125 0.245312 0.520312 0.24375 0.51875 0.24375 0.514063 0.242188 0.5125 0.242188 0.510938 0.240625 0.509375 0.240625 0.507812 0.2375 0.504687 0.235938 0.504687 0.234375 0.503125 0.23125 0.503125 0.229687 0.504687 0.225 0.504687 0.223438 0.50625 0.220313 0.50625 0.217187 0.503125 0.215625 0.503125 0.214062 0.501562 0.214062 0.498437 0.2125 0.496875 0.2125 0.490625 0.210938 0.489062 0.210938 0.484375 0.816865
0 0.503125 0.5 0.492188 0.5 0.490625 0.501562 0.489062 0.501562 0.4875 0.503125 0.4875 0.507812 0.50625 0.507812 0.50625 0.503125 0.503125 0.5 0.507812 0.490625 0.509375 0.490625 0.510938 0.492188 0.5125 0.492188 0.514063 0.49375 0.515625 0.49375 0.517187 0.492188 0.51875 0.492188 0.520312 0.490625 0.520312 0.489062 0.528125 0.48125 0.532812 0.48125 0.534375 0.482812 0.535937 0.482812 0.5375 0.484375 0.539062 0.484375 0.54375 0.489062 0.545313 0.489062 0.546875 0.490625 0.551562 0.490625 0.553125 0.489062 0.554688 0.489062 0.554688 0.4875 0.564062 0.478125 0.564062 0.473437 0.565625 0.471875 0.565625 0.470313 0.567187 0.46875 0.570312 0.46875 0.573438 0.465625 0.575 0.465625 0.578125 0.4625 0.578125 0.460938 0.579687 0.459375 0.579687 0.457812 0.578125 0.45625 0.578125 0.454688 0.576563 0.453125 0.576563 0.451562 0.575 0.45 0.575 0.446875 0.573438 0.445312 0.573438 0.44375 0.570312 0.440625 0.570312 0.4375 0.56875 0.435937 0.56875 0.434375 0.570312 0.432813 0.570312 0.425 0.571875 0.423438 0.571875 0.41875 0.570312 0.417188 0.570312 0.414062 0.56875 0.4125 0.567187 0.4125 0.564062 0.409375 0.5625 0.409375 0.559375 0.40625 0.542188 0.40625 0.540625 0.407813 0.53125 0.407813 0.529688 0.409375 0.528125 0.409375 0.521875 0.403125 0.51875 0.403125 0.517187 0.401563 0.515625 0.401563 0.514063 0.4 0.5125 0.401563 0.510938 0.401563 0.509375 0.403125 0.504687 0.403125 0.503125 0.404687 0.489062 0.404687 0.479688 0.414062 0.478125 0.414062 0.470313 0.421875 0.470313 0.428125 0.46875 0.429688 0.467187 0.429688 0.465625 0.43125 0.459375 0.43125 0.459375 0.451562 0.465625 0.451562 0.467187 0.453125 0.46875 0.453125 0.471875 0.45625 0.471875 0.457812 0.473437 0.459375 0.473437 0.464063 0.475 0.465625 0.475 0.467187 0.476562 0.46875 0.476562 0.470313 0.478125 0.471875 0.478125 0.475 0.482812 0.479688 0.490625 0.479688 0.492188 0.48125 0.496875 0.48125 0.503125 0.4875 0.504687 0.4875 0.507812 0.490625 0.815747
0 0.65 0.790625 0.65 0.795313 0.648438 0.796875 0.648438 0.8 0.646875 0.801562 0.646875 0.804688 0.645312 0.80625 0.645312 0.807813 0.639063 0.814062 0.632812 0.814062 0.63125 0.815625 0.629687 0.815625 0.629687 0.817187 0.626562 0.820312 0.621875 0.820312 0.621875 0.821875 0.626562 0.821875 0.628125 0.823438 0.628125 0.825 0.629687 0.826563 0.629687 0.828125 0.63125 0.829687 0.63125 0.83125 0.632812 0.83125 0.634375 0.832812 0.634375 0.839063 0.632812 0.840625 0.632812 0.842188 0.63125 0.84375 0.63125 0.851562 0.632812 0.853125 0.632812 0.854688 0.634375 0.85625 0.635938 0.85625 0.642187 0.8625 0.642187 0.864062 0.645312 0.867188 0.646875 0.867188 0.648438 0.86875 0.65 0.86875 0.651563 0.870313 0.660937 0.870313 0.6625 0.871875 0.6625 0.876562 0.684375 0.876562 0.684375 0.870313 0.6875 0.867188 0.6875 0.865625 0.692187 0.860937 0.69375 0.860937 0.701563 0.853125 0.701563 0.85 0.703125 0.848437 0.703125 0.840625 0.701563 0.839063 0.701563 0.834375 0.7 0.832812 0.7 0.826563 0.698438 0.825 0.698438 0.820312 0.689062 0.810938 0.689062 0.809375 0.6875 0.807813 0.6875 0.803125 0.684375 0.8 0.684375 0.798437 0.68125 0.795313 0.68125 0.790625 0.66875 0.790625 0.66875 0.795313 0.665625 0.798437 0.6625 0.798437 0.660937 0.796875 0.659375 0.796875 0.657812 0.795313 0.657812 0.790625 0.812848
0 0.254687 0.384375 0.254687 0.392188 0.248437 0.398438 0.232812 0.398438 0.23125 0.4 0.23125 0.401563 0.229687 0.403125 0.229687 0.414062 0.226562 0.417188 0.225 0.417188 0.223438 0.41875 0.221875 0.41875 0.220313 0.420312 0.21875 0.420312 0.21875 0.423438 0.220313 0.425 0.220313 0.432813 0.221875 0.434375 0.221875 0.435937 0.223438 0.4375 0.223438 0.439063 0.225 0.440625 0.225 0.44375 0.226562 0.445312 0.226562 0.446875 0.225 0.448438 0.225 0.460938 0.226562 0.4625 0.226562 0.464063 0.228125 0.465625 0.2375 0.465625 0.239063 0.464063 0.242188 0.467187 0.242188 0.46875 0.24375 0.470313 0.24375 0.471875 0.25 0.478125 0.265625 0.478125 0.267188 0.476562 0.26875 0.476562 0.270312 0.475 0.271875 0.475 0.273438 0.473437 0.28125 0.473437 0.282813 0.475 0.289062 0.475 0.290625 0.476562 0.292188 0.475 0.295312 0.475 0.296875 0.473437 0.296875 0.4625 0.295312 0.460938 0.295312 0.459375 0.289062 0.453125 0.289062 0.451562 0.292188 0.448438 0.292188 0.445312 0.29375 0.44375 0.29375 0.440625 0.295312 0.439063 0.295312 0.432813 0.29375 0.43125 0.29375 0.429688 0.292188 0.428125 0.292188 0.417188 0.29375 0.415625 0.29375 0.409375 0.2875 0.403125 0.285937 0.403125 0.284375 0.401563 0.279687 0.401563 0.276563 0.398438 0.276563 0.396875 0.275 0.395312 0.275 0.384375 0.812435
0 0.971875 0.63125 0.970312 0.632812 0.970312 0.634375 0.9625 0.642187 0.9625 0.651563 0.965625 0.654688 0.965625 0.65625 0.967188 0.657812 0.967188 0.6625 0.96875 0.664062 0.964063 0.66875 0.9625 0.66875 0.959375 0.671875 0.957812 0.671875 0.951563 0.678125 0.946875 0.678125 0.946875 0.69375 0.951563 0.69375 0.953125 0.695312 0.95625 0.695312 0.960938 0.7 0.960938 0.703125 0.9625 0.704687 0.9625 0.707812 0.965625 0.710938 0.96875 0.710938 0.970312 0.709375 0.973437 0.709375 0.975 0.707812 0.978125 0.707812 0.979688 0.70625 0.9875 0.70625 0.989062 0.707812 0.992188 0.707812 0.996875 0.7125 0.998438 0.7125 0.998438 0.639063 0.990625 0.639063 0.985937 0.634375 0.984375 0.634375 0.982813 0.632812 0.979688 0.632812 0.978125 0.63125 0.811965
0 0.1875 0.671875 0.1875 0.676562 0.185937 0.678125 0.185937 0.68125 0.184375 0.682813 0.184375 0.684375 0.182812 0.685938 0.182812 0.6875 0.178125 0.692187 0.165625 0.692187 0.164062 0.69375 0.1625 0.69375 0.160938 0.695312 0.159375 0.695312 0.157813 0.696875 0.157813 0.698438 0.15625 0.7 0.15625 0.715625 0.154687 0.717188 0.154687 0.71875 0.151562 0.721875 0.146875 0.721875 0.146875 0.739062 0.151562 0.739062 0.15625 0.74375 0.157813 0.74375 0.1625 0.748438 0.164062 0.748438 0.173438 0.757812 0.175 0.757812 0.176563 0.759375 0.178125 0.759375 0.179688 0.760938 0.18125 0.760938 0.182812 0.7625 0.185937 0.7625 0.1875 0.764063 0.1875 0.770312 0.198437 0.770312 0.198437 0.764063 0.2 0.7625 0.201562 0.7625 0.203125 0.760938 0.21875 0.760938 0.220313 0.7625 0.221875 0.760938 0.223438 0.760938 0.229687 0.754687 0.229687 0.751562 0.23125 0.75 0.23125 0.746875 0.232812 0.745313 0.232812 0.739062 0.234375 0.7375 0.235938 0.7375 0.2375 0.735937 0.24375 0.735937 0.245312 0.7375 0.246875 0.735937 0.248437 0.735937 0.25 0.734375 0.25 0.726562 0.246875 0.723437 0.246875 0.721875 0.245312 0.720312 0.245312 0.7125 0.246875 0.710938 0.246875 0.707812 0.248437 0.70625 0.248437 0.704687 0.25 0.703125 0.25 0.701563 0.251563 0.7 0.251563 0.696875 0.25 0.695312 0.25 0.69375 0.246875 0.690625 0.242188 0.690625 0.240625 0.689062 0.2375 0.689062 0.235938 0.690625 0.234375 0.690625 0.228125 0.684375 0.228125 0.679688 0.226562 0.678125 0.226562 0.671875 0.810646
0 0.945312 0.809375 0.945312 0.815625 0.94375 0.817187 0.94375 0.820312 0.935938 0.828125 0.929688 0.828125 0.928125 0.829687 0.920313 0.829687 0.915625 0.834375 0.915625 0.835938 0.914062 0.8375 0.914062 0.85 0.915625 0.851562 0.915625 0.853125 0.91875 0.85625 0.91875 0.857813 0.920313 0.859375 0.920313 0.865625 0.91875 0.867188 0.91875 0.86875 0.917188 0.870313 0.915625 0.870313 0.914062 0.871875 0.914062 0.873438 0.910937 0.876562 0.910937 0.878125 0.907812 0.88125 0.903125 0.88125 0.903125 0.895312 0.907812 0.895312 0.915625 0.903125 0.917188 0.903125 0.91875 0.904688 0.920313 0.904688 0.923437 0.907812 0.925 0.907812 0.928125 0.910937 0.929688 0.910937 0.934375 0.915625 0.934375 0.917188 0.935938 0.91875 0.9375 0.91875 0.940625 0.921875 0.940625 0.923437 0.945312 0.928125 0.945312 0.929688 0.946875 0.93125 0.948438 0.93125 0.95 0.932813 0.960938 0.932813 0.9625 0.93125 0.979688 0.93125 0.98125 0.929688 0.998438 0.929688 0.998438 0.809375 0.984375 0.809375 0.984375 0.814062 0.979688 0.81875 0.979688 0.820312 0.971875 0.828125 0.970312 0.828125 0.96875 0.826563 0.965625 0.826563 0.9625 0.823438 0.960938 0.823438 0.959375 0.821875 0.959375 0.820312 0.957812 0.81875 0.957812 0.817187 0.95625 0.815625 0.95625 0.809375 0.808896
0 0.729688 0.134375 0.729688 0.139062 0.728125 0.140625 0.728125 0.14375 0.726562 0.145313 0.726562 0.148438 0.725 0.15 0.725 0.153125 0.71875 0.159375 0.717188 0.159375 0.714063 0.1625 0.7125 0.1625 0.7125 0.164062 0.709375 0.167187 0.707812 0.167187 0.70625 0.16875 0.704687 0.16875 0.703125 0.170312 0.698438 0.170312 0.696875 0.171875 0.690625 0.171875 0.690625 0.185937 0.695312 0.185937 0.696875 0.1875 0.696875 0.189063 0.698438 0.190625 0.698438 0.192188 0.701563 0.195312 0.7125 0.195312 0.714063 0.19375 0.715625 0.195312 0.71875 0.195312 0.723437 0.2 0.723437 0.201562 0.725 0.203125 0.725 0.210938 0.726562 0.2125 0.726562 0.215625 0.728125 0.217187 0.73125 0.217187 0.732813 0.215625 0.735937 0.215625 0.7375 0.214062 0.746875 0.214062 0.748438 0.215625 0.759375 0.215625 0.759375 0.2125 0.760938 0.210938 0.760938 0.209375 0.764063 0.20625 0.76875 0.20625 0.770312 0.207813 0.771875 0.207813 0.773438 0.20625 0.776563 0.20625 0.785937 0.196875 0.785937 0.195312 0.7875 0.19375 0.7875 0.189063 0.789062 0.1875 0.789062 0.185937 0.790625 0.184375 0.795313 0.184375 0.795313 0.173438 0.790625 0.173438 0.785937 0.16875 0.785937 0.167187 0.782812 0.164062 0.78125 0.164062 0.778125 0.160938 0.776563 0.160938 0.773438 0.157813 0.773438 0.15625 0.771875 0.154687 0.771875 0.153125 0.76875 0.15 0.759375 0.15 0.757812 0.151562 0.75625 0.151562 0.754687 0.153125 0.748438 0.153125 0.746875 0.151562 0.745313 0.151562 0.742188 0.148438 0.742188 0.146875 0.7375 0.142188 0.7375 0.140625 0.735937 0.139062 0.735937 0.134375 0.807998
0 0.384375 0.953125 0.384375 0.957812 0.373437 0.96875 0.373437 0.978125 0.371875 0.979688 0.371875 0.982813 0.370313 0.984375 0.365625 0.984375 0.365625 0.998438 0.445312 0.998438 0.445312 0.995313 0.446875 0.99375 0.451562 0.99375 0.451562 0.985937 0.446875 0.985937 0.445312 0.984375 0.44375 0.984375 0.442187 0.982813 0.440625 0.982813 0.4375 0.979688 0.4375 0.978125 0.435937 0.976562 0.435937 0.971875 0.434375 0.970312 0.434375 0.965625 0.429688 0.960938 0.428125 0.960938 0.425 0.957812 0.425 0.953125 0.806243
0 0.570312 0.785937 0.56875 0.7875 0.565625 0.7875 0.564062 0.789062 0.564062 0.790625 0.5625 0.792188 0.5625 0.79375 0.559375 0.796875 0.559375 0.798437 0.551562 0.80625 0.55 0.80625 0.542188 0.814062 0.542188 0.815625 0.540625 0.817187 0.540625 0.820312 0.539062 0.821875 0.534375 0.821875 0.534375 0.854688 0.539062 0.854688 0.546875 0.8625 0.548437 0.8625 0.553125 0.867188 0.554688 0.867188 0.55625 0.86875 0.557813 0.86875 0.559375 0.870313 0.560938 0.870313 0.5625 0.871875 0.56875 0.871875 0.570312 0.873438 0.573438 0.873438 0.575 0.871875 0.578125 0.871875 0.579687 0.873438 0.595312 0.873438 0.598437 0.870313 0.598437 0.86875 0.6 0.867188 0.6 0.8625 0.604688 0.857813 0.615625 0.857813 0.617188 0.85625 0.617188 0.853125 0.61875 0.851562 0.617188 0.85 0.617188 0.846875 0.615625 0.845312 0.615625 0.84375 0.614062 0.842188 0.614062 0.840625 0.6125 0.839063 0.6125 0.8375 0.614062 0.835938 0.614062 0.834375 0.615625 0.832812 0.617188 0.832812 0.61875 0.83125 0.620313 0.83125 0.623438 0.828125 0.623438 0.826563 0.621875 0.825 0.621875 0.820312 0.620313 0.81875 0.620313 0.817187 0.615625 0.8125 0.614062 0.8125 0.610937 0.809375 0.610937 0.798437 0.6125 0.796875 0.6125 0.795313 0.609375 0.792188 0.607813 0.792188 0.60625 0.790625 0.598437 0.790625 0.596875 0.789062 0.592188 0.789062 0.590625 0.7875 0.589063 0.7875 0.5875 0.789062 0.582812 0.789062 0.579687 0.785937 0.803969
0 0.01875 0.846875 0.01875 0.851562 0.0171875 0.853125 0.0171875 0.854688 0.0109375 0.860937 0.009375 0.860937 0.0078125 0.8625 0.003125 0.8625 0.003125 0.925 0.009375 0.925 0.0125 0.928125 0.0125 0.932813 0.0234375 0.932813 0.0234375 0.928125 0.028125 0.923437 0.0296875 0.923437 0.034375 0.91875 0.0375 0.91875 0.0390625 0.917188 0.046875 0.917188 0.0484375 0.915625 0.05 0.915625 0.0515625 0.914062 0.0515625 0.9125 0.053125 0.910937 0.053125 0.909375 0.0546875 0.907812 0.05625 0.907812 0.0578125 0.90625 0.0625 0.90625 0.0640625 0.904688 0.0671875 0.904688 0.06875 0.903125 0.06875 0.901563 0.0703125 0.9 0.0703125 0.898438 0.071875 0.896875 0.0765625 0.896875 0.071875 0.896875 0.0703125 0.895312 0.0703125 0.89375 0.06875 0.892187 0.06875 0.890625 0.0671875 0.889063 0.0671875 0.8875 0.0625 0.882812 0.0625 0.873438 0.0578125 0.86875 0.0546875 0.86875 0.053125 0.867188 0.0515625 0.867188 0.05 0.865625 0.0484375 0.865625 0.040625 0.857813 0.040625 0.85625 0.0390625 0.854688 0.0390625 0.853125 0.0375 0.851562 0.0375 0.846875 0.802408
0 0.451562 0.871875 0.451562 0.878125 0.439063 0.890625 0.434375 0.890625 0.434375 0.935938 0.440625 0.935938 0.44375 0.939062 0.446875 0.939062 0.448438 0.940625 0.45 0.940625 0.451562 0.942187 0.453125 0.942187 0.454688 0.94375 0.45625 0.94375 0.459375 0.946875 0.459375 0.951563 0.464063 0.951563 0.464063 0.946875 0.465625 0.945312 0.467187 0.945312 0.46875 0.94375 0.470313 0.94375 0.471875 0.942187 0.476562 0.942187 0.478125 0.940625 0.484375 0.940625 0.4875 0.9375 0.4875 0.935938 0.489062 0.934375 0.489062 0.932813 0.49375 0.928125 0.495313 0.928125 0.496875 0.926562 0.496875 0.925 0.5 0.921875 0.5 0.91875 0.503125 0.915625 0.507812 0.915625 0.507812 0.896875 0.501562 0.896875 0.498437 0.89375 0.498437 0.892187 0.496875 0.890625 0.496875 0.889063 0.495313 0.8875 0.495313 0.884375 0.4875 0.876562 0.4875 0.871875 0.798689
0 0.2 0.771875 0.2 0.776563 0.196875 0.779688 0.195312 0.779688 0.19375 0.78125 0.192188 0.78125 0.189063 0.784375 0.189063 0.785937 0.185937 0.789062 0.185937 0.790625 0.176563 0.8 0.171875 0.8 0.171875 0.828125 0.176563 0.828125 0.178125 0.829687 0.179688 0.829687 0.182812 0.832812 0.184375 0.832812 0.185937 0.834375 0.185937 0.835938 0.19375 0.84375 0.195312 0.84375 0.196875 0.845312 0.20625 0.845312 0.207813 0.846875 0.207813 0.851562 0.214062 0.851562 0.214062 0.846875 0.215625 0.845312 0.217187 0.845312 0.220313 0.842188 0.221875 0.842188 0.226562 0.8375 0.229687 0.8375 0.23125 0.835938 0.232812 0.835938 0.234375 0.834375 0.235938 0.834375 0.2375 0.832812 0.239063 0.832812 0.240625 0.83125 0.242188 0.83125 0.24375 0.829687 0.24375 0.828125 0.245312 0.826563 0.245312 0.821875 0.246875 0.820312 0.246875 0.817187 0.248437 0.815625 0.248437 0.810938 0.25 0.809375 0.248437 0.807813 0.248437 0.804688 0.246875 0.803125 0.246875 0.798437 0.245312 0.796875 0.245312 0.792188 0.246875 0.790625 0.245312 0.789062 0.245312 0.784375 0.242188 0.78125 0.240625 0.78125 0.239063 0.779688 0.2375 0.779688 0.235938 0.778125 0.234375 0.778125 0.232812 0.776563 0.232812 0.771875 0.797794
0 0.0234375 0.559375 0.0234375 0.564062 0.0203125 0.567187 0.01875 0.567187 0.0171875 0.56875 0.015625 0.56875 0.0140625 0.570312 0.0125 0.570312 0.0109375 0.571875 0.009375 0.571875 0.0078125 0.573438 0.003125 0.573438 0.0015625 0.575 0 0.575 0 0.634375 0.003125 0.634375 0.0078125 0.639063 0.0109375 0.639063 0.0125 0.640625 0.0140625 0.640625 0.015625 0.642187 0.0203125 0.642187 0.021875 0.64375 0.03125 0.64375 0.0328125 0.642187 0.034375 0.642187 0.0359375 0.640625 0.0375 0.640625 0.0421875 0.635938 0.04375 0.635938 0.0453125 0.634375 0.053125 0.634375 0.0546875 0.635938 0.0671875 0.635938 0.0703125 0.632812 0.0703125 0.63125 0.071875 0.629687 0.071875 0.623438 0.0703125 0.621875 0.0703125 0.614062 0.071875 0.6125 0.071875 0.610937 0.075 0.607813 0.075 0.604688 0.0765625 0.603125 0.0765625 0.6 0.075 0.598437 0.075 0.584375 0.0734375 0.582812 0.0734375 0.58125 0.071875 0.579687 0.071875 0.578125 0.0703125 0.576563 0.06875 0.576563 0.0640625 0.571875 0.0625 0.571875 0.0609375 0.570312 0.059375 0.570312 0.0578125 0.56875 0.053125 0.56875 0.0515625 0.567187 0.05 0.567187 0.0484375 0.565625 0.0484375 0.559375 0.795896
0 0.195312 0.853125 0.195312 0.859375 0.19375 0.860937 0.192188 0.860937 0.190625 0.8625 0.189063 0.8625 0.1875 0.864062 0.185937 0.864062 0.184375 0.865625 0.182812 0.865625 0.182812 0.867188 0.178125 0.871875 0.178125 0.873438 0.167187 0.884375 0.167187 0.885938 0.165625 0.8875 0.159375 0.8875 0.159375 0.914062 0.164062 0.914062 0.165625 0.915625 0.167187 0.915625 0.16875 0.917188 0.170312 0.917188 0.171875 0.91875 0.173438 0.91875 0.176563 0.921875 0.176563 0.923437 0.178125 0.925 0.178125 0.926562 0.179688 0.928125 0.182812 0.928125 0.184375 0.929688 0.201562 0.929688 0.203125 0.93125 0.2125 0.93125 0.214062 0.929688 0.215625 0.929688 0.217187 0.928125 0.21875 0.928125 0.220313 0.926562 0.221875 0.926562 0.226562 0.921875 0.228125 0.921875 0.232812 0.917188 0.232812 0.915625 0.234375 0.914062 0.234375 0.910937 0.235938 0.909375 0.235938 0.90625 0.2375 0.904688 0.2375 0.892187 0.235938 0.890625 0.235938 0.889063 0.234375 0.8875 0.234375 0.885938 0.232812 0.884375 0.232812 0.878125 0.234375 0.876562 0.234375 0.873438 0.235938 0.871875 0.235938 0.870313 0.234375 0.86875 0.234375 0.865625 0.232812 0.864062 0.23125 0.864062 0.229687 0.8625 0.225 0.8625 0.223438 0.860937 0.21875 0.860937 0.217187 0.859375 0.217187 0.853125 0.782893
0 0.314063 0.940625 0.314063 0.945312 0.3125 0.946875 0.3125 0.948438 0.310937 0.95 0.310937 0.951563 0.304688 0.957812 0.303125 0.957812 0.296875 0.964063 0.290625 0.964063 0.290625 0.998438 0.353125 0.998438 0.353125 0.995313 0.354688 0.99375 0.354688 0.992188 0.35625 0.990625 0.35625 0.989062 0.357812 0.9875 0.357812 0.984375 0.359375 0.982813 0.359375 0.976562 0.357812 0.975 0.357812 0.970312 0.35625 0.96875 0.35625 0.965625 0.354688 0.964063 0.354688 0.960938 0.353125 0.959375 0.351562 0.959375 0.35 0.957812 0.348437 0.957812 0.345313 0.954687 0.34375 0.954687 0.342187 0.953125 0.340625 0.953125 0.339063 0.951563 0.335938 0.951563 0.33125 0.946875 0.33125 0.940625 0.780563
0 0.126563 0.934375 0.126563 0.939062 0.125 0.940625 0.121875 0.940625 0.11875 0.94375 0.11875 0.954687 0.117188 0.95625 0.117188 0.959375 0.114063 0.9625 0.109375 0.9625 0.109375 0.998438 0.173438 0.998438 0.173438 0.992188 0.175 0.990625 0.175 0.95625 0.173438 0.954687 0.173438 0.953125 0.171875 0.951563 0.170312 0.951563 0.164062 0.945312 0.164062 0.94375 0.1625 0.942187 0.1625 0.934375 0.148438 0.934375 0.148438 0.939062 0.145313 0.942187 0.14375 0.942187 0.142188 0.94375 0.1375 0.94375 0.135937 0.942187 0.132812 0.942187 0.13125 0.940625 0.128125 0.940625 0.126563 0.939062 0.776634
0 0.10625 0.771875 0.10625 0.778125 0.103125 0.78125 0.103125 0.782812 0.101562 0.784375 0.101562 0.785937 0.1 0.7875 0.1 0.789062 0.0984375 0.790625 0.0984375 0.792188 0.096875 0.79375 0.096875 0.795313 0.0953125 0.796875 0.090625 0.796875 0.090625 0.828125 0.096875 0.828125 0.0984375 0.829687 0.0984375 0.83125 0.1 0.832812 0.101562 0.832812 0.103125 0.834375 0.114063 0.834375 0.123438 0.84375 0.125 0.84375 0.126563 0.845312 0.128125 0.845312 0.129688 0.84375 0.13125 0.84375 0.132812 0.842188 0.134375 0.842188 0.1375 0.839063 0.139062 0.839063 0.145313 0.832812 0.146875 0.832812 0.15 0.829687 0.15 0.828125 0.151562 0.826563 0.151562 0.823438 0.15625 0.81875 0.159375 0.81875 0.160938 0.817187 0.1625 0.817187 0.164062 0.815625 0.170312 0.815625 0.170312 0.807813 0.164062 0.807813 0.1625 0.80625 0.1625 0.804688 0.159375 0.801562 0.159375 0.796875 0.160938 0.795313 0.160938 0.79375 0.164062 0.790625 0.164062 0.789062 0.1625 0.7875 0.1625 0.785937 0.159375 0.782812 0.145313 0.782812 0.140625 0.778125 0.140625 0.771875 0.767569
0 0.925 0.921875 0.925 0.926562 0.923437 0.928125 0.923437 0.9375 0.921875 0.939062 0.921875 0.940625 0.920313 0.942187 0.91875 0.940625 0.91875 0.939062 0.915625 0.939062 0.914062 0.9375 0.9125 0.9375 0.910937 0.935938 0.909375 0.935938 0.90625 0.932813 0.904688 0.932813 0.901563 0.929688 0.9 0.93125 0.895312 0.93125 0.895312 0.932813 0.89375 0.934375 0.89375 0.9375 0.892187 0.939062 0.892187 0.940625 0.890625 0.942187 0.88125 0.942187 0.879687 0.940625 0.871875 0.940625 0.871875 0.998438 0.995313 0.998438 0.995313 0.971875 0.990625 0.971875 0.989062 0.973437 0.989062 0.976562 0.985937 0.979688 0.982813 0.979688 0.98125 0.98125 0.979688 0.98125 0.978125 0.982813 0.978125 0.985937 0.979688 0.9875 0.979688 0.990625 0.978125 0.992188 0.976562 0.992188 0.975 0.99375 0.973437 0.99375 0.971875 0.995313 0.967188 0.995313 0.965625 0.996875 0.959375 0.996875 0.95625 0.99375 0.95625 0.992188 0.954687 0.990625 0.954687 0.982813 0.95625 0.98125 0.95625 0.979688 0.959375 0.976562 0.960938 0.976562 0.964063 0.973437 0.964063 0.971875 0.965625 0.970312 0.965625 0.959375 0.964063 0.957812 0.964063 0.95625 0.9625 0.954687 0.9625 0.953125 0.957812 0.948438 0.957812 0.946875 0.95625 0.946875 0.953125 0.94375 0.951563 0.94375 0.945312 0.9375 0.94375 0.9375 0.939062 0.932813 0.939062 0.929688 0.9375 0.928125 0.9375 0.921875 0.765466
0 0 0.490625 0 0.56875 0.003125 0.56875 0.0046875 0.567187 0.009375 0.567187 0.0109375 0.565625 0.015625 0.565625 0.0171875 0.564062 0.0203125 0.564062 0.0296875 0.554688 0.03125 0.554688 0.0328125 0.553125 0.040625 0.553125 0.040625 0.545313 0.0375 0.542188 0.0375 0.523438 0.0390625 0.521875 0.0390625 0.520312 0.04375 0.515625 0.04375 0.514063 0.0390625 0.514063 0.0375 0.5125 0.034375 0.5125 0.0296875 0.507812 0.0296875 0.501562 0.028125 0.5 0.028125 0.490625 0.763635
0 0.85625 0.678125 0.85625 0.684375 0.854688 0.685938 0.853125 0.685938 0.845312 0.69375 0.84375 0.69375 0.842188 0.692187 0.839063 0.692187 0.8375 0.69375 0.832812 0.69375 0.829687 0.696875 0.829687 0.698438 0.828125 0.7 0.828125 0.703125 0.826563 0.704687 0.826563 0.710938 0.828125 0.7125 0.828125 0.714063 0.835938 0.721875 0.835938 0.726562 0.832812 0.729688 0.83125 0.729688 0.828125 0.732813 0.826563 0.732813 0.823438 0.735937 0.823438 0.740625 0.826563 0.74375 0.826563 0.745313 0.840625 0.745313 0.846875 0.751562 0.846875 0.753125 0.845312 0.754687 0.845312 0.7625 0.846875 0.764063 0.853125 0.764063 0.854688 0.7625 0.85625 0.7625 0.857813 0.760938 0.859375 0.760938 0.870313 0.75 0.871875 0.75 0.878125 0.74375 0.88125 0.74375 0.882812 0.742188 0.885938 0.742188 0.8875 0.74375 0.898438 0.74375 0.9 0.745313 0.904688 0.745313 0.90625 0.74375 0.907812 0.74375 0.910937 0.740625 0.910937 0.735937 0.909375 0.734375 0.909375 0.732813 0.907812 0.73125 0.90625 0.73125 0.904688 0.729688 0.903125 0.729688 0.898438 0.725 0.898438 0.723437 0.896875 0.721875 0.896875 0.720312 0.898438 0.71875 0.898438 0.717188 0.9 0.715625 0.9 0.714063 0.901563 0.7125 0.901563 0.710938 0.903125 0.709375 0.903125 0.704687 0.904688 0.703125 0.904688 0.701563 0.903125 0.7 0.903125 0.696875 0.901563 0.695312 0.9 0.695312 0.898438 0.69375 0.895312 0.69375 0.89375 0.695312 0.892187 0.695312 0.890625 0.696875 0.889063 0.696875 0.8875 0.698438 0.885938 0.698438 0.884375 0.7 0.879687 0.7 0.878125 0.701563 0.876562 0.7 0.876562 0.698438 0.875 0.696875 0.875 0.695312 0.8625 0.682813 0.8625 0.678125 0.702107
0 0.3625 0.865625 0.3625 0.870313 0.360938 0.871875 0.359375 0.871875 0.357812 0.873438 0.35625 0.873438 0.348437 0.88125 0.348437 0.882812 0.339063 0.892187 0.334375 0.892187 0.334375 0.920313 0.340625 0.920313 0.34375 0.923437 0.345313 0.923437 0.353125 0.93125 0.353125 0.932813 0.35625 0.935938 0.357812 0.935938 0.359375 0.9375 0.376563 0.9375 0.378125 0.935938 0.38125 0.935938 0.382812 0.934375 0.3875 0.934375 0.389062 0.932813 0.390625 0.932813 0.396875 0.926562 0.396875 0.923437 0.398438 0.921875 0.398438 0.920313 0.4 0.91875 0.4 0.917188 0.401563 0.915625 0.401563 0.914062 0.403125 0.9125 0.403125 0.910937 0.40625 0.907812 0.40625 0.903125 0.4 0.896875 0.398438 0.896875 0.389062 0.8875 0.389062 0.885938 0.385938 0.882812 0.385938 0.88125 0.384375 0.879687 0.382812 0.879687 0.38125 0.878125 0.378125 0.878125 0.376563 0.876562 0.375 0.876562 0.370313 0.871875 0.36875 0.871875 0.367188 0.870313 0.367188 0.865625 0.687152
0 0.409375 0.003125 0.409375 0.009375 0.414062 0.009375 0.415625 0.0109375 0.417188 0.0109375 0.420312 0.0140625 0.423438 0.0140625 0.425 0.015625 0.432813 0.015625 0.434375 0.0171875 0.439063 0.0171875 0.440625 0.01875 0.442187 0.01875 0.44375 0.0203125 0.445312 0.0203125 0.446875 0.021875 0.448438 0.021875 0.45 0.0234375 0.451562 0.0234375 0.457812 0.0296875 0.46875 0.0296875 0.470313 0.028125 0.475 0.028125 0.478125 0.025 0.478125 0.0234375 0.48125 0.0203125 0.48125 0.0140625 0.484375 0.0109375 0.498437 0.0109375 0.5 0.009375 0.5125 0.009375 0.514063 0.0078125 0.520312 0.0078125 0.520312 0.003125 0.665148
0 0.003125 0.015625 0.003125 0.104687 0.0078125 0.104687 0.015625 0.096875 0.0171875 0.096875 0.025 0.0890625 0.0265625 0.0890625 0.0296875 0.0859375 0.0296875 0.084375 0.0359375 0.078125 0.0359375 0.0765625 0.0390625 0.0734375 0.040625 0.0734375 0.04375 0.0703125 0.04375 0.0625 0.0421875 0.0609375 0.0421875 0.059375 0.040625 0.0578125 0.0390625 0.0578125 0.0375 0.05625 0.0359375 0.05625 0.034375 0.0546875 0.028125 0.0546875 0.0265625 0.053125 0.0265625 0.0515625 0.0296875 0.0484375 0.0296875 0.0453125 0.03125 0.04375 0.03125 0.0421875 0.0328125 0.040625 0.0328125 0.0359375 0.034375 0.034375 0.034375 0.028125 0.03125 0.028125 0.0296875 0.0265625 0.0265625 0.0265625 0.025 0.025 0.0234375 0.025 0.021875 0.0234375 0.0171875 0.0234375 0.0140625 0.0203125 0.0140625 0.015625 0.659056
0 0.317187 0.003125 0.317187 0.009375 0.320312 0.009375 0.321875 0.0109375 0.3375 0.0109375 0.342187 0.015625 0.342187 0.0171875 0.34375 0.01875 0.34375 0.0203125 0.345313 0.021875 0.345313 0.0234375 0.346875 0.025 0.348437 0.025 0.351562 0.028125 0.351562 0.0328125 0.357812 0.0328125 0.357812 0.028125 0.3625 0.0234375 0.364062 0.0234375 0.36875 0.01875 0.378125 0.01875 0.379687 0.0171875 0.382812 0.0171875 0.384375 0.015625 0.385938 0.015625 0.3875 0.0140625 0.389062 0.0140625 0.39375 0.009375 0.39375 0.003125 0.611125
0 0.564062 0.959375 0.564062 0.965625 0.5625 0.967188 0.5625 0.96875 0.560938 0.970312 0.560938 0.971875 0.559375 0.973437 0.557813 0.973437 0.554688 0.976562 0.553125 0.976562 0.546875 0.982813 0.540625 0.982813 0.540625 0.998438 0.614062 0.998438 0.614062 0.9875 0.607813 0.9875 0.604688 0.984375 0.603125 0.984375 0.601562 0.982813 0.6 0.982813 0.598437 0.98125 0.596875 0.98125 0.595312 0.979688 0.59375 0.979688 0.590625 0.976562 0.589063 0.976562 0.585938 0.973437 0.584375 0.973437 0.58125 0.970312 0.58125 0.96875 0.579687 0.967188 0.579687 0.959375 0.609697
0 0.975 0.484375 0.975 0.503125 0.973437 0.504687 0.973437 0.507812 0.96875 0.5125 0.96875 0.514063 0.960938 0.521875 0.959375 0.521875 0.957812 0.523438 0.953125 0.523438 0.953125 0.53125 0.959375 0.53125 0.960938 0.532812 0.967188 0.532812 0.96875 0.534375 0.971875 0.534375 0.976562 0.539062 0.976562 0.551562 0.978125 0.553125 0.979688 0.553125 0.98125 0.554688 0.982813 0.554688 0.984375 0.55625 0.985937 0.55625 0.989062 0.559375 0.990625 0.559375 0.992188 0.560938 0.99375 0.560938 0.995313 0.5625 0.998438 0.5625 0.998438 0.49375 0.995313 0.49375 0.99375 0.492188 0.985937 0.492188 0.982813 0.489062 0.982813 0.484375 0.592191
0 0.659375 0.959375 0.659375 0.964063 0.65625 0.967188 0.653125 0.967188 0.651563 0.96875 0.65 0.96875 0.639063 0.979688 0.6375 0.979688 0.632812 0.984375 0.628125 0.984375 0.628125 0.998438 0.745313 0.998438 0.745313 0.984375 0.739062 0.984375 0.735937 0.9875 0.734375 0.9875 0.728125 0.99375 0.726562 0.99375 0.725 0.992188 0.725 0.9875 0.723437 0.985937 0.723437 0.982813 0.71875 0.978125 0.71875 0.976562 0.714063 0.971875 0.7125 0.971875 0.707812 0.967188 0.70625 0.967188 0.703125 0.964063 0.703125 0.959375 0.692187 0.959375 0.692187 0.964063 0.690625 0.965625 0.689062 0.965625 0.6875 0.967188 0.675 0.967188 0.673437 0.965625 0.66875 0.965625 0.667188 0.964063 0.667188 0.959375 0.56712
0 0.945312 0 0.945312 0.0046875 0.94375 0.00625 0.94375 0.009375 0.940625 0.0125 0.940625 0.0140625 0.932813 0.021875 0.928125 0.021875 0.928125 0.05625 0.934375 0.05625 0.935938 0.0578125 0.939062 0.0578125 0.940625 0.059375 0.946875 0.059375 0.948438 0.0609375 0.95 0.0609375 0.951563 0.0625 0.951563 0.0640625 0.953125 0.065625 0.953125 0.0671875 0.951563 0.06875 0.951563 0.0703125 0.954687 0.0703125 0.954687 0.065625 0.95625 0.0640625 0.960938 0.0640625 0.9625 0.065625 0.965625 0.065625 0.967188 0.0671875 0.96875 0.0671875 0.970312 0.06875 0.971875 0.06875 0.973437 0.0703125 0.975 0.0703125 0.976562 0.071875 0.979688 0.071875 0.98125 0.0703125 0.984375 0.0703125 0.985937 0.06875 0.9875 0.06875 0.990625 0.065625 0.992188 0.065625 0.99375 0.0640625 0.995313 0.0640625 0.996875 0.0625 0.998438 0.0625 0.998438 0 0.551425
0 0 0.390625 0 0.470313 0.003125 0.470313 0.0046875 0.471875 0.009375 0.471875 0.0109375 0.470313 0.0140625 0.470313 0.015625 0.46875 0.015625 0.464063 0.0125 0.460938 0.0125 0.459375 0.0109375 0.457812 0.0109375 0.45625 0.009375 0.454688 0.009375 0.445312 0.0078125 0.44375 0.0078125 0.439063 0.0109375 0.435937 0.0109375 0.434375 0.0125 0.432813 0.0125 0.43125 0.0140625 0.429688 0.0140625 0.426562 0.0125 0.425 0.0125 0.423438 0.0109375 0.421875 0.0109375 0.4 0.009375 0.398438 0.009375 0.390625 0.535389
0 0.298438 0.003125 0.298438 0.0078125 0.3 0.0078125 0.301562 0.009375 0.3125 0.009375 0.314063 0.0078125 0.314063 0.003125 0.298438 0.003125 0.275 0.003125 0.20625 0.003125 0.20625 0.0078125 0.207813 0.009375 0.2125 0.009375 0.214062 0.0109375 0.220313 0.0109375 0.221875 0.0125 0.225 0.0125 0.226562 0.0140625 0.235938 0.0140625 0.239063 0.0109375 0.246875 0.0109375 0.248437 0.0125 0.251563 0.0125 0.253125 0.0140625 0.254687 0.0140625 0.257812 0.0171875 0.259375 0.0171875 0.260938 0.01875 0.265625 0.01875 0.26875 0.015625 0.270312 0.015625 0.273438 0.0125 0.273438 0.0109375 0.275 0.009375 0.275 0.003125 0.501584
