0 0.95 0.628125 0.95 0.632812 0.948438 0.634375 0.946875 0.634375 0.945312 0.635938 0.94375 0.635938 0.942187 0.634375 0.928125 0.634375 0.926562 0.635938 0.920313 0.635938 0.91875 0.6375 0.917188 0.6375 0.915625 0.639063 0.904688 0.639063 0.903125 0.6375 0.896875 0.6375 0.895312 0.639063 0.89375 0.639063 0.892187 0.640625 0.890625 0.640625 0.8875 0.64375 0.885938 0.64375 0.885938 0.645312 0.882812 0.648438 0.882812 0.651563 0.88125 0.653125 0.88125 0.6625 0.879687 0.664062 0.879687 0.66875 0.878125 0.670313 0.878125 0.671875 0.876562 0.673437 0.871875 0.673437 0.871875 0.679688 0.878125 0.679688 0.882812 0.684375 0.884375 0.684375 0.890625 0.690625 0.890625 0.695312 0.8875 0.698438 0.8875 0.7 0.884375 0.703125 0.882812 0.703125 0.879687 0.70625 0.878125 0.70625 0.876562 0.707812 0.871875 0.707812 0.871875 0.725 0.878125 0.725 0.88125 0.728125 0.882812 0.728125 0.884375 0.729688 0.890625 0.729688 0.892187 0.728125 0.89375 0.728125 0.895312 0.726562 0.896875 0.726562 0.898438 0.725 0.903125 0.725 0.90625 0.728125 0.90625 0.739062 0.914062 0.746875 0.917188 0.746875 0.91875 0.745313 0.921875 0.745313 0.923437 0.74375 0.929688 0.74375 0.93125 0.742188 0.939062 0.742188 0.940625 0.740625 0.946875 0.740625 0.948438 0.742188 0.95 0.742188 0.951563 0.74375 0.957812 0.74375 0.959375 0.742188 0.971875 0.742188 0.973437 0.740625 0.978125 0.740625 0.98125 0.7375 0.982813 0.7375 0.984375 0.735937 0.998438 0.735937 0.998438 0.660937 0.995313 0.660937 0.99375 0.659375 0.990625 0.659375 0.989062 0.657812 0.9875 0.657812 0.985937 0.65625 0.984375 0.65625 0.982813 0.654688 0.979688 0.654688 0.978125 0.653125 0.976562 0.653125 0.973437 0.65 0.971875 0.65 0.96875 0.646875 0.96875 0.645312 0.965625 0.642187 0.965625 0.640625 0.964063 0.639063 0.964063 0.6375 0.960938 0.634375 0.959375 0.634375 0.957812 0.632812 0.957812 0.628125 0.897994
0 0.635938 0.359375 0.635938 0.364062 0.639063 0.367188 0.639063 0.36875 0.640625 0.370313 0.640625 0.371875 0.639063 0.373437 0.639063 0.376563 0.6375 0.378125 0.6375 0.379687 0.635938 0.38125 0.634375 0.38125 0.63125 0.384375 0.629687 0.384375 0.628125 0.385938 0.626562 0.385938 0.625 0.3875 0.621875 0.3875 0.61875 0.390625 0.61875 0.39375 0.617188 0.395312 0.617188 0.398438 0.610937 0.404687 0.610937 0.40625 0.609375 0.407813 0.609375 0.409375 0.610937 0.410937 0.610937 0.4125 0.614062 0.415625 0.615625 0.415625 0.617188 0.417188 0.61875 0.417188 0.620313 0.41875 0.623438 0.41875 0.626562 0.421875 0.626562 0.428125 0.625 0.429688 0.625 0.43125 0.623438 0.432813 0.623438 0.434375 0.61875 0.439063 0.61875 0.440625 0.617188 0.442187 0.617188 0.446875 0.620313 0.45 0.621875 0.45 0.623438 0.451562 0.629687 0.451562 0.63125 0.45 0.634375 0.45 0.635938 0.448438 0.646875 0.448438 0.65 0.451562 0.65 0.453125 0.651563 0.454688 0.651563 0.457812 0.653125 0.459375 0.653125 0.464063 0.65625 0.467187 0.657812 0.467187 0.659375 0.46875 0.660937 0.46875 0.6625 0.467187 0.667188 0.467187 0.66875 0.465625 0.670313 0.465625 0.671875 0.464063 0.671875 0.4625 0.675 0.459375 0.675 0.457812 0.676562 0.45625 0.685938 0.45625 0.690625 0.460938 0.695312 0.460938 0.696875 0.459375 0.696875 0.457812 0.698438 0.45625 0.698438 0.448438 0.7 0.446875 0.7 0.445312 0.703125 0.442187 0.715625 0.442187 0.720312 0.4375 0.720312 0.43125 0.71875 0.429688 0.71875 0.428125 0.717188 0.426562 0.717188 0.425 0.715625 0.423438 0.715625 0.417188 0.717188 0.415625 0.717188 0.4125 0.71875 0.410937 0.71875 0.40625 0.720312 0.404687 0.720312 0.398438 0.71875 0.396875 0.71875 0.39375 0.714063 0.389062 0.714063 0.3875 0.704687 0.378125 0.703125 0.378125 0.7 0.375 0.698438 0.375 0.696875 0.373437 0.695312 0.373437 0.69375 0.371875 0.689062 0.371875 0.6875 0.370313 0.678125 0.370313 0.676562 0.36875 0.673437 0.36875 0.671875 0.367188 0.651563 0.367188 0.648438 0.364062 0.648438 0.359375 0.896974
0 0.1625 0.203125 0.1625 0.207813 0.157813 0.2125 0.15625 0.2125 0.154687 0.214062 0.153125 0.214062 0.15 0.217187 0.146875 0.217187 0.145313 0.21875 0.142188 0.21875 0.140625 0.220313 0.139062 0.220313 0.1375 0.221875 0.1375 0.23125 0.139062 0.232812 0.139062 0.234375 0.140625 0.235938 0.140625 0.2375 0.142188 0.239063 0.142188 0.24375 0.14375 0.245312 0.14375 0.248437 0.142188 0.25 0.142188 0.251563 0.139062 0.254687 0.1375 0.254687 0.135937 0.25625 0.134375 0.25625 0.132812 0.257812 0.128125 0.257812 0.128125 0.273438 0.132812 0.273438 0.134375 0.275 0.140625 0.275 0.14375 0.278125 0.14375 0.279687 0.145313 0.28125 0.145313 0.284375 0.139062 0.290625 0.139062 0.292188 0.135937 0.295312 0.135937 0.296875 0.1375 0.298438 0.139062 0.298438 0.142188 0.301562 0.14375 0.301562 0.145313 0.303125 0.154687 0.303125 0.15625 0.301562 0.159375 0.301562 0.160938 0.3 0.165625 0.3 0.167187 0.298438 0.170312 0.298438 0.171875 0.296875 0.173438 0.296875 0.175 0.295312 0.176563 0.295312 0.178125 0.29375 0.18125 0.29375 0.182812 0.292188 0.192188 0.292188 0.19375 0.29375 0.2125 0.29375 0.214062 0.295312 0.221875 0.295312 0.223438 0.29375 0.225 0.29375 0.226562 0.292188 0.228125 0.292188 0.228125 0.290625 0.229687 0.289062 0.229687 0.2875 0.23125 0.285937 0.23125 0.278125 0.232812 0.276563 0.232812 0.271875 0.235938 0.26875 0.2375 0.26875 0.240625 0.265625 0.245312 0.265625 0.245312 0.253125 0.240625 0.253125 0.2375 0.25 0.235938 0.25 0.232812 0.246875 0.232812 0.23125 0.23125 0.229687 0.23125 0.228125 0.220313 0.217187 0.2125 0.217187 0.210938 0.21875 0.207813 0.21875 0.20625 0.217187 0.201562 0.217187 0.2 0.215625 0.198437 0.215625 0.196875 0.214062 0.195312 0.214062 0.190625 0.209375 0.190625 0.203125 0.88858
0 0.214062 0.228125 0.209375 0.228125 0.209375 0.232812 0.214062 0.232812 0.214062 0.228125 0.226562 0.207813 0.228125 0.207813 0.23125 0.210938 0.232812 0.210938 0.234375 0.2125 0.2375 0.2125 0.239063 0.214062 0.245312 0.214062 0.246875 0.215625 0.257812 0.215625 0.259375 0.217187 0.265625 0.217187 0.267188 0.215625 0.28125 0.215625 0.282813 0.214062 0.284375 0.214062 0.284375 0.2125 0.2875 0.209375 0.2875 0.207813 0.290625 0.204688 0.295312 0.204688 0.296875 0.20625 0.298438 0.20625 0.3 0.207813 0.301562 0.207813 0.303125 0.209375 0.30625 0.209375 0.307813 0.210938 0.309375 0.210938 0.310937 0.209375 0.314063 0.209375 0.314063 0.207813 0.315625 0.20625 0.315625 0.19375 0.321875 0.1875 0.323438 0.1875 0.326562 0.184375 0.328125 0.184375 0.329688 0.182812 0.329688 0.18125 0.33125 0.179688 0.33125 0.167187 0.329688 0.165625 0.329688 0.1625 0.328125 0.160938 0.328125 0.157813 0.317187 0.146875 0.317187 0.134375 0.315625 0.132812 0.315625 0.128125 0.3125 0.125 0.310937 0.125 0.309375 0.123438 0.29375 0.123438 0.292188 0.125 0.289062 0.125 0.28125 0.117188 0.279687 0.117188 0.276563 0.114063 0.276563 0.109375 0.259375 0.109375 0.259375 0.115625 0.25 0.125 0.245312 0.125 0.24375 0.126563 0.2375 0.126563 0.235938 0.128125 0.234375 0.128125 0.232812 0.129688 0.23125 0.129688 0.226562 0.134375 0.226562 0.140625 0.228125 0.142188 0.228125 0.14375 0.229687 0.145313 0.229687 0.151562 0.228125 0.153125 0.226562 0.153125 0.225 0.154687 0.21875 0.154687 0.217187 0.15625 0.209375 0.15625 0.209375 0.171875 0.215625 0.171875 0.217187 0.173438 0.21875 0.173438 0.223438 0.178125 0.223438 0.184375 0.21875 0.189063 0.21875 0.192188 0.217187 0.19375 0.217187 0.195312 0.21875 0.196875 0.21875 0.2 0.220313 0.201562 0.220313 0.203125 0.221875 0.204688 0.223438 0.204688 0.226562 0.207813 0.881226
0 0.759375 0.415625 0.759375 0.432813 0.767187 0.432813 0.76875 0.43125 0.782812 0.43125 0.784375 0.432813 0.785937 0.432813 0.789062 0.435937 0.789062 0.44375 0.782812 0.45 0.78125 0.45 0.778125 0.453125 0.776563 0.453125 0.773438 0.45625 0.771875 0.45625 0.76875 0.459375 0.76875 0.460938 0.767187 0.4625 0.767187 0.465625 0.764063 0.46875 0.759375 0.46875 0.759375 0.479688 0.765625 0.479688 0.767187 0.48125 0.767187 0.492188 0.764063 0.495313 0.759375 0.495313 0.759375 0.498437 0.764063 0.498437 0.765625 0.5 0.765625 0.501562 0.771875 0.507812 0.773438 0.507812 0.775 0.509375 0.776563 0.509375 0.778125 0.510938 0.789062 0.510938 0.790625 0.5125 0.792188 0.5125 0.79375 0.514063 0.795313 0.514063 0.796875 0.515625 0.798437 0.515625 0.801562 0.51875 0.803125 0.51875 0.804688 0.520312 0.8125 0.520312 0.814062 0.51875 0.815625 0.51875 0.81875 0.515625 0.820312 0.515625 0.821875 0.514063 0.821875 0.5125 0.826563 0.507812 0.835938 0.517187 0.8375 0.517187 0.839063 0.51875 0.840625 0.51875 0.842188 0.520312 0.84375 0.520312 0.846875 0.523438 0.853125 0.523438 0.854688 0.521875 0.854688 0.51875 0.85625 0.517187 0.85625 0.5125 0.854688 0.510938 0.854688 0.509375 0.85625 0.507812 0.85625 0.50625 0.857813 0.504687 0.865625 0.504687 0.867188 0.503125 0.870313 0.503125 0.871875 0.501562 0.871875 0.5 0.873438 0.498437 0.873438 0.49375 0.875 0.492188 0.875 0.489062 0.88125 0.482812 0.88125 0.475 0.879687 0.473437 0.879687 0.471875 0.878125 0.470313 0.878125 0.464063 0.879687 0.4625 0.879687 0.454688 0.878125 0.453125 0.878125 0.451562 0.873438 0.446875 0.873438 0.445312 0.871875 0.44375 0.871875 0.442187 0.86875 0.439063 0.867188 0.439063 0.865625 0.4375 0.853125 0.4375 0.845312 0.429688 0.845312 0.428125 0.8375 0.420312 0.8375 0.415625 0.880356
0 0.196875 0.295312 0.195312 0.296875 0.179688 0.296875 0.178125 0.298438 0.176563 0.298438 0.175 0.3 0.173438 0.3 0.171875 0.301562 0.170312 0.301562 0.16875 0.303125 0.165625 0.303125 0.164062 0.304688 0.1625 0.304688 0.160938 0.30625 0.159375 0.30625 0.159375 0.307813 0.15625 0.310937 0.15625 0.314063 0.154687 0.315625 0.154687 0.317187 0.153125 0.31875 0.153125 0.320312 0.151562 0.321875 0.151562 0.323438 0.148438 0.326562 0.146875 0.326562 0.145313 0.328125 0.140625 0.328125 0.140625 0.342187 0.145313 0.342187 0.148438 0.345313 0.148438 0.35 0.15 0.351562 0.146875 0.354688 0.140625 0.354688 0.140625 0.36875 0.146875 0.36875 0.154687 0.376563 0.154687 0.378125 0.15625 0.379687 0.15625 0.38125 0.159375 0.384375 0.159375 0.385938 0.160938 0.3875 0.160938 0.389062 0.165625 0.39375 0.167187 0.39375 0.170312 0.396875 0.170312 0.398438 0.171875 0.4 0.171875 0.401563 0.173438 0.403125 0.173438 0.404687 0.176563 0.407813 0.178125 0.407813 0.18125 0.410937 0.182812 0.410937 0.185937 0.414062 0.185937 0.415625 0.1875 0.415625 0.189063 0.417188 0.195312 0.417188 0.196875 0.415625 0.198437 0.415625 0.201562 0.4125 0.203125 0.4125 0.204688 0.414062 0.20625 0.414062 0.207813 0.415625 0.209375 0.415625 0.210938 0.417188 0.2125 0.417188 0.214062 0.41875 0.220313 0.41875 0.221875 0.417188 0.221875 0.415625 0.223438 0.414062 0.223438 0.40625 0.225 0.404687 0.225 0.4 0.229687 0.395312 0.24375 0.395312 0.245312 0.39375 0.246875 0.39375 0.25 0.390625 0.251563 0.390625 0.257812 0.384375 0.257812 0.382812 0.25625 0.38125 0.25625 0.378125 0.25 0.371875 0.25 0.36875 0.248437 0.367188 0.248437 0.364062 0.253125 0.359375 0.254687 0.359375 0.25625 0.357812 0.25625 0.354688 0.257812 0.353125 0.257812 0.35 0.25625 0.348437 0.25625 0.346875 0.257812 0.345313 0.257812 0.34375 0.259375 0.342187 0.259375 0.340625 0.260938 0.339063 0.260938 0.335938 0.2625 0.334375 0.260938 0.332812 0.260938 0.33125 0.259375 0.329688 0.259375 0.328125 0.254687 0.323438 0.254687 0.321875 0.253125 0.320312 0.253125 0.31875 0.242188 0.307813 0.242188 0.30625 0.240625 0.304688 0.240625 0.303125 0.239063 0.301562 0.239063 0.3 0.2375 0.3 0.234375 0.296875 0.225 0.296875 0.223438 0.298438 0.21875 0.298438 0.217187 0.3 0.214062 0.3 0.210938 0.296875 0.209375 0.296875 0.207813 0.295312 0.87881
0 0.459375 0.309375 0.454688 0.314063 0.454688 0.320312 0.470313 0.320312 0.470313 0.309375 0.459375 0.309375 0.435937 0.289062 0.435937 0.2875 0.4375 0.285937 0.4375 0.284375 0.435937 0.282813 0.435937 0.271875 0.439063 0.26875 0.454688 0.26875 0.457812 0.265625 0.459375 0.265625 0.459375 0.257812 0.457812 0.25625 0.457812 0.246875 0.459375 0.245312 0.459375 0.228125 0.457812 0.226562 0.457812 0.225 0.45625 0.223438 0.45625 0.221875 0.454688 0.220313 0.454688 0.2125 0.453125 0.210938 0.453125 0.209375 0.45 0.20625 0.45 0.204688 0.448438 0.203125 0.448438 0.201562 0.446875 0.2 0.446875 0.198437 0.445312 0.198437 0.442187 0.195312 0.442187 0.190625 0.439063 0.190625 0.439063 0.195312 0.435937 0.198437 0.434375 0.198437 0.432813 0.2 0.43125 0.2 0.428125 0.203125 0.426562 0.203125 0.425 0.204688 0.423438 0.204688 0.421875 0.20625 0.414062 0.20625 0.410937 0.203125 0.410937 0.201562 0.409375 0.2 0.409375 0.190625 0.396875 0.190625 0.396875 0.196875 0.390625 0.203125 0.389062 0.203125 0.385938 0.20625 0.385938 0.207813 0.382812 0.210938 0.376563 0.210938 0.375 0.2125 0.3625 0.2125 0.360938 0.214062 0.359375 0.214062 0.35625 0.217187 0.35625 0.21875 0.354688 0.220313 0.354688 0.240625 0.353125 0.242188 0.353125 0.24375 0.351562 0.245312 0.35 0.245312 0.35 0.246875 0.345313 0.251563 0.340625 0.251563 0.345313 0.251563 0.346875 0.253125 0.35 0.253125 0.354688 0.257812 0.354688 0.260938 0.35625 0.2625 0.35625 0.26875 0.354688 0.270312 0.354688 0.276563 0.353125 0.278125 0.354688 0.279687 0.354688 0.285937 0.35625 0.2875 0.35625 0.290625 0.359375 0.29375 0.3625 0.29375 0.364062 0.295312 0.376563 0.295312 0.379687 0.298438 0.379687 0.30625 0.38125 0.307813 0.38125 0.309375 0.382812 0.310937 0.392188 0.310937 0.395312 0.307813 0.403125 0.307813 0.40625 0.304688 0.40625 0.303125 0.407813 0.301562 0.407813 0.3 0.414062 0.29375 0.415625 0.29375 0.41875 0.290625 0.420312 0.290625 0.421875 0.289062 0.435937 0.289062 0.875848
0 0.232812 0.521875 0.232812 0.526563 0.225 0.534375 0.223438 0.534375 0.221875 0.535937 0.21875 0.535937 0.217187 0.5375 0.215625 0.5375 0.214062 0.539062 0.214062 0.54375 0.2125 0.545313 0.2125 0.548437 0.210938 0.55 0.210938 0.554688 0.209375 0.55625 0.209375 0.565625 0.207813 0.567187 0.207813 0.56875 0.201562 0.575 0.196875 0.575 0.196875 0.589063 0.201562 0.589063 0.204688 0.592188 0.204688 0.59375 0.20625 0.595312 0.20625 0.598437 0.204688 0.6 0.204688 0.607813 0.20625 0.609375 0.20625 0.610937 0.2125 0.617188 0.2125 0.61875 0.215625 0.621875 0.215625 0.623438 0.21875 0.626562 0.220313 0.626562 0.221875 0.628125 0.221875 0.629687 0.223438 0.63125 0.225 0.63125 0.226562 0.632812 0.228125 0.632812 0.229687 0.634375 0.234375 0.634375 0.235938 0.635938 0.239063 0.635938 0.240625 0.6375 0.246875 0.6375 0.248437 0.639063 0.26875 0.639063 0.270312 0.640625 0.271875 0.639063 0.273438 0.639063 0.278125 0.634375 0.278125 0.632812 0.284375 0.626562 0.2875 0.626562 0.289062 0.625 0.296875 0.625 0.3 0.621875 0.3 0.620313 0.301562 0.61875 0.301562 0.614062 0.3 0.6125 0.3 0.607813 0.298438 0.60625 0.298438 0.604688 0.296875 0.603125 0.296875 0.596875 0.3 0.59375 0.304688 0.59375 0.30625 0.592188 0.307813 0.592188 0.3125 0.5875 0.3125 0.585938 0.314063 0.584375 0.314063 0.573438 0.309375 0.56875 0.304688 0.56875 0.303125 0.570312 0.298438 0.570312 0.296875 0.56875 0.295312 0.56875 0.290625 0.564062 0.290625 0.5625 0.289062 0.560938 0.289062 0.542188 0.2875 0.540625 0.2875 0.539062 0.282813 0.534375 0.28125 0.534375 0.279687 0.532812 0.267188 0.532812 0.265625 0.534375 0.264062 0.532812 0.260938 0.532812 0.25625 0.528125 0.25625 0.521875 0.246875 0.521875 0.246875 0.526563 0.245312 0.528125 0.24375 0.526563 0.24375 0.521875 0.875485
0 0.251563 0.703125 0.251563 0.707812 0.248437 0.710938 0.246875 0.710938 0.24375 0.714063 0.242188 0.714063 0.239063 0.717188 0.239063 0.71875 0.2375 0.720312 0.2375 0.728125 0.239063 0.729688 0.239063 0.73125 0.240625 0.732813 0.240625 0.735937 0.239063 0.7375 0.239063 0.740625 0.235938 0.74375 0.235938 0.745313 0.225 0.75625 0.223438 0.75625 0.220313 0.759375 0.220313 0.760938 0.21875 0.7625 0.21875 0.764063 0.217187 0.765625 0.217187 0.767187 0.215625 0.76875 0.215625 0.770312 0.214062 0.771875 0.209375 0.771875 0.209375 0.778125 0.214062 0.778125 0.217187 0.78125 0.217187 0.782812 0.21875 0.784375 0.21875 0.7875 0.228125 0.796875 0.228125 0.798437 0.229687 0.8 0.229687 0.810938 0.23125 0.8125 0.23125 0.814062 0.234375 0.817187 0.235938 0.817187 0.2375 0.81875 0.239063 0.81875 0.240625 0.820312 0.248437 0.820312 0.25 0.821875 0.254687 0.821875 0.25625 0.820312 0.2625 0.820312 0.264062 0.81875 0.265625 0.820312 0.267188 0.820312 0.270312 0.823438 0.271875 0.823438 0.273438 0.825 0.275 0.825 0.276563 0.826563 0.284375 0.826563 0.285937 0.828125 0.285937 0.83125 0.2875 0.83125 0.290625 0.834375 0.290625 0.839063 0.290625 0.834375 0.292188 0.832812 0.301562 0.832812 0.303125 0.834375 0.303125 0.839063 0.310937 0.839063 0.310937 0.83125 0.3125 0.829687 0.3125 0.825 0.310937 0.823438 0.310937 0.820312 0.3125 0.81875 0.3125 0.817187 0.315625 0.814062 0.317187 0.814062 0.31875 0.8125 0.328125 0.8125 0.328125 0.807813 0.329688 0.80625 0.329688 0.782812 0.328125 0.78125 0.328125 0.775 0.326562 0.773438 0.326562 0.770312 0.334375 0.7625 0.335938 0.7625 0.3375 0.760938 0.339063 0.760938 0.340625 0.759375 0.340625 0.751562 0.334375 0.745313 0.332812 0.745313 0.33125 0.74375 0.33125 0.742188 0.329688 0.740625 0.329688 0.726562 0.328125 0.725 0.328125 0.723437 0.325 0.720312 0.320312 0.720312 0.31875 0.71875 0.3125 0.71875 0.310937 0.717188 0.309375 0.717188 0.30625 0.714063 0.30625 0.710938 0.303125 0.707812 0.303125 0.703125 0.303125 0.707812 0.3 0.710938 0.296875 0.710938 0.295312 0.7125 0.292188 0.7125 0.290625 0.714063 0.284375 0.714063 0.278125 0.707812 0.278125 0.703125 0.873197
0 0.854688 0.246875 0.854688 0.257812 0.851562 0.260938 0.840625 0.260938 0.839063 0.259375 0.8375 0.259375 0.835938 0.257812 0.826563 0.257812 0.823438 0.260938 0.823438 0.2625 0.821875 0.264062 0.821875 0.265625 0.823438 0.267188 0.823438 0.270312 0.825 0.271875 0.825 0.273438 0.826563 0.273438 0.829687 0.276563 0.829687 0.279687 0.835938 0.285937 0.835938 0.2875 0.839063 0.290625 0.8375 0.292188 0.8375 0.296875 0.834375 0.3 0.834375 0.301562 0.83125 0.304688 0.83125 0.30625 0.826563 0.310937 0.825 0.310937 0.823438 0.3125 0.821875 0.3125 0.81875 0.315625 0.817187 0.315625 0.815625 0.317187 0.809375 0.317187 0.809375 0.334375 0.814062 0.334375 0.815625 0.335938 0.821875 0.335938 0.823438 0.3375 0.826563 0.3375 0.83125 0.342187 0.83125 0.34375 0.832812 0.345313 0.832812 0.351562 0.835938 0.354688 0.8375 0.354688 0.839063 0.35625 0.840625 0.35625 0.84375 0.359375 0.845312 0.359375 0.846875 0.360938 0.85 0.360938 0.851562 0.3625 0.857813 0.3625 0.859375 0.360938 0.8625 0.360938 0.864062 0.359375 0.871875 0.359375 0.873438 0.357812 0.876562 0.357812 0.878125 0.35625 0.885938 0.35625 0.8875 0.357812 0.890625 0.357812 0.892187 0.35625 0.898438 0.35625 0.9 0.354688 0.904688 0.354688 0.90625 0.353125 0.910937 0.353125 0.9125 0.351562 0.915625 0.351562 0.915625 0.35 0.91875 0.346875 0.91875 0.334375 0.920313 0.332812 0.921875 0.332812 0.923437 0.33125 0.928125 0.33125 0.932813 0.326562 0.932813 0.31875 0.93125 0.317187 0.93125 0.310937 0.929688 0.309375 0.929688 0.301562 0.928125 0.3 0.928125 0.298438 0.926562 0.296875 0.926562 0.29375 0.929688 0.290625 0.929688 0.289062 0.93125 0.2875 0.93125 0.279687 0.929688 0.278125 0.929688 0.276563 0.917188 0.264062 0.917188 0.2625 0.915625 0.260938 0.915625 0.259375 0.9125 0.25625 0.910937 0.25625 0.909375 0.254687 0.903125 0.254687 0.9 0.251563 0.9 0.246875 0.879687 0.246875 0.879687 0.253125 0.878125 0.254687 0.876562 0.254687 0.873438 0.251563 0.873438 0.246875 0.872532
0 0.440625 0.826563 0.435937 0.83125 0.435937 0.839063 0.470313 0.839063 0.470313 0.826563 0.465625 0.826563 0.464063 0.825 0.4625 0.825 0.460938 0.823438 0.460938 0.821875 0.459375 0.820312 0.451562 0.820312 0.448438 0.823438 0.446875 0.823438 0.445312 0.825 0.44375 0.825 0.442187 0.826563 0.440625 0.826563 0.414062 0.70625 0.41875 0.70625 0.420312 0.707812 0.421875 0.707812 0.423438 0.709375 0.425 0.709375 0.426562 0.710938 0.432813 0.710938 0.434375 0.7125 0.440625 0.7125 0.44375 0.715625 0.44375 0.717188 0.445312 0.71875 0.445312 0.728125 0.44375 0.729688 0.44375 0.73125 0.440625 0.734375 0.440625 0.735937 0.4375 0.739062 0.4375 0.740625 0.439063 0.742188 0.44375 0.742188 0.445312 0.74375 0.453125 0.74375 0.454688 0.745313 0.45625 0.745313 0.457812 0.746875 0.457812 0.748438 0.459375 0.75 0.459375 0.754687 0.457812 0.75625 0.457812 0.760938 0.45625 0.7625 0.45625 0.778125 0.454688 0.779688 0.454688 0.790625 0.453125 0.792188 0.453125 0.79375 0.451562 0.795313 0.45 0.795313 0.446875 0.798437 0.4375 0.798437 0.435937 0.8 0.434375 0.8 0.43125 0.803125 0.43125 0.809375 0.429688 0.810938 0.429688 0.815625 0.428125 0.815625 0.426562 0.817187 0.425 0.815625 0.421875 0.815625 0.420312 0.814062 0.41875 0.814062 0.415625 0.810938 0.407813 0.810938 0.40625 0.8125 0.404687 0.8125 0.4 0.817187 0.398438 0.817187 0.395312 0.820312 0.39375 0.820312 0.392188 0.821875 0.390625 0.821875 0.389062 0.823438 0.346875 0.703125 0.35 0.7 0.351562 0.7 0.353125 0.698438 0.354688 0.698438 0.35625 0.696875 0.357812 0.696875 0.357812 0.690625 0.321875 0.690625 0.321875 0.70625 0.329688 0.70625 0.33125 0.704687 0.342187 0.704687 0.34375 0.703125 0.346875 0.703125 0.389062 0.823438 0.3875 0.823438 0.382812 0.828125 0.38125 0.826563 0.379687 0.826563 0.375 0.821875 0.375 0.820312 0.371875 0.817187 0.3625 0.817187 0.360938 0.81875 0.35625 0.81875 0.354688 0.820312 0.351562 0.820312 0.351562 0.814062 0.346875 0.809375 0.345313 0.809375 0.339063 0.803125 0.339063 0.8 0.340625 0.798437 0.340625 0.796875 0.342187 0.795313 0.340625 0.79375 0.340625 0.790625 0.335938 0.785937 0.334375 0.785937 0.33125 0.782812 0.33125 0.779688 0.329688 0.778125 0.329688 0.773438 0.328125 0.771875 0.328125 0.770312 0.326562 0.76875 0.321875 0.76875 0.321875 0.75625 0.328125 0.75625 0.329688 0.754687 0.332812 0.754687 0.339063 0.748438 0.339063 0.745313 0.335938 0.742188 0.335938 0.739062 0.334375 0.7375 0.334375 0.732813 0.346875 0.720312 0.346875 0.71875 0.35 0.715625 0.35 0.714063 0.353125 0.710938 0.354688 0.710938 0.35625 0.709375 0.360938 0.709375 0.3625 0.710938 0.365625 0.710938 0.36875 0.714063 0.371875 0.714063 0.379687 0.70625 0.379687 0.704687 0.382812 0.701563 0.382812 0.698438 0.385938 0.695312 0.385938 0.690625 0.39375 0.690625 0.39375 0.695312 0.396875 0.698438 0.398438 0.698438 0.398438 0.7 0.401563 0.703125 0.401563 0.704687 0.403125 0.70625 0.404687 0.70625 0.407813 0.709375 0.409375 0.709375 0.410937 0.707812 0.4125 0.707812 0.414062 0.70625 0.870635
0 0.828125 0.853125 0.828125 0.857813 0.828125 0.853125 0.792188 0.848437 0.792188 0.845312 0.790625 0.845312 0.789062 0.84375 0.7875 0.84375 0.784375 0.840625 0.782812 0.840625 0.78125 0.839063 0.779688 0.839063 0.778125 0.8375 0.790625 0.810938 0.792188 0.810938 0.79375 0.809375 0.8125 0.809375 0.814062 0.810938 0.815625 0.810938 0.821875 0.817187 0.821875 0.81875 0.823438 0.820312 0.823438 0.823438 0.825 0.825 0.825 0.828125 0.826563 0.829687 0.826563 0.83125 0.829687 0.834375 0.829687 0.839063 0.83125 0.840625 0.832812 0.840625 0.834375 0.842188 0.835938 0.840625 0.839063 0.840625 0.842188 0.8375 0.842188 0.834375 0.845312 0.83125 0.853125 0.83125 0.854688 0.832812 0.85625 0.832812 0.857813 0.834375 0.859375 0.834375 0.860937 0.835938 0.8625 0.835938 0.864062 0.8375 0.867188 0.8375 0.86875 0.839063 0.873438 0.839063 0.875 0.840625 0.882812 0.840625 0.884375 0.839063 0.884375 0.8375 0.889063 0.832812 0.892187 0.832812 0.89375 0.83125 0.895312 0.83125 0.9 0.826563 0.9 0.825 0.904688 0.820312 0.90625 0.820312 0.907812 0.81875 0.909375 0.81875 0.910937 0.817187 0.9125 0.817187 0.915625 0.814062 0.915625 0.807813 0.914062 0.80625 0.914062 0.803125 0.9125 0.801562 0.9125 0.79375 0.914062 0.792188 0.914062 0.789062 0.915625 0.7875 0.915625 0.779688 0.914062 0.778125 0.914062 0.776563 0.9125 0.775 0.9125 0.773438 0.910937 0.771875 0.910937 0.7625 0.909375 0.760938 0.909375 0.75625 0.907812 0.754687 0.907812 0.753125 0.90625 0.751562 0.90625 0.75 0.901563 0.745313 0.901563 0.74375 0.898438 0.740625 0.898438 0.739062 0.896875 0.7375 0.895312 0.7375 0.89375 0.735937 0.8875 0.735937 0.885938 0.734375 0.876562 0.734375 0.875 0.735937 0.870313 0.735937 0.86875 0.734375 0.867188 0.734375 0.865625 0.732813 0.864062 0.732813 0.8625 0.734375 0.857813 0.734375 0.85625 0.735937 0.851562 0.735937 0.846875 0.73125 0.846875 0.729688 0.840625 0.723437 0.8375 0.723437 0.835938 0.721875 0.832812 0.721875 0.829687 0.725 0.829687 0.728125 0.826563 0.73125 0.825 0.73125 0.823438 0.732813 0.820312 0.732813 0.815625 0.728125 0.814062 0.728125 0.8125 0.726562 0.814062 0.725 0.814062 0.723437 0.815625 0.721875 0.815625 0.715625 0.810938 0.715625 0.810938 0.720312 0.809375 0.721875 0.807813 0.720312 0.807813 0.715625 0.795313 0.715625 0.795313 0.721875 0.796875 0.723437 0.796875 0.725 0.798437 0.726562 0.798437 0.7375 0.8 0.739062 0.8 0.74375 0.801562 0.745313 0.801562 0.751562 0.8 0.753125 0.798437 0.753125 0.796875 0.754687 0.79375 0.754687 0.792188 0.75625 0.7875 0.75625 0.785937 0.757812 0.771875 0.757812 0.771875 0.776563 0.778125 0.776563 0.778125 0.775 0.784375 0.76875 0.785937 0.76875 0.7875 0.767187 0.790625 0.767187 0.79375 0.770312 0.79375 0.771875 0.796875 0.775 0.796875 0.776563 0.803125 0.782812 0.803125 0.785937 0.801562 0.7875 0.801562 0.790625 0.789062 0.803125 0.789062 0.80625 0.7875 0.807813 0.790625 0.810938 0.778125 0.8375 0.771875 0.8375 0.771875 0.857813 0.789062 0.857813 0.789062 0.853125 0.790625 0.851562 0.790625 0.85 0.792188 0.848437 0.869127
0 0.371875 0.396875 0.371875 0.401563 0.376563 0.401563 0.376563 0.396875 0.371875 0.396875 0.359375 0.379687 0.360938 0.378125 0.360938 0.376563 0.3625 0.375 0.3625 0.373437 0.364062 0.371875 0.364062 0.370313 0.367188 0.367188 0.367188 0.365625 0.371875 0.360938 0.376563 0.360938 0.376563 0.339063 0.371875 0.339063 0.36875 0.335938 0.36875 0.334375 0.367188 0.332812 0.36875 0.33125 0.36875 0.325 0.367188 0.323438 0.367188 0.31875 0.3625 0.314063 0.360938 0.314063 0.359375 0.3125 0.357812 0.3125 0.351562 0.30625 0.351562 0.304688 0.35 0.303125 0.35 0.301562 0.345313 0.296875 0.339063 0.296875 0.3375 0.298438 0.33125 0.298438 0.329688 0.3 0.325 0.3 0.323438 0.298438 0.31875 0.298438 0.315625 0.295312 0.315625 0.290625 0.298438 0.290625 0.298438 0.295312 0.296875 0.296875 0.296875 0.3 0.292188 0.304688 0.290625 0.304688 0.284375 0.310937 0.28125 0.310937 0.279687 0.3125 0.278125 0.3125 0.276563 0.314063 0.275 0.314063 0.271875 0.317187 0.270312 0.317187 0.26875 0.31875 0.26875 0.320312 0.267188 0.321875 0.267188 0.328125 0.265625 0.329688 0.265625 0.33125 0.264062 0.332812 0.259375 0.332812 0.259375 0.34375 0.264062 0.34375 0.265625 0.345313 0.265625 0.346875 0.264062 0.348437 0.259375 0.348437 0.259375 0.357812 0.264062 0.357812 0.267188 0.360938 0.267188 0.3625 0.270312 0.365625 0.270312 0.367188 0.273438 0.370313 0.273438 0.371875 0.275 0.373437 0.275 0.375 0.282813 0.382812 0.292188 0.382812 0.29375 0.384375 0.295312 0.384375 0.296875 0.385938 0.301562 0.385938 0.307813 0.392188 0.309375 0.392188 0.310937 0.39375 0.315625 0.39375 0.31875 0.390625 0.320312 0.390625 0.320312 0.389062 0.321875 0.3875 0.321875 0.385938 0.325 0.382812 0.326562 0.382812 0.326562 0.38125 0.332812 0.375 0.335938 0.375 0.3375 0.373437 0.340625 0.373437 0.342187 0.375 0.34375 0.375 0.345313 0.376563 0.346875 0.376563 0.348437 0.378125 0.35 0.378125 0.351562 0.379687 0.359375 0.379687 0.865936
0 0.3125 0.359375 0.3125 0.364062 0.314063 0.365625 0.315625 0.365625 0.317187 0.367188 0.323438 0.367188 0.325 0.365625 0.33125 0.365625 0.332812 0.367188 0.334375 0.367188 0.339063 0.371875 0.340625 0.371875 0.342187 0.370313 0.348437 0.370313 0.351562 0.373437 0.351562 0.375 0.353125 0.376563 0.353125 0.378125 0.351562 0.379687 0.351562 0.38125 0.35 0.382812 0.35 0.384375 0.348437 0.385938 0.346875 0.385938 0.345313 0.3875 0.34375 0.3875 0.342187 0.385938 0.3375 0.385938 0.335938 0.384375 0.332812 0.384375 0.33125 0.385938 0.328125 0.385938 0.328125 0.3875 0.326562 0.389062 0.325 0.389062 0.323438 0.390625 0.321875 0.390625 0.320312 0.392188 0.317187 0.392188 0.315625 0.39375 0.310937 0.39375 0.309375 0.395312 0.30625 0.395312 0.304688 0.396875 0.29375 0.396875 0.292188 0.398438 0.290625 0.398438 0.2875 0.401563 0.2875 0.410937 0.289062 0.4125 0.289062 0.420312 0.278125 0.43125 0.278125 0.432813 0.276563 0.434375 0.276563 0.439063 0.278125 0.440625 0.279687 0.440625 0.28125 0.442187 0.282813 0.442187 0.284375 0.44375 0.285937 0.44375 0.290625 0.448438 0.290625 0.45 0.292188 0.451562 0.292188 0.453125 0.29375 0.454688 0.29375 0.45625 0.296875 0.459375 0.296875 0.460938 0.301562 0.465625 0.301562 0.467187 0.303125 0.46875 0.303125 0.473437 0.301562 0.475 0.301562 0.476562 0.304688 0.479688 0.3125 0.479688 0.314063 0.478125 0.315625 0.478125 0.317187 0.476562 0.317187 0.475 0.31875 0.473437 0.31875 0.471875 0.326562 0.464063 0.328125 0.464063 0.329688 0.4625 0.332812 0.4625 0.334375 0.460938 0.339063 0.460938 0.345313 0.467187 0.346875 0.467187 0.348437 0.46875 0.35 0.46875 0.351562 0.470313 0.351562 0.471875 0.353125 0.473437 0.353125 0.476562 0.35625 0.476562 0.357812 0.478125 0.359375 0.476562 0.359375 0.475 0.360938 0.473437 0.360938 0.471875 0.36875 0.464063 0.36875 0.459375 0.370313 0.457812 0.370313 0.454688 0.373437 0.451562 0.389062 0.451562 0.390625 0.45 0.390625 0.448438 0.392188 0.446875 0.392188 0.445312 0.390625 0.44375 0.390625 0.439063 0.389062 0.4375 0.389062 0.434375 0.3875 0.432813 0.3875 0.43125 0.389062 0.429688 0.389062 0.426562 0.390625 0.425 0.392188 0.425 0.395312 0.421875 0.395312 0.420312 0.390625 0.415625 0.389062 0.415625 0.3875 0.414062 0.382812 0.414062 0.378125 0.409375 0.378125 0.407813 0.38125 0.404687 0.38125 0.403125 0.382812 0.401563 0.382812 0.4 0.384375 0.398438 0.384375 0.396875 0.385938 0.395312 0.385938 0.385938 0.384375 0.384375 0.384375 0.382812 0.382812 0.382812 0.38125 0.384375 0.379687 0.384375 0.378125 0.385938 0.376563 0.385938 0.375 0.3875 0.370313 0.3875 0.36875 0.389062 0.3625 0.389062 0.360938 0.3875 0.360938 0.385938 0.359375 0.384375 0.359375 0.38125 0.360938 0.379687 0.360938 0.378125 0.3625 0.376563 0.3625 0.36875 0.357812 0.364062 0.357812 0.359375 0.3125 0.359375 0.30625 0.359375 0.289062 0.359375 0.289062 0.367188 0.2875 0.36875 0.2875 0.373437 0.289062 0.375 0.29375 0.375 0.295312 0.373437 0.296875 0.373437 0.298438 0.375 0.3 0.375 0.301562 0.376563 0.303125 0.375 0.303125 0.373437 0.30625 0.370313 0.30625 0.359375 0.86474
0 0.484375 0.003125 0.484375 0.0078125 0.479688 0.0125 0.478125 0.0125 0.476562 0.0140625 0.471875 0.0140625 0.470313 0.0125 0.46875 0.0125 0.467187 0.0109375 0.460938 0.0109375 0.45625 0.015625 0.45625 0.0171875 0.454688 0.01875 0.454688 0.0203125 0.45 0.025 0.445312 0.025 0.44375 0.0265625 0.442187 0.0265625 0.440625 0.028125 0.434375 0.028125 0.432813 0.0296875 0.43125 0.0296875 0.423438 0.0375 0.421875 0.0375 0.420312 0.0390625 0.415625 0.0390625 0.415625 0.0421875 0.421875 0.0421875 0.423438 0.040625 0.426562 0.040625 0.428125 0.0421875 0.428125 0.05 0.426562 0.0515625 0.425 0.0515625 0.423438 0.05 0.415625 0.05 0.415625 0.053125 0.421875 0.053125 0.426562 0.0578125 0.423438 0.0609375 0.421875 0.0609375 0.420312 0.0625 0.415625 0.0625 0.415625 0.0703125 0.421875 0.0703125 0.425 0.0734375 0.426562 0.0734375 0.429688 0.0765625 0.429688 0.0828125 0.428125 0.084375 0.428125 0.090625 0.425 0.09375 0.425 0.0953125 0.423438 0.096875 0.423438 0.0984375 0.421875 0.1 0.415625 0.1 0.415625 0.101562 0.421875 0.101562 0.423438 0.103125 0.428125 0.103125 0.429688 0.104687 0.432813 0.104687 0.435937 0.107813 0.439063 0.107813 0.440625 0.109375 0.446875 0.109375 0.448438 0.107813 0.454688 0.107813 0.45625 0.109375 0.457812 0.109375 0.464063 0.115625 0.467187 0.115625 0.46875 0.117188 0.471875 0.117188 0.473437 0.11875 0.475 0.11875 0.478125 0.121875 0.485938 0.121875 0.490625 0.117188 0.492188 0.117188 0.49375 0.115625 0.510938 0.115625 0.5125 0.114063 0.514063 0.114063 0.514063 0.1125 0.515625 0.110937 0.515625 0.109375 0.517187 0.107813 0.517187 0.10625 0.51875 0.104687 0.51875 0.101562 0.520312 0.1 0.520312 0.0953125 0.51875 0.09375 0.51875 0.0921875 0.517187 0.090625 0.517187 0.084375 0.521875 0.0796875 0.525 0.0796875 0.526563 0.078125 0.528125 0.078125 0.529688 0.0765625 0.529688 0.0734375 0.53125 0.071875 0.53125 0.0703125 0.529688 0.06875 0.529688 0.065625 0.523438 0.059375 0.523438 0.0515625 0.525 0.05 0.525 0.0484375 0.528125 0.0453125 0.528125 0.0390625 0.526563 0.0390625 0.520312 0.0328125 0.521875 0.03125 0.521875 0.021875 0.520312 0.0203125 0.509375 0.0203125 0.503125 0.0140625 0.503125 0.0125 0.501562 0.0109375 0.501562 0.003125 0.861805
0 0.639063 0.921875 0.639063 0.926562 0.635938 0.929688 0.634375 0.929688 0.629687 0.934375 0.628125 0.934375 0.626562 0.935938 0.625 0.935938 0.623438 0.9375 0.621875 0.9375 0.620313 0.939062 0.617188 0.939062 0.615625 0.940625 0.614062 0.940625 0.60625 0.948438 0.604688 0.948438 0.604688 0.95 0.603125 0.951563 0.590625 0.951563 0.590625 0.964063 0.601562 0.964063 0.603125 0.965625 0.603125 0.973437 0.604688 0.975 0.604688 0.992188 0.607813 0.995313 0.607813 0.998438 0.69375 0.998438 0.69375 0.992188 0.695312 0.990625 0.695312 0.9875 0.698438 0.984375 0.698438 0.982813 0.701563 0.979688 0.701563 0.978125 0.703125 0.976562 0.703125 0.971875 0.704687 0.970312 0.704687 0.967188 0.70625 0.965625 0.70625 0.964063 0.704687 0.9625 0.704687 0.959375 0.7 0.954687 0.7 0.953125 0.698438 0.951563 0.698438 0.95 0.696875 0.948438 0.696875 0.946875 0.695312 0.945312 0.695312 0.94375 0.69375 0.942187 0.69375 0.940625 0.689062 0.935938 0.6875 0.935938 0.684375 0.932813 0.682813 0.932813 0.68125 0.93125 0.679688 0.93125 0.678125 0.929688 0.675 0.929688 0.673437 0.928125 0.671875 0.928125 0.670313 0.926562 0.670313 0.921875 0.861375
0 0.434375 0.80625 0.429688 0.810938 0.429688 0.8125 0.426562 0.815625 0.425 0.815625 0.423438 0.817187 0.421875 0.817187 0.420312 0.81875 0.41875 0.817187 0.414062 0.817187 0.409375 0.8125 0.40625 0.8125 0.404687 0.810938 0.4 0.810938 0.398438 0.8125 0.395312 0.8125 0.39375 0.814062 0.390625 0.814062 0.389062 0.815625 0.3875 0.815625 0.3875 0.820312 0.379687 0.828125 0.359375 0.828125 0.357812 0.829687 0.354688 0.829687 0.351562 0.832812 0.346875 0.832812 0.346875 0.840625 0.353125 0.840625 0.360938 0.848437 0.360938 0.85 0.365625 0.854688 0.365625 0.85625 0.367188 0.857813 0.367188 0.859375 0.359375 0.867188 0.357812 0.867188 0.35625 0.86875 0.35625 0.871875 0.354688 0.873438 0.354688 0.878125 0.35625 0.879687 0.35625 0.88125 0.360938 0.885938 0.360938 0.8875 0.3625 0.889063 0.3625 0.892187 0.364062 0.89375 0.364062 0.896875 0.367188 0.9 0.367188 0.901563 0.36875 0.903125 0.36875 0.904688 0.370313 0.90625 0.370313 0.907812 0.371875 0.909375 0.371875 0.910937 0.373437 0.9125 0.373437 0.914062 0.375 0.915625 0.375 0.917188 0.378125 0.920313 0.39375 0.920313 0.396875 0.923437 0.398438 0.923437 0.4 0.925 0.403125 0.925 0.404687 0.926562 0.414062 0.926562 0.415625 0.925 0.417188 0.926562 0.428125 0.926562 0.432813 0.921875 0.432813 0.91875 0.434375 0.917188 0.434375 0.914062 0.439063 0.909375 0.440625 0.909375 0.442187 0.907812 0.457812 0.907812 0.464063 0.901563 0.464063 0.9 0.465625 0.898438 0.465625 0.896875 0.467187 0.895312 0.467187 0.889063 0.465625 0.8875 0.465625 0.884375 0.464063 0.882812 0.464063 0.875 0.465625 0.873438 0.465625 0.871875 0.467187 0.870313 0.467187 0.867188 0.46875 0.865625 0.46875 0.864062 0.470313 0.8625 0.470313 0.860937 0.471875 0.859375 0.471875 0.848437 0.470313 0.846875 0.471875 0.845312 0.471875 0.839063 0.473437 0.8375 0.473437 0.83125 0.471875 0.829687 0.471875 0.826563 0.459375 0.814062 0.457812 0.814062 0.45625 0.8125 0.453125 0.8125 0.451562 0.810938 0.448438 0.810938 0.446875 0.809375 0.44375 0.809375 0.442187 0.807813 0.440625 0.807813 0.439063 0.80625 0.860643
0 0.678125 0.832812 0.679688 0.83125 0.679688 0.829687 0.68125 0.828125 0.679688 0.826563 0.679688 0.825 0.678125 0.823438 0.678125 0.821875 0.676562 0.820312 0.671875 0.820312 0.671875 0.832812 0.678125 0.832812 0.682813 0.8375 0.68125 0.839063 0.68125 0.840625 0.678125 0.84375 0.671875 0.84375 0.671875 0.885938 0.679688 0.885938 0.68125 0.8875 0.682813 0.8875 0.684375 0.889063 0.685938 0.889063 0.6875 0.890625 0.690625 0.890625 0.692187 0.892187 0.69375 0.892187 0.695312 0.89375 0.703125 0.89375 0.704687 0.895312 0.709375 0.895312 0.710938 0.896875 0.7125 0.896875 0.715625 0.9 0.715625 0.903125 0.714063 0.904688 0.714063 0.90625 0.7125 0.907812 0.7125 0.909375 0.710938 0.910937 0.710938 0.914062 0.709375 0.915625 0.709375 0.917188 0.707812 0.91875 0.707812 0.921875 0.70625 0.923437 0.70625 0.928125 0.709375 0.93125 0.710938 0.93125 0.7125 0.932813 0.71875 0.932813 0.720312 0.93125 0.723437 0.93125 0.726562 0.928125 0.729688 0.928125 0.73125 0.926562 0.732813 0.926562 0.734375 0.925 0.739062 0.925 0.740625 0.926562 0.742188 0.926562 0.746875 0.93125 0.748438 0.93125 0.75 0.932813 0.751562 0.932813 0.753125 0.934375 0.75625 0.934375 0.757812 0.935938 0.765625 0.935938 0.767187 0.934375 0.770312 0.934375 0.773438 0.93125 0.775 0.93125 0.776563 0.929688 0.785937 0.929688 0.7875 0.93125 0.790625 0.93125 0.792188 0.929688 0.79375 0.929688 0.795313 0.928125 0.798437 0.928125 0.8 0.926562 0.804688 0.926562 0.80625 0.925 0.807813 0.925 0.809375 0.923437 0.809375 0.90625 0.807813 0.904688 0.807813 0.896875 0.809375 0.895312 0.809375 0.89375 0.8125 0.890625 0.8125 0.889063 0.814062 0.8875 0.814062 0.885938 0.815625 0.884375 0.815625 0.870313 0.810938 0.865625 0.809375 0.865625 0.807813 0.864062 0.80625 0.864062 0.804688 0.8625 0.801562 0.8625 0.798437 0.859375 0.798437 0.857813 0.8 0.85625 0.8 0.853125 0.801562 0.851562 0.801562 0.85 0.804688 0.846875 0.804688 0.842188 0.80625 0.840625 0.804688 0.839063 0.804688 0.8375 0.801562 0.834375 0.796875 0.834375 0.795313 0.832812 0.79375 0.834375 0.790625 0.834375 0.789062 0.832812 0.7875 0.832812 0.785937 0.83125 0.784375 0.83125 0.782812 0.829687 0.776563 0.829687 0.775 0.828125 0.773438 0.828125 0.771875 0.826563 0.770312 0.826563 0.76875 0.825 0.767187 0.825 0.765625 0.823438 0.764063 0.823438 0.7625 0.821875 0.760938 0.821875 0.751562 0.8125 0.748438 0.8125 0.746875 0.810938 0.745313 0.810938 0.74375 0.8125 0.735937 0.8125 0.734375 0.814062 0.728125 0.807813 0.728125 0.803125 0.703125 0.803125 0.703125 0.809375 0.696875 0.815625 0.696875 0.821875 0.695312 0.823438 0.695312 0.825 0.69375 0.826563 0.69375 0.828125 0.684375 0.8375 0.682813 0.8375 0.860297
0 0.645312 0.265625 0.645312 0.271875 0.64375 0.273438 0.64375 0.276563 0.635938 0.284375 0.634375 0.284375 0.629687 0.289062 0.629687 0.290625 0.625 0.295312 0.623438 0.295312 0.621875 0.296875 0.61875 0.296875 0.617188 0.295312 0.603125 0.295312 0.601562 0.296875 0.601562 0.298438 0.6 0.3 0.6 0.301562 0.598437 0.303125 0.598437 0.304688 0.596875 0.30625 0.596875 0.307813 0.590625 0.314063 0.5875 0.314063 0.585938 0.3125 0.578125 0.3125 0.578125 0.315625 0.590625 0.315625 0.592188 0.317187 0.595312 0.317187 0.596875 0.31875 0.598437 0.31875 0.6 0.320312 0.601562 0.320312 0.603125 0.321875 0.604688 0.321875 0.609375 0.326562 0.609375 0.334375 0.607813 0.335938 0.607813 0.339063 0.60625 0.340625 0.60625 0.342187 0.604688 0.34375 0.604688 0.346875 0.603125 0.348437 0.603125 0.353125 0.598437 0.357812 0.598437 0.359375 0.59375 0.364062 0.59375 0.365625 0.595312 0.367188 0.598437 0.367188 0.6 0.36875 0.609375 0.36875 0.610937 0.367188 0.614062 0.367188 0.615625 0.365625 0.617188 0.365625 0.61875 0.364062 0.620313 0.364062 0.621875 0.3625 0.626562 0.3625 0.629687 0.365625 0.628125 0.367188 0.628125 0.36875 0.626562 0.370313 0.626562 0.373437 0.625 0.375 0.625 0.376563 0.620313 0.38125 0.620313 0.384375 0.61875 0.385938 0.61875 0.395312 0.626562 0.395312 0.626562 0.390625 0.628125 0.389062 0.628125 0.3875 0.640625 0.375 0.640625 0.373437 0.646875 0.367188 0.648438 0.367188 0.651563 0.364062 0.654688 0.364062 0.65625 0.365625 0.66875 0.365625 0.670313 0.367188 0.679688 0.367188 0.68125 0.36875 0.6875 0.36875 0.689062 0.367188 0.690625 0.367188 0.69375 0.364062 0.69375 0.346875 0.695312 0.345313 0.696875 0.345313 0.698438 0.34375 0.703125 0.34375 0.704687 0.342187 0.70625 0.342187 0.707812 0.340625 0.709375 0.340625 0.710938 0.339063 0.710938 0.334375 0.709375 0.332812 0.707812 0.332812 0.701563 0.326562 0.701563 0.320312 0.703125 0.31875 0.703125 0.303125 0.701563 0.301562 0.701563 0.3 0.698438 0.296875 0.696875 0.296875 0.6875 0.2875 0.6875 0.278125 0.685938 0.276563 0.685938 0.265625 0.673437 0.265625 0.673437 0.270312 0.6625 0.28125 0.660937 0.28125 0.659375 0.282813 0.657812 0.282813 0.654688 0.279687 0.654688 0.278125 0.653125 0.276563 0.653125 0.265625 0.857359
0 0.5625 0.515625 0.5625 0.521875 0.559375 0.525 0.559375 0.526563 0.554688 0.53125 0.553125 0.53125 0.551562 0.532812 0.55 0.532812 0.548437 0.534375 0.546875 0.534375 0.534375 0.546875 0.534375 0.553125 0.532812 0.554688 0.532812 0.55625 0.53125 0.557813 0.53125 0.565625 0.532812 0.567187 0.532812 0.576563 0.53125 0.578125 0.53125 0.579687 0.528125 0.582812 0.528125 0.584375 0.520312 0.592188 0.515625 0.592188 0.515625 0.603125 0.520312 0.603125 0.525 0.607813 0.525 0.609375 0.526563 0.610937 0.526563 0.6125 0.534375 0.620313 0.534375 0.623438 0.535937 0.625 0.535937 0.629687 0.5375 0.63125 0.5375 0.632812 0.540625 0.635938 0.54375 0.635938 0.545313 0.6375 0.551562 0.6375 0.553125 0.635938 0.55625 0.635938 0.557813 0.634375 0.565625 0.634375 0.567187 0.635938 0.567187 0.6375 0.56875 0.639063 0.56875 0.642187 0.570312 0.64375 0.570312 0.651563 0.585938 0.651563 0.585938 0.64375 0.5875 0.642187 0.5875 0.640625 0.589063 0.639063 0.604688 0.639063 0.60625 0.6375 0.607813 0.6375 0.609375 0.635938 0.623438 0.635938 0.625 0.6375 0.632812 0.6375 0.634375 0.635938 0.635938 0.635938 0.635938 0.621875 0.634375 0.620313 0.634375 0.614062 0.635938 0.6125 0.635938 0.610937 0.6375 0.609375 0.6375 0.607813 0.639063 0.60625 0.639063 0.603125 0.640625 0.601562 0.640625 0.590625 0.648438 0.582812 0.648438 0.571875 0.646875 0.570312 0.646875 0.567187 0.645312 0.565625 0.645312 0.564062 0.64375 0.5625 0.64375 0.560938 0.640625 0.557813 0.640625 0.55625 0.639063 0.55625 0.6375 0.554688 0.632812 0.554688 0.63125 0.553125 0.629687 0.553125 0.628125 0.551562 0.629687 0.55 0.629687 0.545313 0.63125 0.54375 0.63125 0.542188 0.632812 0.540625 0.632812 0.5375 0.634375 0.535937 0.634375 0.528125 0.632812 0.528125 0.63125 0.526563 0.626562 0.526563 0.625 0.528125 0.615625 0.528125 0.614062 0.526563 0.6125 0.526563 0.609375 0.523438 0.607813 0.523438 0.604688 0.520312 0.604688 0.515625 0.6 0.515625 0.6 0.520312 0.598437 0.521875 0.590625 0.521875 0.589063 0.520312 0.589063 0.515625 0.856208
0 0.371875 0.284375 0.371875 0.292188 0.384375 0.292188 0.3875 0.295312 0.3875 0.3 0.385938 0.301562 0.385938 0.303125 0.384375 0.304688 0.384375 0.30625 0.382812 0.307813 0.382812 0.309375 0.384375 0.310937 0.389062 0.310937 0.390625 0.3125 0.390625 0.31875 0.3875 0.321875 0.385938 0.321875 0.384375 0.323438 0.384375 0.325 0.382812 0.326562 0.382812 0.332812 0.384375 0.334375 0.384375 0.346875 0.382812 0.348437 0.382812 0.357812 0.38125 0.359375 0.38125 0.365625 0.385938 0.370313 0.389062 0.370313 0.390625 0.371875 0.4125 0.371875 0.414062 0.370313 0.417188 0.370313 0.41875 0.36875 0.425 0.36875 0.426562 0.370313 0.435937 0.370313 0.4375 0.36875 0.440625 0.36875 0.442187 0.370313 0.448438 0.370313 0.45 0.36875 0.453125 0.36875 0.465625 0.35625 0.470313 0.35625 0.471875 0.354688 0.473437 0.354688 0.476562 0.351562 0.476562 0.35 0.478125 0.348437 0.478125 0.342187 0.479688 0.340625 0.479688 0.334375 0.478125 0.332812 0.478125 0.329688 0.476562 0.328125 0.476562 0.320312 0.48125 0.315625 0.48125 0.30625 0.479688 0.304688 0.479688 0.301562 0.478125 0.3 0.465625 0.3 0.464063 0.298438 0.460938 0.298438 0.45625 0.29375 0.454688 0.29375 0.453125 0.292188 0.451562 0.292188 0.45 0.290625 0.45 0.284375 0.856195
0 0.289062 0.209375 0.2875 0.210938 0.285937 0.210938 0.282813 0.214062 0.28125 0.214062 0.279687 0.215625 0.271875 0.215625 0.270312 0.217187 0.264062 0.217187 0.260938 0.220313 0.259375 0.220313 0.254687 0.225 0.253125 0.225 0.25 0.228125 0.25 0.254687 0.254687 0.259375 0.254687 0.2625 0.25625 0.264062 0.25625 0.265625 0.257812 0.265625 0.265625 0.273438 0.265625 0.276563 0.267188 0.278125 0.267188 0.284375 0.26875 0.285937 0.26875 0.290625 0.271875 0.29375 0.271875 0.295312 0.275 0.298438 0.282813 0.298438 0.284375 0.296875 0.290625 0.296875 0.292188 0.295312 0.296875 0.295312 0.298438 0.29375 0.310937 0.29375 0.3125 0.292188 0.315625 0.292188 0.315625 0.290625 0.31875 0.2875 0.31875 0.285937 0.321875 0.282813 0.340625 0.282813 0.34375 0.279687 0.34375 0.273438 0.342187 0.271875 0.342187 0.270312 0.340625 0.26875 0.340625 0.267188 0.339063 0.265625 0.339063 0.257812 0.340625 0.25625 0.340625 0.254687 0.342187 0.253125 0.342187 0.248437 0.340625 0.246875 0.340625 0.245312 0.342187 0.24375 0.342187 0.235938 0.340625 0.234375 0.340625 0.232812 0.3375 0.229687 0.335938 0.229687 0.334375 0.228125 0.332812 0.228125 0.33125 0.226562 0.329688 0.226562 0.325 0.221875 0.325 0.220313 0.323438 0.21875 0.323438 0.215625 0.320312 0.2125 0.307813 0.2125 0.30625 0.210938 0.303125 0.210938 0.301562 0.209375 0.855415
0 0.379687 0.621875 0.379687 0.628125 0.38125 0.629687 0.38125 0.63125 0.384375 0.634375 0.384375 0.635938 0.385938 0.635938 0.3875 0.6375 0.395312 0.6375 0.395312 0.621875 0.379687 0.621875 0.373437 0.628125 0.36875 0.628125 0.36875 0.621875 0.365625 0.639063 0.3625 0.639063 0.360938 0.6375 0.357812 0.6375 0.35625 0.635938 0.354688 0.635938 0.351562 0.632812 0.351562 0.628125 0.35 0.626562 0.35 0.621875 0.332812 0.621875 0.332812 0.629687 0.329688 0.632812 0.329688 0.634375 0.325 0.639063 0.323438 0.639063 0.321875 0.640625 0.317187 0.640625 0.315625 0.639063 0.3125 0.639063 0.309375 0.635938 0.303125 0.635938 0.301562 0.6375 0.295312 0.6375 0.295312 0.639063 0.29375 0.640625 0.292188 0.640625 0.289062 0.64375 0.289062 0.653125 0.292188 0.65625 0.292188 0.657812 0.29375 0.659375 0.29375 0.664062 0.290625 0.667188 0.289062 0.667188 0.278125 0.678125 0.271875 0.678125 0.271875 0.692187 0.276563 0.692187 0.278125 0.69375 0.28125 0.69375 0.2875 0.7 0.2875 0.701563 0.289062 0.703125 0.289062 0.704687 0.290625 0.70625 0.292188 0.70625 0.29375 0.707812 0.29375 0.7125 0.290625 0.715625 0.290625 0.717188 0.285937 0.721875 0.28125 0.721875 0.278125 0.71875 0.271875 0.71875 0.271875 0.732813 0.303125 0.732813 0.303125 0.715625 0.304688 0.714063 0.304688 0.7125 0.30625 0.710938 0.30625 0.709375 0.307813 0.707812 0.314063 0.707812 0.31875 0.7125 0.320312 0.7125 0.321875 0.714063 0.321875 0.715625 0.320312 0.717188 0.320312 0.71875 0.31875 0.720312 0.31875 0.721875 0.317187 0.723437 0.315625 0.723437 0.310937 0.728125 0.310937 0.732813 0.328125 0.732813 0.328125 0.721875 0.329688 0.720312 0.329688 0.71875 0.335938 0.7125 0.342187 0.7125 0.34375 0.714063 0.353125 0.714063 0.353125 0.710938 0.359375 0.704687 0.359375 0.703125 0.3625 0.7 0.364062 0.7 0.36875 0.695312 0.370313 0.695312 0.371875 0.69375 0.373437 0.69375 0.376563 0.690625 0.376563 0.6875 0.375 0.685938 0.375 0.678125 0.376563 0.676562 0.376563 0.675 0.385938 0.665625 0.385938 0.6625 0.384375 0.660937 0.384375 0.657812 0.373437 0.646875 0.373437 0.645312 0.371875 0.64375 0.371875 0.642187 0.370313 0.642187 0.36875 0.640625 0.367188 0.640625 0.365625 0.639063 0.36875 0.621875 0.373437 0.621875 0.373437 0.628125 0.853917
0 0.584375 0.634375 0.584375 0.639063 0.582812 0.640625 0.582812 0.642187 0.58125 0.64375 0.58125 0.645312 0.579687 0.646875 0.579687 0.648438 0.578125 0.65 0.578125 0.651563 0.575 0.654688 0.575 0.65625 0.573438 0.657812 0.573438 0.659375 0.564062 0.66875 0.559375 0.66875 0.559375 0.68125 0.564062 0.68125 0.570312 0.6875 0.570312 0.690625 0.565625 0.695312 0.559375 0.695312 0.559375 0.70625 0.564062 0.70625 0.567187 0.709375 0.567187 0.710938 0.570312 0.714063 0.570312 0.715625 0.571875 0.715625 0.573438 0.717188 0.575 0.717188 0.576563 0.71875 0.578125 0.71875 0.579687 0.720312 0.58125 0.720312 0.584375 0.723437 0.584375 0.725 0.585938 0.726562 0.585938 0.728125 0.589063 0.73125 0.590625 0.73125 0.592188 0.732813 0.6 0.732813 0.601562 0.734375 0.604688 0.734375 0.60625 0.732813 0.6125 0.732813 0.614062 0.734375 0.620313 0.734375 0.621875 0.735937 0.626562 0.735937 0.628125 0.7375 0.629687 0.735937 0.632812 0.735937 0.635938 0.732813 0.6375 0.732813 0.639063 0.73125 0.642187 0.73125 0.64375 0.729688 0.645312 0.729688 0.646875 0.728125 0.648438 0.728125 0.65 0.726562 0.651563 0.726562 0.65625 0.721875 0.65625 0.720312 0.657812 0.71875 0.657812 0.717188 0.659375 0.715625 0.659375 0.710938 0.660937 0.709375 0.660937 0.707812 0.6625 0.70625 0.6625 0.704687 0.665625 0.701563 0.665625 0.698438 0.667188 0.696875 0.667188 0.69375 0.665625 0.692187 0.665625 0.690625 0.667188 0.689062 0.667188 0.685938 0.670313 0.682813 0.670313 0.68125 0.671875 0.679688 0.671875 0.675 0.670313 0.673437 0.670313 0.671875 0.66875 0.670313 0.66875 0.66875 0.665625 0.665625 0.665625 0.664062 0.664062 0.664062 0.660937 0.660937 0.659375 0.660937 0.654688 0.65625 0.653125 0.65625 0.648438 0.651563 0.648438 0.65 0.646875 0.648438 0.646875 0.646875 0.64375 0.64375 0.64375 0.642187 0.640625 0.639063 0.640625 0.634375 0.623438 0.634375 0.623438 0.639063 0.621875 0.640625 0.620313 0.640625 0.61875 0.639063 0.61875 0.634375 0.85363
0 0.0921875 0.259375 0.0921875 0.267188 0.090625 0.26875 0.090625 0.270312 0.0890625 0.271875 0.0890625 0.273438 0.084375 0.278125 0.075 0.278125 0.0734375 0.279687 0.06875 0.279687 0.0671875 0.28125 0.065625 0.28125 0.0640625 0.282813 0.0625 0.282813 0.0609375 0.284375 0.059375 0.284375 0.059375 0.295312 0.0609375 0.296875 0.0609375 0.3 0.0625 0.301562 0.0625 0.304688 0.0640625 0.30625 0.0640625 0.309375 0.065625 0.310937 0.065625 0.315625 0.0671875 0.317187 0.0671875 0.325 0.06875 0.326562 0.06875 0.346875 0.0703125 0.348437 0.0703125 0.351562 0.0734375 0.354688 0.078125 0.354688 0.0796875 0.353125 0.0796875 0.35 0.08125 0.348437 0.08125 0.346875 0.0828125 0.345313 0.0828125 0.342187 0.0875 0.3375 0.090625 0.3375 0.0921875 0.339063 0.09375 0.339063 0.1 0.345313 0.1 0.346875 0.104687 0.351562 0.10625 0.351562 0.107813 0.353125 0.109375 0.353125 0.110937 0.354688 0.121875 0.354688 0.123438 0.353125 0.128125 0.353125 0.129688 0.351562 0.13125 0.351562 0.13125 0.35 0.132812 0.348437 0.132812 0.345313 0.13125 0.34375 0.13125 0.342187 0.129688 0.340625 0.129688 0.339063 0.128125 0.3375 0.128125 0.328125 0.129688 0.326562 0.13125 0.326562 0.132812 0.325 0.135937 0.325 0.1375 0.323438 0.139062 0.323438 0.140625 0.321875 0.142188 0.321875 0.14375 0.320312 0.145313 0.320312 0.146875 0.31875 0.146875 0.317187 0.148438 0.315625 0.148438 0.314063 0.146875 0.3125 0.146875 0.303125 0.145313 0.303125 0.14375 0.301562 0.142188 0.301562 0.13125 0.290625 0.13125 0.285937 0.132812 0.284375 0.132812 0.28125 0.134375 0.279687 0.134375 0.276563 0.13125 0.273438 0.129688 0.273438 0.128125 0.271875 0.121875 0.271875 0.120312 0.273438 0.114063 0.273438 0.1125 0.271875 0.110937 0.271875 0.104687 0.265625 0.104687 0.259375 0.851164
0 0.545313 0.278125 0.545313 0.282813 0.540625 0.2875 0.532812 0.2875 0.53125 0.285937 0.515625 0.285937 0.514063 0.2875 0.509375 0.2875 0.504687 0.292188 0.504687 0.29375 0.503125 0.295312 0.503125 0.303125 0.504687 0.304688 0.504687 0.30625 0.50625 0.307813 0.50625 0.310937 0.504687 0.3125 0.504687 0.314063 0.501562 0.317187 0.498437 0.317187 0.496875 0.315625 0.49375 0.31875 0.49375 0.326562 0.495313 0.328125 0.495313 0.33125 0.5 0.335938 0.5 0.3375 0.501562 0.339063 0.501562 0.340625 0.5 0.342187 0.5 0.346875 0.498437 0.348437 0.498437 0.353125 0.496875 0.354688 0.496875 0.360938 0.498437 0.3625 0.498437 0.364062 0.50625 0.371875 0.507812 0.371875 0.509375 0.373437 0.515625 0.373437 0.517187 0.375 0.51875 0.375 0.520312 0.376563 0.525 0.376563 0.526563 0.378125 0.528125 0.378125 0.529688 0.379687 0.53125 0.379687 0.532812 0.38125 0.534375 0.38125 0.535937 0.382812 0.5375 0.382812 0.539062 0.384375 0.540625 0.384375 0.542188 0.382812 0.54375 0.382812 0.545313 0.38125 0.546875 0.38125 0.551562 0.376563 0.554688 0.376563 0.55625 0.375 0.560938 0.375 0.5625 0.373437 0.579687 0.373437 0.582812 0.370313 0.582812 0.36875 0.58125 0.367188 0.58125 0.364062 0.582812 0.3625 0.582812 0.359375 0.584375 0.357812 0.584375 0.35625 0.585938 0.354688 0.585938 0.348437 0.5875 0.346875 0.5875 0.334375 0.589063 0.332812 0.589063 0.329688 0.590625 0.328125 0.590625 0.323438 0.592188 0.321875 0.5875 0.317187 0.5875 0.315625 0.584375 0.3125 0.582812 0.3125 0.58125 0.310937 0.579687 0.310937 0.576563 0.307813 0.576563 0.304688 0.575 0.303125 0.575 0.301562 0.576563 0.3 0.576563 0.289062 0.573438 0.285937 0.56875 0.285937 0.567187 0.2875 0.564062 0.2875 0.5625 0.289062 0.560938 0.289062 0.559375 0.290625 0.55625 0.290625 0.553125 0.2875 0.551562 0.2875 0.546875 0.282813 0.546875 0.278125 0.849626
0 0.459375 0.98125 0.459375 0.99375 0.464063 0.99375 0.467187 0.990625 0.46875 0.990625 0.46875 0.985937 0.467187 0.984375 0.467187 0.982813 0.465625 0.98125 0.459375 0.98125 0.459375 0.973437 0.464063 0.973437 0.465625 0.971875 0.465625 0.96875 0.467187 0.967188 0.467187 0.964063 0.475 0.9625 0.476562 0.9625 0.478125 0.964063 0.478125 0.965625 0.479688 0.967188 0.479688 0.96875 0.48125 0.970312 0.48125 0.975 0.482812 0.976562 0.48125 0.978125 0.48125 0.98125 0.479688 0.982813 0.479688 0.985937 0.48125 0.9875 0.48125 0.990625 0.482812 0.992188 0.482812 0.99375 0.484375 0.995313 0.484375 0.998438 0.5875 0.998438 0.5875 0.995313 0.589063 0.99375 0.589063 0.990625 0.590625 0.989062 0.590625 0.9875 0.592188 0.985937 0.592188 0.984375 0.595312 0.98125 0.595312 0.979688 0.596875 0.978125 0.596875 0.970312 0.595312 0.96875 0.595312 0.967188 0.59375 0.965625 0.59375 0.9625 0.592188 0.960938 0.592188 0.95 0.590625 0.948438 0.590625 0.946875 0.5875 0.94375 0.5875 0.942187 0.582812 0.9375 0.582812 0.935938 0.570312 0.923437 0.565625 0.923437 0.564062 0.925 0.564062 0.926562 0.559375 0.93125 0.557813 0.93125 0.55625 0.932813 0.554688 0.932813 0.553125 0.934375 0.551562 0.934375 0.55 0.932813 0.542188 0.932813 0.540625 0.93125 0.526563 0.93125 0.525 0.932813 0.51875 0.932813 0.517187 0.93125 0.514063 0.93125 0.5125 0.929688 0.509375 0.929688 0.507812 0.928125 0.504687 0.928125 0.503125 0.926562 0.501562 0.926562 0.5 0.925 0.498437 0.925 0.496875 0.923437 0.49375 0.923437 0.490625 0.926562 0.490625 0.929688 0.489062 0.93125 0.489062 0.934375 0.4875 0.935938 0.4875 0.939062 0.482812 0.94375 0.48125 0.94375 0.479688 0.945312 0.473437 0.945312 0.471875 0.946875 0.470313 0.946875 0.471875 0.948438 0.471875 0.953125 0.473437 0.954687 0.473437 0.957812 0.475 0.959375 0.475 0.9625 0.467187 0.964063 0.465625 0.964063 0.464063 0.9625 0.459375 0.9625 0.459375 0.973437 0.849323
0 0.617188 0.182812 0.615625 0.184375 0.615625 0.1875 0.614062 0.189063 0.614062 0.192188 0.6125 0.19375 0.6125 0.195312 0.610937 0.196875 0.610937 0.2 0.60625 0.204688 0.596875 0.204688 0.595312 0.203125 0.592188 0.203125 0.590625 0.201562 0.589063 0.201562 0.5875 0.203125 0.582812 0.203125 0.58125 0.204688 0.579687 0.204688 0.576563 0.207813 0.575 0.207813 0.575 0.217187 0.570312 0.221875 0.565625 0.221875 0.565625 0.226562 0.571875 0.226562 0.573438 0.228125 0.575 0.228125 0.576563 0.229687 0.578125 0.229687 0.584375 0.235938 0.584375 0.2375 0.585938 0.239063 0.585938 0.240625 0.573438 0.253125 0.573438 0.254687 0.570312 0.257812 0.565625 0.257812 0.565625 0.2625 0.570312 0.2625 0.571875 0.264062 0.576563 0.264062 0.578125 0.265625 0.579687 0.264062 0.585938 0.264062 0.5875 0.2625 0.614062 0.2625 0.617188 0.265625 0.617188 0.267188 0.620313 0.270312 0.620313 0.271875 0.621875 0.273438 0.623438 0.273438 0.628125 0.278125 0.629687 0.278125 0.63125 0.279687 0.634375 0.279687 0.635938 0.278125 0.6375 0.278125 0.642187 0.273438 0.642187 0.271875 0.645312 0.26875 0.651563 0.26875 0.653125 0.270312 0.6625 0.270312 0.664062 0.26875 0.665625 0.26875 0.667188 0.267188 0.66875 0.267188 0.671875 0.264062 0.671875 0.259375 0.670313 0.257812 0.66875 0.257812 0.657812 0.246875 0.657812 0.242188 0.659375 0.240625 0.659375 0.239063 0.667188 0.23125 0.667188 0.228125 0.66875 0.226562 0.667188 0.225 0.667188 0.221875 0.671875 0.217187 0.671875 0.215625 0.673437 0.214062 0.673437 0.210938 0.675 0.209375 0.675 0.207813 0.673437 0.20625 0.671875 0.20625 0.670313 0.204688 0.664062 0.204688 0.660937 0.201562 0.660937 0.195312 0.657812 0.192188 0.651563 0.192188 0.65 0.19375 0.648438 0.19375 0.646875 0.195312 0.645312 0.195312 0.64375 0.19375 0.642187 0.19375 0.640625 0.192188 0.639063 0.192188 0.634375 0.1875 0.632812 0.1875 0.629687 0.184375 0.628125 0.184375 0.626562 0.182812 0.848179
0 0.778125 0.551562 0.778125 0.553125 0.782812 0.553125 0.782812 0.551562 0.778125 0.551562 0.7625 0.551562 0.7625 0.545313 0.760938 0.54375 0.760938 0.542188 0.757812 0.539062 0.75625 0.539062 0.754687 0.5375 0.753125 0.5375 0.751562 0.535937 0.748438 0.535937 0.7375 0.525 0.735937 0.525 0.734375 0.523438 0.73125 0.523438 0.729688 0.521875 0.728125 0.521875 0.726562 0.520312 0.71875 0.520312 0.717188 0.51875 0.707812 0.51875 0.704687 0.521875 0.703125 0.521875 0.701563 0.523438 0.7 0.521875 0.696875 0.521875 0.689062 0.514063 0.689062 0.509375 0.671875 0.509375 0.671875 0.517187 0.670313 0.51875 0.670313 0.520312 0.66875 0.521875 0.66875 0.523438 0.664062 0.528125 0.660937 0.528125 0.659375 0.529688 0.657812 0.529688 0.653125 0.534375 0.653125 0.535937 0.651563 0.5375 0.651563 0.539062 0.65 0.540625 0.65 0.559375 0.653125 0.5625 0.653125 0.567187 0.651563 0.56875 0.65 0.567187 0.648438 0.567187 0.64375 0.5625 0.64375 0.560938 0.642187 0.559375 0.642187 0.557813 0.640625 0.55625 0.634375 0.55625 0.634375 0.60625 0.639063 0.60625 0.64375 0.601562 0.64375 0.589063 0.645312 0.5875 0.648438 0.5875 0.65 0.589063 0.65 0.590625 0.648438 0.592188 0.648438 0.598437 0.660937 0.610937 0.660937 0.6125 0.6625 0.614062 0.6625 0.63125 0.660937 0.632812 0.660937 0.634375 0.6625 0.635938 0.6625 0.6375 0.664062 0.639063 0.671875 0.639063 0.673437 0.6375 0.676562 0.6375 0.678125 0.635938 0.68125 0.635938 0.682813 0.634375 0.684375 0.635938 0.684375 0.639063 0.690625 0.645312 0.7 0.645312 0.701563 0.64375 0.704687 0.64375 0.70625 0.642187 0.707812 0.642187 0.709375 0.640625 0.7125 0.640625 0.714063 0.639063 0.720312 0.639063 0.721875 0.640625 0.734375 0.640625 0.735937 0.639063 0.7375 0.639063 0.739062 0.6375 0.745313 0.6375 0.746875 0.635938 0.748438 0.635938 0.75 0.634375 0.75 0.620313 0.75625 0.614062 0.759375 0.614062 0.760938 0.6125 0.765625 0.6125 0.76875 0.609375 0.770312 0.609375 0.770312 0.607813 0.771875 0.60625 0.771875 0.601562 0.770312 0.6 0.76875 0.6 0.765625 0.596875 0.765625 0.595312 0.760938 0.590625 0.760938 0.5875 0.759375 0.585938 0.759375 0.582812 0.760938 0.58125 0.760938 0.579687 0.764063 0.576563 0.764063 0.575 0.767187 0.571875 0.767187 0.570312 0.759375 0.5625 0.759375 0.557813 0.760938 0.55625 0.760938 0.553125 0.7625 0.551562 0.846677
0 0.85 0.646875 0.85 0.651563 0.857813 0.651563 0.857813 0.646875 0.854688 0.646875 0.853125 0.645312 0.851562 0.645312 0.85 0.646875 0.754687 0.545313 0.75625 0.546875 0.753125 0.560938 0.751562 0.5625 0.746875 0.5625 0.746875 0.585938 0.754687 0.585938 0.75625 0.5875 0.757812 0.5875 0.759375 0.589063 0.770312 0.589063 0.773438 0.592188 0.773438 0.595312 0.775 0.596875 0.775 0.603125 0.773438 0.604688 0.773438 0.609375 0.767187 0.615625 0.767187 0.61875 0.765625 0.620313 0.765625 0.621875 0.767187 0.623438 0.767187 0.626562 0.770312 0.629687 0.771875 0.629687 0.773438 0.63125 0.779688 0.63125 0.78125 0.629687 0.785937 0.629687 0.7875 0.628125 0.790625 0.628125 0.792188 0.626562 0.79375 0.626562 0.795313 0.625 0.798437 0.625 0.8 0.626562 0.801562 0.626562 0.804688 0.629687 0.80625 0.629687 0.807813 0.63125 0.821875 0.63125 0.828125 0.625 0.828125 0.623438 0.832812 0.61875 0.842188 0.61875 0.84375 0.620313 0.848437 0.620313 0.85 0.621875 0.853125 0.621875 0.85625 0.61875 0.857813 0.61875 0.859375 0.617188 0.859375 0.615625 0.860937 0.614062 0.860937 0.604688 0.8625 0.603125 0.8625 0.601562 0.86875 0.595312 0.86875 0.582812 0.865625 0.579687 0.865625 0.576563 0.864062 0.575 0.864062 0.567187 0.8625 0.565625 0.8625 0.564062 0.85625 0.557813 0.857813 0.55625 0.857813 0.553125 0.859375 0.551562 0.859375 0.546875 0.860937 0.545313 0.859375 0.54375 0.859375 0.539062 0.85625 0.535937 0.85625 0.534375 0.853125 0.53125 0.848437 0.53125 0.846875 0.529688 0.84375 0.529688 0.842188 0.53125 0.840625 0.53125 0.839063 0.529688 0.8375 0.529688 0.835938 0.528125 0.834375 0.528125 0.832812 0.526563 0.832812 0.525 0.83125 0.523438 0.829687 0.523438 0.826563 0.520312 0.826563 0.515625 0.8125 0.515625 0.8125 0.520312 0.810938 0.521875 0.809375 0.521875 0.807813 0.523438 0.80625 0.523438 0.804688 0.525 0.8 0.525 0.798437 0.523438 0.795313 0.523438 0.79375 0.521875 0.792188 0.521875 0.790625 0.520312 0.790625 0.515625 0.782812 0.515625 0.782812 0.520312 0.771875 0.53125 0.771875 0.540625 0.770312 0.542188 0.770312 0.54375 0.76875 0.545313 0.76875 0.546875 0.764063 0.551562 0.7625 0.551562 0.7625 0.553125 0.760938 0.554688 0.760938 0.557813 0.757812 0.560938 0.753125 0.560938 0.75625 0.546875 0.75625 0.55 0.754687 0.551562 0.754687 0.55625 0.753125 0.557813 0.746875 0.557813 0.746875 0.54375 0.751562 0.54375 0.753125 0.545313 0.754687 0.545313 0.844201
0 0.329688 0.651563 0.329688 0.646875 0.328125 0.645312 0.328125 0.642187 0.325 0.642187 0.323438 0.64375 0.320312 0.64375 0.31875 0.642187 0.309375 0.642187 0.309375 0.651563 0.329688 0.651563 0.339063 0.651563 0.364062 0.651563 0.364062 0.645312 0.3625 0.64375 0.3625 0.642187 0.432813 0.540625 0.420312 0.540625 0.415625 0.535937 0.4125 0.535937 0.410937 0.534375 0.409375 0.534375 0.396875 0.542188 0.39375 0.539062 0.39375 0.5375 0.389062 0.532812 0.389062 0.528125 0.384375 0.528125 0.384375 0.532812 0.382812 0.534375 0.382812 0.535937 0.376563 0.542188 0.375 0.542188 0.373437 0.54375 0.371875 0.54375 0.36875 0.540625 0.36875 0.539062 0.367188 0.5375 0.367188 0.535937 0.365625 0.534375 0.365625 0.528125 0.35 0.528125 0.35 0.534375 0.346875 0.5375 0.345313 0.5375 0.34375 0.539062 0.342187 0.539062 0.340625 0.540625 0.3375 0.540625 0.335938 0.542188 0.332812 0.542188 0.326562 0.548437 0.326562 0.55 0.325 0.551562 0.325 0.553125 0.323438 0.554688 0.323438 0.55625 0.321875 0.557813 0.321875 0.559375 0.317187 0.564062 0.317187 0.575 0.31875 0.576563 0.317187 0.578125 0.317187 0.58125 0.315625 0.582812 0.315625 0.592188 0.31875 0.595312 0.321875 0.595312 0.323438 0.596875 0.325 0.596875 0.329688 0.601562 0.329688 0.603125 0.326562 0.60625 0.326562 0.607813 0.325 0.609375 0.325 0.617188 0.33125 0.623438 0.33125 0.625 0.332812 0.626562 0.332812 0.63125 0.334375 0.632812 0.3375 0.632812 0.339063 0.63125 0.348437 0.63125 0.35 0.632812 0.353125 0.632812 0.354688 0.63125 0.3625 0.63125 0.364062 0.632812 0.36875 0.632812 0.370313 0.634375 0.375 0.634375 0.376563 0.632812 0.38125 0.6375 0.384375 0.6375 0.385938 0.639063 0.390625 0.639063 0.392188 0.6375 0.39375 0.6375 0.396875 0.634375 0.396875 0.629687 0.395312 0.628125 0.395312 0.625 0.396875 0.623438 0.396875 0.621875 0.4 0.61875 0.414062 0.61875 0.415625 0.617188 0.417188 0.617188 0.41875 0.615625 0.41875 0.607813 0.415625 0.604688 0.415625 0.603125 0.414062 0.601562 0.414062 0.6 0.4125 0.598437 0.4125 0.596875 0.410937 0.595312 0.410937 0.592188 0.409375 0.590625 0.409375 0.589063 0.410937 0.5875 0.410937 0.585938 0.417188 0.579687 0.41875 0.579687 0.420312 0.578125 0.421875 0.578125 0.421875 0.576563 0.423438 0.575 0.423438 0.570312 0.421875 0.56875 0.421875 0.567187 0.420312 0.565625 0.41875 0.565625 0.415625 0.5625 0.401563 0.5625 0.398438 0.559375 0.398438 0.545313 0.396875 0.54375 0.396875 0.542188 0.409375 0.534375 0.407813 0.532812 0.407813 0.528125 0.432813 0.528125 0.432813 0.540625 0.3625 0.642187 0.360938 0.642187 0.359375 0.640625 0.345313 0.640625 0.339063 0.646875 0.339063 0.651563 0.843394
0 0.889063 0.539062 0.875 0.539062 0.873438 0.540625 0.871875 0.540625 0.871875 0.545313 0.889063 0.545313 0.889063 0.539062 0.892187 0.534375 0.896875 0.534375 0.901563 0.529688 0.903125 0.529688 0.904688 0.528125 0.90625 0.528125 0.907812 0.526563 0.909375 0.526563 0.910937 0.525 0.910937 0.523438 0.9125 0.521875 0.9125 0.520312 0.917188 0.515625 0.920313 0.515625 0.925 0.520312 0.925 0.521875 0.926562 0.523438 0.926562 0.526563 0.928125 0.528125 0.928125 0.53125 0.929688 0.532812 0.925 0.5375 0.921875 0.5375 0.920313 0.539062 0.920313 0.545313 0.94375 0.545313 0.94375 0.5375 0.945312 0.535937 0.945312 0.53125 0.94375 0.529688 0.94375 0.521875 0.945312 0.520312 0.945312 0.51875 0.951563 0.5125 0.953125 0.5125 0.954687 0.510938 0.95625 0.510938 0.957812 0.509375 0.959375 0.509375 0.9625 0.50625 0.964063 0.50625 0.96875 0.501562 0.96875 0.5 0.970312 0.498437 0.970312 0.495313 0.971875 0.49375 0.971875 0.492188 0.973437 0.490625 0.973437 0.4875 0.978125 0.482812 0.982813 0.482812 0.982813 0.475 0.978125 0.475 0.971875 0.46875 0.971875 0.467187 0.970312 0.465625 0.970312 0.464063 0.96875 0.4625 0.96875 0.459375 0.967188 0.457812 0.96875 0.45625 0.96875 0.451562 0.967188 0.45 0.967188 0.446875 0.9625 0.442187 0.9625 0.440625 0.960938 0.439063 0.959375 0.439063 0.957812 0.4375 0.954687 0.4375 0.953125 0.435937 0.95 0.435937 0.946875 0.432813 0.946875 0.428125 0.93125 0.428125 0.93125 0.434375 0.928125 0.4375 0.928125 0.439063 0.926562 0.440625 0.926562 0.44375 0.921875 0.448438 0.914062 0.448438 0.9125 0.446875 0.901563 0.446875 0.9 0.448438 0.898438 0.448438 0.896875 0.45 0.895312 0.45 0.889063 0.45625 0.889063 0.457812 0.8875 0.459375 0.8875 0.460938 0.885938 0.4625 0.885938 0.46875 0.8875 0.470313 0.8875 0.473437 0.885938 0.475 0.885938 0.479688 0.884375 0.48125 0.884375 0.482812 0.88125 0.485938 0.88125 0.4875 0.879687 0.489062 0.879687 0.492188 0.878125 0.49375 0.878125 0.495313 0.876562 0.496875 0.876562 0.498437 0.875 0.5 0.875 0.501562 0.870313 0.50625 0.865625 0.50625 0.865625 0.51875 0.871875 0.51875 0.875 0.521875 0.878125 0.521875 0.879687 0.523438 0.882812 0.523438 0.884375 0.525 0.8875 0.525 0.890625 0.528125 0.890625 0.532812 0.892187 0.534375 0.841598
0 0.976562 0.728125 0.976562 0.732813 0.967188 0.742188 0.964063 0.742188 0.9625 0.74375 0.95625 0.74375 0.954687 0.745313 0.953125 0.745313 0.951563 0.746875 0.951563 0.748438 0.946875 0.753125 0.9375 0.753125 0.935938 0.751562 0.932813 0.751562 0.93125 0.75 0.909375 0.75 0.909375 0.7625 0.914062 0.7625 0.917188 0.765625 0.91875 0.765625 0.920313 0.767187 0.923437 0.767187 0.925 0.76875 0.929688 0.76875 0.935938 0.775 0.935938 0.778125 0.934375 0.779688 0.932813 0.779688 0.93125 0.78125 0.929688 0.78125 0.928125 0.782812 0.926562 0.782812 0.925 0.784375 0.923437 0.784375 0.920313 0.7875 0.91875 0.7875 0.914062 0.792188 0.909375 0.792188 0.909375 0.798437 0.914062 0.798437 0.915625 0.8 0.915625 0.801562 0.920313 0.80625 0.921875 0.80625 0.926562 0.810938 0.928125 0.810938 0.929688 0.8125 0.93125 0.8125 0.934375 0.815625 0.934375 0.817187 0.935938 0.81875 0.935938 0.820312 0.939062 0.823438 0.939062 0.825 0.942187 0.828125 0.94375 0.828125 0.946875 0.83125 0.95 0.83125 0.951563 0.832812 0.954687 0.832812 0.95625 0.83125 0.959375 0.83125 0.960938 0.829687 0.964063 0.829687 0.965625 0.828125 0.970312 0.828125 0.971875 0.826563 0.973437 0.828125 0.975 0.828125 0.978125 0.83125 0.978125 0.832812 0.979688 0.834375 0.979688 0.8375 0.982813 0.840625 0.998438 0.840625 0.998438 0.728125 0.992188 0.728125 0.992188 0.734375 0.990625 0.735937 0.9875 0.735937 0.985937 0.734375 0.982813 0.734375 0.98125 0.732813 0.98125 0.728125 0.838164
0 0.901563 0.515625 0.901563 0.521875 0.896875 0.526563 0.896875 0.528125 0.895312 0.529688 0.895312 0.53125 0.892187 0.534375 0.889063 0.534375 0.8875 0.535937 0.871875 0.535937 0.870313 0.5375 0.86875 0.5375 0.867188 0.539062 0.867188 0.548437 0.865625 0.55 0.865625 0.551562 0.859375 0.557813 0.853125 0.557813 0.853125 0.5625 0.857813 0.5625 0.860937 0.565625 0.864062 0.565625 0.86875 0.570312 0.86875 0.582812 0.870313 0.584375 0.870313 0.585938 0.871875 0.5875 0.871875 0.589063 0.873438 0.590625 0.873438 0.592188 0.875 0.59375 0.875 0.596875 0.873438 0.598437 0.873438 0.601562 0.871875 0.603125 0.871875 0.604688 0.86875 0.607813 0.86875 0.609375 0.870313 0.610937 0.870313 0.6125 0.873438 0.615625 0.876562 0.615625 0.879687 0.61875 0.88125 0.61875 0.882812 0.620313 0.882812 0.623438 0.884375 0.625 0.884375 0.628125 0.885938 0.628125 0.8875 0.629687 0.896875 0.629687 0.898438 0.63125 0.901563 0.63125 0.907812 0.6375 0.917188 0.6375 0.91875 0.635938 0.920313 0.635938 0.921875 0.634375 0.932813 0.634375 0.934375 0.632812 0.94375 0.632812 0.945312 0.63125 0.946875 0.63125 0.95 0.628125 0.951563 0.628125 0.951563 0.626562 0.954687 0.623438 0.954687 0.621875 0.95625 0.620313 0.95625 0.61875 0.957812 0.617188 0.957812 0.615625 0.960938 0.6125 0.960938 0.610937 0.967188 0.604688 0.96875 0.604688 0.970312 0.603125 0.970312 0.59375 0.96875 0.592188 0.96875 0.590625 0.960938 0.582812 0.960938 0.579687 0.959375 0.578125 0.960938 0.576563 0.960938 0.575 0.970312 0.565625 0.970312 0.564062 0.971875 0.5625 0.971875 0.560938 0.973437 0.559375 0.973437 0.554688 0.975 0.553125 0.975 0.55 0.973437 0.548437 0.973437 0.546875 0.970312 0.54375 0.96875 0.54375 0.967188 0.542188 0.965625 0.542188 0.964063 0.540625 0.9625 0.542188 0.95 0.542188 0.948438 0.540625 0.946875 0.540625 0.945312 0.539062 0.945312 0.5375 0.94375 0.535937 0.94375 0.529688 0.942187 0.528125 0.942187 0.515625 0.928125 0.515625 0.928125 0.528125 0.926562 0.529688 0.925 0.529688 0.920313 0.534375 0.917188 0.534375 0.915625 0.535937 0.914062 0.535937 0.910937 0.532812 0.910937 0.515625 0.837476
0 0.74375 0.921875 0.74375 0.926562 0.739062 0.93125 0.739062 0.932813 0.735937 0.935938 0.734375 0.935938 0.732813 0.9375 0.71875 0.9375 0.717188 0.939062 0.715625 0.939062 0.709375 0.945312 0.709375 0.95625 0.701563 0.964063 0.698438 0.960938 0.698438 0.959375 0.696875 0.957812 0.696875 0.95625 0.695312 0.954687 0.695312 0.953125 0.690625 0.953125 0.690625 0.967188 0.696875 0.967188 0.698438 0.96875 0.698438 0.976562 0.695312 0.979688 0.690625 0.979688 0.690625 0.998438 0.695312 0.998438 0.695312 0.996875 0.696875 0.995313 0.696875 0.992188 0.698438 0.990625 0.698438 0.989062 0.7 0.9875 0.704687 0.9875 0.70625 0.989062 0.70625 0.992188 0.707812 0.99375 0.707812 0.998438 0.8125 0.998438 0.8125 0.995313 0.807813 0.990625 0.807813 0.989062 0.803125 0.984375 0.803125 0.982813 0.801562 0.98125 0.801562 0.976562 0.807813 0.970312 0.807813 0.96875 0.809375 0.967188 0.809375 0.959375 0.807813 0.957812 0.803125 0.957812 0.801562 0.95625 0.795313 0.95625 0.79375 0.954687 0.79375 0.953125 0.792188 0.951563 0.792188 0.95 0.790625 0.948438 0.790625 0.934375 0.789062 0.932813 0.785937 0.932813 0.784375 0.93125 0.767187 0.93125 0.765625 0.932813 0.754687 0.932813 0.753125 0.93125 0.751562 0.93125 0.746875 0.926562 0.746875 0.921875 0.837405
0 0.484375 0.190625 0.484375 0.195312 0.482812 0.196875 0.482812 0.198437 0.48125 0.2 0.48125 0.209375 0.479688 0.210938 0.479688 0.214062 0.478125 0.215625 0.46875 0.215625 0.464063 0.220313 0.460938 0.220313 0.459375 0.221875 0.453125 0.221875 0.453125 0.265625 0.457812 0.265625 0.460938 0.2625 0.460938 0.260938 0.4625 0.259375 0.4625 0.25 0.464063 0.248437 0.465625 0.25 0.465625 0.254687 0.467187 0.25625 0.467187 0.259375 0.46875 0.260938 0.46875 0.264062 0.478125 0.273438 0.478125 0.282813 0.479688 0.284375 0.479688 0.289062 0.48125 0.290625 0.482812 0.290625 0.484375 0.292188 0.49375 0.292188 0.495313 0.29375 0.496875 0.29375 0.498437 0.292188 0.501562 0.292188 0.504687 0.289062 0.50625 0.289062 0.507812 0.2875 0.509375 0.2875 0.510938 0.285937 0.514063 0.285937 0.515625 0.284375 0.520312 0.284375 0.521875 0.285937 0.525 0.285937 0.526563 0.2875 0.529688 0.2875 0.53125 0.289062 0.534375 0.289062 0.535937 0.290625 0.542188 0.290625 0.54375 0.289062 0.545313 0.289062 0.545313 0.285937 0.546875 0.284375 0.546875 0.276563 0.548437 0.275 0.55 0.275 0.553125 0.271875 0.554688 0.271875 0.560938 0.265625 0.560938 0.25625 0.559375 0.254687 0.559375 0.25 0.557813 0.248437 0.557813 0.245312 0.55625 0.24375 0.55625 0.232812 0.557813 0.23125 0.557813 0.221875 0.55625 0.220313 0.55625 0.21875 0.554688 0.217187 0.551562 0.217187 0.55 0.215625 0.548437 0.215625 0.546875 0.214062 0.54375 0.214062 0.542188 0.2125 0.539062 0.2125 0.5375 0.210938 0.534375 0.210938 0.532812 0.209375 0.53125 0.209375 0.528125 0.20625 0.528125 0.198437 0.526563 0.196875 0.526563 0.190625 0.510938 0.190625 0.510938 0.196875 0.504687 0.203125 0.501562 0.203125 0.496875 0.198437 0.495313 0.198437 0.492188 0.195312 0.492188 0.190625 0.837132
0 0.801562 0.621875 0.801562 0.632812 0.8 0.634375 0.8 0.635938 0.795313 0.640625 0.79375 0.640625 0.792188 0.642187 0.779688 0.642187 0.778125 0.64375 0.776563 0.64375 0.776563 0.645312 0.775 0.646875 0.775 0.648438 0.773438 0.65 0.773438 0.651563 0.771875 0.653125 0.771875 0.65625 0.770312 0.657812 0.765625 0.657812 0.770312 0.657812 0.773438 0.660937 0.773438 0.6625 0.778125 0.667188 0.778125 0.66875 0.779688 0.670313 0.779688 0.676562 0.776563 0.679688 0.775 0.679688 0.770312 0.684375 0.765625 0.684375 0.765625 0.696875 0.771875 0.696875 0.773438 0.698438 0.776563 0.698438 0.778125 0.7 0.779688 0.7 0.784375 0.704687 0.784375 0.70625 0.789062 0.710938 0.789062 0.7125 0.795313 0.71875 0.795313 0.720312 0.796875 0.721875 0.8 0.721875 0.801562 0.723437 0.804688 0.723437 0.80625 0.725 0.809375 0.725 0.810938 0.726562 0.8125 0.726562 0.814062 0.728125 0.8125 0.729688 0.8125 0.739062 0.815625 0.739062 0.815625 0.732813 0.817187 0.73125 0.817187 0.729688 0.820312 0.726562 0.823438 0.726562 0.825 0.728125 0.83125 0.728125 0.832812 0.729688 0.832812 0.739062 0.84375 0.739062 0.84375 0.728125 0.846875 0.725 0.848437 0.725 0.85 0.723437 0.860937 0.723437 0.8625 0.725 0.865625 0.725 0.867188 0.723437 0.86875 0.723437 0.870313 0.721875 0.870313 0.720312 0.871875 0.71875 0.871875 0.714063 0.873438 0.7125 0.873438 0.707812 0.875 0.70625 0.875 0.704687 0.878125 0.701563 0.879687 0.701563 0.885938 0.695312 0.885938 0.69375 0.884375 0.692187 0.884375 0.689062 0.878125 0.682813 0.878125 0.664062 0.879687 0.6625 0.879687 0.651563 0.876562 0.648438 0.875 0.648438 0.873438 0.646875 0.867188 0.646875 0.865625 0.645312 0.864062 0.645312 0.860937 0.642187 0.859375 0.642187 0.851562 0.634375 0.848437 0.634375 0.846875 0.632812 0.845312 0.632812 0.842188 0.635938 0.840625 0.635938 0.8375 0.639063 0.835938 0.639063 0.834375 0.640625 0.828125 0.634375 0.828125 0.63125 0.826563 0.629687 0.826563 0.621875 0.836962
0 0.885938 0.359375 0.884375 0.360938 0.879687 0.360938 0.878125 0.3625 0.876562 0.3625 0.871875 0.367188 0.8625 0.367188 0.860937 0.365625 0.853125 0.365625 0.848437 0.370313 0.848437 0.375 0.846875 0.376563 0.846875 0.378125 0.834375 0.390625 0.828125 0.390625 0.828125 0.4 0.832812 0.4 0.842188 0.409375 0.842188 0.4125 0.84375 0.414062 0.84375 0.420312 0.845312 0.421875 0.845312 0.423438 0.846875 0.425 0.846875 0.426562 0.85 0.429688 0.85 0.43125 0.851562 0.432813 0.85625 0.432813 0.857813 0.434375 0.870313 0.434375 0.873438 0.4375 0.875 0.4375 0.878125 0.440625 0.878125 0.442187 0.884375 0.448438 0.890625 0.448438 0.892187 0.446875 0.896875 0.446875 0.898438 0.445312 0.910937 0.445312 0.9125 0.446875 0.923437 0.446875 0.925 0.445312 0.926562 0.445312 0.926562 0.440625 0.928125 0.439063 0.928125 0.4375 0.929688 0.435937 0.929688 0.434375 0.932813 0.43125 0.934375 0.43125 0.935938 0.429688 0.940625 0.429688 0.945312 0.425 0.945312 0.417188 0.94375 0.415625 0.94375 0.4125 0.940625 0.409375 0.940625 0.4 0.942187 0.398438 0.942187 0.396875 0.94375 0.395312 0.94375 0.390625 0.942187 0.389062 0.942187 0.3875 0.939062 0.384375 0.9375 0.384375 0.935938 0.382812 0.934375 0.382812 0.932813 0.38125 0.926562 0.38125 0.925 0.379687 0.920313 0.379687 0.915625 0.375 0.914062 0.375 0.910937 0.371875 0.909375 0.371875 0.90625 0.36875 0.904688 0.36875 0.901563 0.365625 0.901563 0.364062 0.898438 0.360938 0.896875 0.360938 0.895312 0.359375 0.836875
0 0.845312 0.839063 0.8375 0.846875 0.8375 0.848437 0.835938 0.85 0.835938 0.851562 0.832812 0.854688 0.829687 0.854688 0.828125 0.85625 0.817187 0.85625 0.815625 0.857813 0.814062 0.857813 0.810938 0.860937 0.810938 0.864062 0.809375 0.865625 0.809375 0.867188 0.807813 0.86875 0.803125 0.86875 0.803125 0.871875 0.809375 0.871875 0.8125 0.875 0.814062 0.875 0.815625 0.876562 0.815625 0.879687 0.814062 0.88125 0.814062 0.884375 0.817187 0.8875 0.817187 0.890625 0.814062 0.89375 0.8125 0.89375 0.810938 0.895312 0.809375 0.895312 0.807813 0.896875 0.803125 0.896875 0.803125 0.904688 0.809375 0.904688 0.810938 0.90625 0.815625 0.90625 0.817187 0.907812 0.81875 0.907812 0.820312 0.909375 0.821875 0.909375 0.823438 0.910937 0.823438 0.9125 0.825 0.914062 0.825 0.915625 0.823438 0.917188 0.823438 0.920313 0.821875 0.921875 0.821875 0.923437 0.820312 0.925 0.81875 0.925 0.81875 0.929688 0.820312 0.93125 0.820312 0.932813 0.840625 0.932813 0.842188 0.934375 0.842188 0.945312 0.84375 0.946875 0.851562 0.946875 0.853125 0.948438 0.854688 0.948438 0.85625 0.95 0.857813 0.95 0.864062 0.95625 0.867188 0.95625 0.86875 0.954687 0.871875 0.954687 0.873438 0.953125 0.876562 0.953125 0.878125 0.951563 0.882812 0.951563 0.884375 0.95 0.885938 0.951563 0.890625 0.951563 0.892187 0.953125 0.89375 0.953125 0.895312 0.954687 0.9 0.954687 0.901563 0.953125 0.903125 0.953125 0.904688 0.951563 0.904688 0.95 0.9125 0.942187 0.914062 0.942187 0.915625 0.940625 0.91875 0.940625 0.920313 0.939062 0.921875 0.939062 0.921875 0.934375 0.923437 0.932813 0.923437 0.923437 0.925 0.921875 0.925 0.920313 0.926562 0.91875 0.928125 0.91875 0.932813 0.914062 0.934375 0.914062 0.935938 0.9125 0.935938 0.910937 0.939062 0.907812 0.939062 0.901563 0.9375 0.9 0.935938 0.9 0.932813 0.896875 0.928125 0.896875 0.925 0.89375 0.923437 0.89375 0.920313 0.890625 0.920313 0.884375 0.921875 0.882812 0.921875 0.88125 0.925 0.878125 0.925 0.876562 0.926562 0.875 0.926562 0.865625 0.920313 0.859375 0.915625 0.859375 0.914062 0.857813 0.907812 0.857813 0.90625 0.85625 0.904688 0.85625 0.903125 0.854688 0.901563 0.854688 0.898438 0.851562 0.898438 0.85 0.89375 0.845312 0.89375 0.84375 0.892187 0.842188 0.892187 0.840625 0.890625 0.839063 0.884375 0.839063 0.882812 0.840625 0.879687 0.840625 0.878125 0.842188 0.873438 0.842188 0.871875 0.840625 0.857813 0.840625 0.85625 0.839063 0.836189
0 0.245312 0.829687 0.24375 0.83125 0.24375 0.832812 0.239063 0.8375 0.234375 0.8375 0.234375 0.848437 0.239063 0.848437 0.240625 0.85 0.240625 0.851562 0.242188 0.853125 0.242188 0.854688 0.24375 0.85625 0.24375 0.857813 0.245312 0.859375 0.245312 0.8625 0.246875 0.864062 0.245312 0.865625 0.245312 0.867188 0.24375 0.86875 0.24375 0.870313 0.239063 0.875 0.234375 0.875 0.234375 0.9 0.239063 0.9 0.242188 0.903125 0.24375 0.903125 0.246875 0.90625 0.25 0.90625 0.251563 0.907812 0.253125 0.907812 0.254687 0.909375 0.25625 0.909375 0.259375 0.9125 0.260938 0.9125 0.265625 0.917188 0.267188 0.917188 0.26875 0.91875 0.270312 0.91875 0.278125 0.926562 0.289062 0.926562 0.290625 0.925 0.296875 0.925 0.3 0.921875 0.304688 0.921875 0.30625 0.923437 0.307813 0.923437 0.310937 0.926562 0.3125 0.926562 0.315625 0.929688 0.317187 0.929688 0.31875 0.93125 0.321875 0.93125 0.323438 0.929688 0.325 0.929688 0.326562 0.928125 0.328125 0.928125 0.328125 0.923437 0.329688 0.921875 0.329688 0.910937 0.328125 0.909375 0.329688 0.907812 0.329688 0.904688 0.332812 0.901563 0.34375 0.901563 0.345313 0.903125 0.353125 0.903125 0.354688 0.901563 0.35625 0.901563 0.359375 0.898438 0.359375 0.89375 0.357812 0.892187 0.357812 0.890625 0.351562 0.884375 0.35 0.884375 0.346875 0.88125 0.345313 0.88125 0.34375 0.879687 0.342187 0.879687 0.339063 0.876562 0.339063 0.875 0.340625 0.873438 0.340625 0.871875 0.34375 0.86875 0.346875 0.86875 0.348437 0.867188 0.351562 0.867188 0.353125 0.865625 0.35625 0.865625 0.357812 0.864062 0.359375 0.864062 0.359375 0.8625 0.3625 0.859375 0.3625 0.853125 0.360938 0.851562 0.360938 0.85 0.359375 0.848437 0.359375 0.846875 0.357812 0.846875 0.35625 0.845312 0.354688 0.845312 0.35 0.840625 0.348437 0.840625 0.342187 0.834375 0.342187 0.832812 0.340625 0.83125 0.340625 0.828125 0.339063 0.826563 0.339063 0.825 0.3375 0.823438 0.3375 0.820312 0.335938 0.81875 0.335938 0.817187 0.334375 0.815625 0.334375 0.814062 0.328125 0.807813 0.328125 0.803125 0.31875 0.803125 0.31875 0.807813 0.317187 0.809375 0.315625 0.809375 0.314063 0.810938 0.3125 0.810938 0.310937 0.8125 0.309375 0.8125 0.307813 0.814062 0.30625 0.814062 0.301562 0.81875 0.301562 0.820312 0.296875 0.825 0.29375 0.825 0.292188 0.823438 0.289062 0.823438 0.279687 0.814062 0.279687 0.8125 0.278125 0.810938 0.278125 0.809375 0.276563 0.810938 0.276563 0.8125 0.270312 0.81875 0.270312 0.820312 0.265625 0.825 0.264062 0.825 0.2625 0.826563 0.260938 0.826563 0.259375 0.828125 0.25 0.828125 0.248437 0.829687 0.245312 0.829687 0.242188 0.815625 0.24375 0.814062 0.24375 0.8125 0.246875 0.809375 0.248437 0.809375 0.25 0.807813 0.25 0.803125 0.234375 0.803125 0.234375 0.815625 0.242188 0.815625 0.831968
0 0.414062 0.928125 0.414062 0.932813 0.409375 0.9375 0.407813 0.9375 0.40625 0.939062 0.401563 0.939062 0.4 0.940625 0.396875 0.940625 0.395312 0.942187 0.39375 0.942187 0.390625 0.945312 0.390625 0.946875 0.3875 0.95 0.3875 0.951563 0.385938 0.953125 0.385938 0.954687 0.38125 0.959375 0.38125 0.960938 0.379687 0.9625 0.379687 0.989062 0.38125 0.990625 0.38125 0.992188 0.384375 0.995313 0.384375 0.998438 0.464063 0.998438 0.464063 0.995313 0.465625 0.99375 0.465625 0.992188 0.46875 0.989062 0.46875 0.9875 0.473437 0.982813 0.473437 0.973437 0.471875 0.971875 0.471875 0.96875 0.465625 0.9625 0.465625 0.960938 0.464063 0.959375 0.464063 0.951563 0.4625 0.95 0.4625 0.948438 0.457812 0.94375 0.453125 0.94375 0.451562 0.942187 0.448438 0.942187 0.442187 0.935938 0.442187 0.934375 0.440625 0.932813 0.440625 0.928125 0.829247
0 0.403125 0.475 0.395312 0.482812 0.395312 0.485938 0.396875 0.4875 0.396875 0.490625 0.395312 0.492188 0.392188 0.492188 0.390625 0.49375 0.389062 0.49375 0.3875 0.492188 0.384375 0.492188 0.382812 0.490625 0.371875 0.490625 0.371875 0.509375 0.376563 0.509375 0.38125 0.514063 0.38125 0.523438 0.379687 0.525 0.379687 0.528125 0.38125 0.529688 0.38125 0.53125 0.382812 0.532812 0.382812 0.539062 0.38125 0.540625 0.38125 0.542188 0.379687 0.54375 0.379687 0.545313 0.376563 0.548437 0.371875 0.548437 0.371875 0.557813 0.390625 0.557813 0.390625 0.55 0.389062 0.548437 0.389062 0.539062 0.390625 0.5375 0.392188 0.539062 0.396875 0.539062 0.398438 0.5375 0.403125 0.5375 0.407813 0.542188 0.410937 0.542188 0.4125 0.54375 0.41875 0.54375 0.420312 0.545313 0.426562 0.545313 0.435937 0.535937 0.44375 0.535937 0.445312 0.5375 0.451562 0.5375 0.454688 0.534375 0.454688 0.532812 0.453125 0.53125 0.453125 0.528125 0.451562 0.526563 0.451562 0.520312 0.454688 0.517187 0.45625 0.517187 0.457812 0.515625 0.459375 0.515625 0.460938 0.514063 0.460938 0.509375 0.459375 0.507812 0.459375 0.504687 0.457812 0.503125 0.457812 0.498437 0.45625 0.496875 0.45625 0.482812 0.454688 0.48125 0.454688 0.479688 0.453125 0.478125 0.451562 0.478125 0.45 0.476562 0.442187 0.476562 0.440625 0.478125 0.435937 0.478125 0.434375 0.479688 0.43125 0.479688 0.429688 0.478125 0.428125 0.478125 0.426562 0.476562 0.425 0.476562 0.423438 0.478125 0.41875 0.478125 0.417188 0.476562 0.4125 0.476562 0.410937 0.475 0.829114
0 0.759375 0.370313 0.753125 0.376563 0.753125 0.38125 0.748438 0.385938 0.740625 0.385938 0.732813 0.39375 0.732813 0.396875 0.73125 0.398438 0.73125 0.404687 0.734375 0.407813 0.734375 0.409375 0.732813 0.410937 0.732813 0.414062 0.73125 0.415625 0.73125 0.420312 0.729688 0.421875 0.729688 0.432813 0.732813 0.435937 0.732813 0.4375 0.734375 0.439063 0.734375 0.442187 0.735937 0.44375 0.735937 0.448438 0.7375 0.45 0.7375 0.451562 0.739062 0.453125 0.739062 0.454688 0.740625 0.45625 0.742188 0.45625 0.74375 0.457812 0.748438 0.457812 0.75 0.45625 0.754687 0.45625 0.75625 0.454688 0.760938 0.454688 0.7625 0.45625 0.771875 0.45625 0.773438 0.454688 0.775 0.454688 0.776563 0.453125 0.778125 0.453125 0.779688 0.451562 0.78125 0.451562 0.782812 0.45 0.784375 0.45 0.785937 0.448438 0.7875 0.448438 0.789062 0.446875 0.790625 0.446875 0.798437 0.439063 0.8 0.439063 0.801562 0.4375 0.804688 0.4375 0.80625 0.435937 0.809375 0.435937 0.814062 0.43125 0.814062 0.428125 0.81875 0.423438 0.820312 0.423438 0.823438 0.420312 0.825 0.420312 0.826563 0.41875 0.829687 0.41875 0.83125 0.417188 0.832812 0.417188 0.834375 0.415625 0.834375 0.414062 0.832812 0.4125 0.832812 0.409375 0.83125 0.409375 0.825 0.403125 0.825 0.4 0.823438 0.398438 0.823438 0.3875 0.821875 0.385938 0.821875 0.384375 0.820312 0.382812 0.81875 0.382812 0.817187 0.38125 0.8125 0.38125 0.810938 0.382812 0.804688 0.382812 0.803125 0.384375 0.801562 0.384375 0.796875 0.379687 0.796875 0.376563 0.79375 0.373437 0.79375 0.371875 0.790625 0.36875 0.790625 0.367188 0.789062 0.367188 0.778125 0.378125 0.770312 0.378125 0.764063 0.371875 0.760938 0.371875 0.759375 0.370313 0.751562 0.364062 0.751562 0.359375 0.74375 0.359375 0.74375 0.364062 0.745313 0.365625 0.75 0.365625 0.751562 0.364062 0.828633
0 0.465625 0.821875 0.465625 0.865625 0.475 0.865625 0.476562 0.867188 0.476562 0.88125 0.475 0.882812 0.475 0.89375 0.476562 0.895312 0.476562 0.896875 0.4875 0.907812 0.489062 0.907812 0.496875 0.915625 0.498437 0.915625 0.501562 0.91875 0.503125 0.91875 0.509375 0.925 0.509375 0.926562 0.510938 0.928125 0.5125 0.928125 0.515625 0.93125 0.535937 0.93125 0.5375 0.932813 0.540625 0.932813 0.542188 0.934375 0.54375 0.934375 0.545313 0.935938 0.546875 0.935938 0.548437 0.934375 0.551562 0.934375 0.553125 0.932813 0.554688 0.932813 0.55625 0.93125 0.557813 0.93125 0.56875 0.920313 0.570312 0.920313 0.573438 0.917188 0.573438 0.915625 0.575 0.914062 0.575 0.904688 0.576563 0.903125 0.576563 0.901563 0.578125 0.9 0.578125 0.898438 0.582812 0.89375 0.582812 0.892187 0.584375 0.890625 0.584375 0.8875 0.585938 0.885938 0.585938 0.882812 0.584375 0.88125 0.584375 0.878125 0.58125 0.875 0.58125 0.873438 0.579687 0.871875 0.579687 0.853125 0.578125 0.851562 0.578125 0.85 0.575 0.846875 0.575 0.845312 0.565625 0.835938 0.5625 0.835938 0.554688 0.828125 0.554688 0.821875 0.5 0.821875 0.5 0.826563 0.498437 0.828125 0.496875 0.828125 0.49375 0.83125 0.492188 0.83125 0.490625 0.832812 0.490625 0.834375 0.48125 0.84375 0.48125 0.848437 0.479688 0.85 0.479688 0.854688 0.476562 0.857813 0.475 0.85625 0.475 0.851562 0.470313 0.846875 0.470313 0.845312 0.471875 0.84375 0.471875 0.835938 0.473437 0.834375 0.471875 0.832812 0.471875 0.821875 0.826748
0 0.0546875 0.134375 0.0546875 0.140625 0.053125 0.142188 0.053125 0.145313 0.0515625 0.146875 0.0515625 0.148438 0.05 0.15 0.05 0.151562 0.0484375 0.153125 0.0484375 0.154687 0.04375 0.159375 0.0421875 0.159375 0.040625 0.160938 0.0390625 0.160938 0.034375 0.165625 0.0328125 0.165625 0.03125 0.167187 0.028125 0.167187 0.0265625 0.16875 0.021875 0.16875 0.0203125 0.170312 0.015625 0.170312 0.015625 0.185937 0.021875 0.185937 0.025 0.189063 0.025 0.190625 0.0265625 0.192188 0.028125 0.192188 0.0296875 0.19375 0.0390625 0.19375 0.040625 0.195312 0.046875 0.195312 0.0515625 0.2 0.0515625 0.201562 0.053125 0.203125 0.0515625 0.204688 0.0515625 0.2125 0.053125 0.214062 0.053125 0.215625 0.0546875 0.215625 0.05625 0.217187 0.059375 0.217187 0.0625 0.214062 0.0734375 0.214062 0.075 0.215625 0.0796875 0.215625 0.08125 0.214062 0.0828125 0.214062 0.0828125 0.2125 0.084375 0.210938 0.084375 0.209375 0.0875 0.20625 0.10625 0.20625 0.107813 0.204688 0.109375 0.204688 0.110937 0.203125 0.1125 0.203125 0.1125 0.201562 0.114063 0.2 0.114063 0.195312 0.115625 0.19375 0.115625 0.189063 0.117188 0.1875 0.117188 0.185937 0.11875 0.184375 0.11875 0.175 0.117188 0.173438 0.117188 0.170312 0.110937 0.164062 0.109375 0.164062 0.107813 0.1625 0.10625 0.1625 0.104687 0.160938 0.103125 0.160938 0.1 0.157813 0.1 0.153125 0.0953125 0.148438 0.0859375 0.148438 0.084375 0.15 0.08125 0.15 0.0796875 0.151562 0.0765625 0.151562 0.075 0.15 0.0734375 0.15 0.06875 0.145313 0.06875 0.14375 0.0671875 0.142188 0.0671875 0.134375 0.824948
0 0.721875 0.265625 0.721875 0.270312 0.720312 0.271875 0.720312 0.278125 0.723437 0.28125 0.723437 0.282813 0.726562 0.285937 0.726562 0.2875 0.728125 0.289062 0.728125 0.290625 0.729688 0.292188 0.729688 0.296875 0.728125 0.298438 0.726562 0.298438 0.725 0.3 0.723437 0.3 0.721875 0.301562 0.71875 0.301562 0.717188 0.303125 0.714063 0.303125 0.7125 0.304688 0.710938 0.304688 0.709375 0.30625 0.703125 0.30625 0.703125 0.31875 0.710938 0.31875 0.7125 0.320312 0.715625 0.320312 0.721875 0.326562 0.721875 0.328125 0.71875 0.33125 0.71875 0.332812 0.707812 0.34375 0.703125 0.34375 0.703125 0.353125 0.71875 0.353125 0.720312 0.351562 0.721875 0.351562 0.725 0.348437 0.726562 0.348437 0.728125 0.346875 0.732813 0.346875 0.734375 0.348437 0.734375 0.3625 0.732813 0.364062 0.732813 0.367188 0.734375 0.36875 0.734375 0.371875 0.74375 0.371875 0.745313 0.370313 0.746875 0.370313 0.759375 0.357812 0.760938 0.357812 0.7625 0.35625 0.765625 0.35625 0.767187 0.357812 0.76875 0.357812 0.770312 0.359375 0.771875 0.359375 0.773438 0.360938 0.776563 0.360938 0.778125 0.3625 0.784375 0.3625 0.785937 0.360938 0.7875 0.360938 0.789062 0.359375 0.789062 0.357812 0.7875 0.35625 0.7875 0.354688 0.785937 0.353125 0.785937 0.35 0.784375 0.348437 0.784375 0.346875 0.782812 0.345313 0.782812 0.340625 0.784375 0.339063 0.785937 0.339063 0.7875 0.3375 0.79375 0.3375 0.795313 0.339063 0.803125 0.339063 0.804688 0.3375 0.80625 0.3375 0.80625 0.335938 0.807813 0.334375 0.804688 0.33125 0.804688 0.329688 0.803125 0.328125 0.803125 0.326562 0.801562 0.325 0.801562 0.321875 0.8 0.320312 0.801562 0.31875 0.801562 0.317187 0.809375 0.309375 0.809375 0.301562 0.807813 0.3 0.807813 0.296875 0.801562 0.290625 0.8 0.290625 0.798437 0.289062 0.795313 0.289062 0.79375 0.2875 0.790625 0.2875 0.7875 0.284375 0.7875 0.282813 0.78125 0.276563 0.779688 0.276563 0.773438 0.270312 0.773438 0.265625 0.824158
0 0.851562 0.0203125 0.85 0.021875 0.848437 0.021875 0.846875 0.0234375 0.842188 0.0234375 0.840625 0.025 0.832812 0.025 0.83125 0.0234375 0.825 0.0234375 0.823438 0.025 0.821875 0.025 0.81875 0.028125 0.81875 0.03125 0.817187 0.0328125 0.817187 0.0359375 0.8125 0.040625 0.796875 0.040625 0.796875 0.0515625 0.803125 0.0515625 0.80625 0.0546875 0.80625 0.05625 0.8125 0.0625 0.8125 0.0640625 0.814062 0.065625 0.815625 0.065625 0.81875 0.06875 0.81875 0.0703125 0.820312 0.071875 0.820312 0.08125 0.821875 0.0828125 0.821875 0.0859375 0.825 0.0890625 0.826563 0.0890625 0.828125 0.090625 0.84375 0.090625 0.845312 0.0921875 0.846875 0.0921875 0.848437 0.09375 0.85 0.09375 0.860937 0.104687 0.8625 0.104687 0.864062 0.10625 0.870313 0.10625 0.871875 0.104687 0.873438 0.104687 0.875 0.103125 0.876562 0.103125 0.878125 0.101562 0.882812 0.101562 0.884375 0.1 0.885938 0.1 0.8875 0.0984375 0.889063 0.0984375 0.890625 0.096875 0.890625 0.0953125 0.892187 0.09375 0.892187 0.0875 0.89375 0.0859375 0.89375 0.078125 0.895312 0.0765625 0.895312 0.071875 0.896875 0.0703125 0.896875 0.065625 0.898438 0.0640625 0.898438 0.0609375 0.9 0.059375 0.9 0.05625 0.901563 0.0546875 0.901563 0.05 0.903125 0.0484375 0.903125 0.046875 0.904688 0.0453125 0.904688 0.04375 0.90625 0.0421875 0.90625 0.040625 0.904688 0.0390625 0.903125 0.0390625 0.895312 0.03125 0.895312 0.028125 0.892187 0.025 0.889063 0.025 0.8875 0.0234375 0.884375 0.0234375 0.882812 0.021875 0.873438 0.021875 0.871875 0.0234375 0.867188 0.0234375 0.865625 0.025 0.864062 0.025 0.8625 0.0234375 0.860937 0.0234375 0.859375 0.021875 0.854688 0.021875 0.853125 0.0203125 0.822375
0 0.940625 0.021875 0.940625 0.0265625 0.939062 0.028125 0.9375 0.028125 0.935938 0.0296875 0.928125 0.0296875 0.925 0.0328125 0.923437 0.0328125 0.921875 0.034375 0.921875 0.0359375 0.915625 0.0421875 0.914062 0.0421875 0.910937 0.0453125 0.909375 0.0453125 0.907812 0.046875 0.907812 0.0484375 0.90625 0.05 0.90625 0.0515625 0.904688 0.053125 0.904688 0.05625 0.903125 0.0578125 0.903125 0.059375 0.901563 0.0609375 0.9 0.0609375 0.896875 0.0640625 0.890625 0.0640625 0.890625 0.08125 0.896875 0.08125 0.9 0.084375 0.901563 0.084375 0.904688 0.0875 0.90625 0.0875 0.907812 0.0890625 0.909375 0.0890625 0.910937 0.090625 0.910937 0.0921875 0.9125 0.09375 0.9125 0.0984375 0.914062 0.1 0.914062 0.104687 0.915625 0.10625 0.915625 0.107813 0.91875 0.110937 0.934375 0.110937 0.935938 0.1125 0.9375 0.1125 0.940625 0.115625 0.939062 0.117188 0.939062 0.13125 0.942187 0.134375 0.948438 0.134375 0.95 0.132812 0.951563 0.132812 0.953125 0.13125 0.954687 0.13125 0.954687 0.129688 0.957812 0.126563 0.957812 0.125 0.9625 0.120312 0.965625 0.120312 0.967188 0.121875 0.96875 0.121875 0.970312 0.123438 0.973437 0.123438 0.975 0.125 0.98125 0.125 0.982813 0.123438 0.984375 0.123438 0.9875 0.120312 0.9875 0.11875 0.989062 0.117188 0.989062 0.115625 0.990625 0.114063 0.990625 0.110937 0.992188 0.109375 0.992188 0.107813 0.99375 0.10625 0.99375 0.104687 0.995313 0.103125 0.998438 0.103125 0.998438 0.040625 0.996875 0.040625 0.99375 0.0375 0.992188 0.0375 0.984375 0.0296875 0.979688 0.0296875 0.978125 0.028125 0.973437 0.028125 0.971875 0.0265625 0.971875 0.021875 0.81615
0 0.98125 0.915625 0.98125 0.920313 0.979688 0.921875 0.979688 0.923437 0.975 0.928125 0.970312 0.928125 0.96875 0.926562 0.967188 0.926562 0.965625 0.925 0.964063 0.925 0.9625 0.926562 0.957812 0.926562 0.95625 0.928125 0.951563 0.928125 0.95 0.929688 0.948438 0.929688 0.945312 0.932813 0.94375 0.932813 0.942187 0.934375 0.940625 0.934375 0.939062 0.935938 0.926562 0.935938 0.923437 0.939062 0.923437 0.940625 0.921875 0.942187 0.921875 0.94375 0.920313 0.945312 0.920313 0.946875 0.925 0.951563 0.925 0.954687 0.926562 0.95625 0.926562 0.959375 0.920313 0.965625 0.91875 0.965625 0.917188 0.967188 0.896875 0.967188 0.896875 0.982813 0.904688 0.982813 0.90625 0.984375 0.909375 0.984375 0.9125 0.9875 0.914062 0.9875 0.920313 0.99375 0.921875 0.99375 0.923437 0.995313 0.923437 0.998438 0.998438 0.998438 0.998438 0.921875 0.990625 0.921875 0.989062 0.920313 0.989062 0.915625 0.812907
0 0.59375 0.784375 0.59375 0.789062 0.590625 0.792188 0.589063 0.792188 0.5875 0.79375 0.585938 0.79375 0.584375 0.795313 0.582812 0.795313 0.576563 0.801562 0.576563 0.804688 0.575 0.80625 0.575 0.807813 0.573438 0.809375 0.573438 0.810938 0.571875 0.8125 0.571875 0.832812 0.570312 0.834375 0.56875 0.834375 0.567187 0.835938 0.559375 0.835938 0.559375 0.920313 0.564062 0.920313 0.56875 0.915625 0.573438 0.915625 0.575 0.914062 0.576563 0.914062 0.578125 0.9125 0.579687 0.9125 0.58125 0.910937 0.582812 0.910937 0.585938 0.914062 0.5875 0.914062 0.589063 0.915625 0.6 0.915625 0.604688 0.920313 0.604688 0.921875 0.60625 0.923437 0.60625 0.926562 0.609375 0.929688 0.610937 0.929688 0.6125 0.93125 0.614062 0.93125 0.615625 0.932813 0.629687 0.932813 0.632812 0.929688 0.634375 0.929688 0.635938 0.928125 0.639063 0.928125 0.640625 0.926562 0.642187 0.926562 0.64375 0.928125 0.646875 0.928125 0.648438 0.926562 0.665625 0.926562 0.670313 0.921875 0.671875 0.921875 0.678125 0.915625 0.678125 0.90625 0.676562 0.904688 0.676562 0.898438 0.678125 0.896875 0.678125 0.895312 0.682813 0.890625 0.684375 0.890625 0.6875 0.8875 0.689062 0.8875 0.692187 0.884375 0.692187 0.882812 0.690625 0.88125 0.690625 0.875 0.692187 0.873438 0.692187 0.86875 0.69375 0.867188 0.69375 0.865625 0.695312 0.864062 0.695312 0.8625 0.696875 0.860937 0.696875 0.85625 0.695312 0.854688 0.695312 0.851562 0.689062 0.845312 0.685938 0.845312 0.68125 0.840625 0.68125 0.8375 0.682813 0.835938 0.682813 0.829687 0.684375 0.828125 0.682813 0.826563 0.682813 0.823438 0.68125 0.821875 0.68125 0.820312 0.678125 0.817187 0.675 0.817187 0.673437 0.815625 0.671875 0.815625 0.670313 0.814062 0.66875 0.814062 0.667188 0.8125 0.665625 0.8125 0.6625 0.809375 0.660937 0.809375 0.659375 0.807813 0.657812 0.807813 0.65625 0.80625 0.654688 0.80625 0.653125 0.804688 0.651563 0.804688 0.648438 0.801562 0.648438 0.8 0.642187 0.79375 0.640625 0.79375 0.639063 0.792188 0.628125 0.792188 0.626562 0.79375 0.625 0.79375 0.621875 0.796875 0.61875 0.796875 0.617188 0.798437 0.6125 0.798437 0.610937 0.8 0.609375 0.8 0.60625 0.796875 0.60625 0.795313 0.604688 0.79375 0.604688 0.792188 0.603125 0.790625 0.603125 0.784375 0.811747
0 0.41875 0.359375 0.41875 0.378125 0.4125 0.384375 0.404687 0.384375 0.403125 0.385938 0.4 0.382812 0.398438 0.382812 0.396875 0.38125 0.395312 0.382812 0.39375 0.382812 0.392188 0.384375 0.392188 0.385938 0.390625 0.3875 0.389062 0.3875 0.3875 0.385938 0.3875 0.384375 0.385938 0.384375 0.384375 0.382812 0.378125 0.382812 0.378125 0.395312 0.384375 0.395312 0.390625 0.389062 0.392188 0.390625 0.39375 0.390625 0.396875 0.39375 0.396875 0.396875 0.398438 0.398438 0.398438 0.4 0.4 0.401563 0.4 0.403125 0.403125 0.40625 0.403125 0.4125 0.4 0.415625 0.385938 0.415625 0.384375 0.417188 0.378125 0.417188 0.378125 0.45 0.382812 0.45 0.384375 0.451562 0.389062 0.451562 0.390625 0.453125 0.395312 0.453125 0.396875 0.454688 0.398438 0.454688 0.4 0.45625 0.4 0.457812 0.401563 0.459375 0.401563 0.464063 0.403125 0.465625 0.404687 0.465625 0.40625 0.467187 0.407813 0.467187 0.409375 0.46875 0.410937 0.46875 0.4125 0.470313 0.414062 0.470313 0.41875 0.475 0.41875 0.478125 0.420312 0.479688 0.421875 0.479688 0.423438 0.478125 0.426562 0.478125 0.432813 0.471875 0.44375 0.471875 0.445312 0.473437 0.446875 0.473437 0.448438 0.471875 0.457812 0.471875 0.4625 0.467187 0.464063 0.467187 0.464063 0.465625 0.470313 0.459375 0.473437 0.459375 0.475 0.457812 0.48125 0.457812 0.482812 0.459375 0.484375 0.459375 0.485938 0.457812 0.490625 0.457812 0.492188 0.45625 0.492188 0.454688 0.49375 0.453125 0.490625 0.45 0.490625 0.448438 0.489062 0.446875 0.489062 0.445312 0.4875 0.44375 0.4875 0.442187 0.485938 0.440625 0.485938 0.439063 0.479688 0.432813 0.48125 0.43125 0.48125 0.429688 0.484375 0.426562 0.485938 0.426562 0.4875 0.425 0.489062 0.425 0.495313 0.41875 0.495313 0.417188 0.496875 0.415625 0.496875 0.410937 0.498437 0.409375 0.498437 0.401563 0.496875 0.4 0.496875 0.398438 0.49375 0.395312 0.49375 0.39375 0.48125 0.38125 0.48125 0.378125 0.479688 0.376563 0.479688 0.375 0.478125 0.373437 0.476562 0.373437 0.470313 0.367188 0.46875 0.367188 0.465625 0.364062 0.465625 0.359375 0.45625 0.359375 0.45625 0.365625 0.453125 0.36875 0.451562 0.36875 0.45 0.370313 0.448438 0.370313 0.446875 0.371875 0.439063 0.371875 0.4375 0.370313 0.4375 0.36875 0.435937 0.367188 0.435937 0.359375 0.808141
0 0 0.353125 0 0.445312 0.0125 0.445312 0.0125 0.440625 0.015625 0.4375 0.01875 0.4375 0.0203125 0.435937 0.021875 0.435937 0.0296875 0.428125 0.03125 0.428125 0.034375 0.425 0.034375 0.423438 0.0359375 0.421875 0.0359375 0.41875 0.0375 0.417188 0.0375 0.414062 0.040625 0.410937 0.040625 0.409375 0.0421875 0.407813 0.0421875 0.40625 0.04375 0.404687 0.04375 0.396875 0.0421875 0.395312 0.0421875 0.39375 0.040625 0.392188 0.040625 0.390625 0.0359375 0.385938 0.0359375 0.384375 0.034375 0.382812 0.0359375 0.38125 0.0359375 0.371875 0.0328125 0.36875 0.03125 0.36875 0.025 0.3625 0.0234375 0.3625 0.021875 0.360938 0.01875 0.360938 0.0171875 0.359375 0.015625 0.359375 0.0140625 0.357812 0.0140625 0.353125 0.803763
0 0.475 0.446875 0.475 0.453125 0.476562 0.454688 0.479688 0.454688 0.48125 0.45625 0.482812 0.45625 0.484375 0.457812 0.484375 0.459375 0.478125 0.465625 0.475 0.465625 0.473437 0.467187 0.471875 0.467187 0.467187 0.471875 0.467187 0.473437 0.464063 0.476562 0.4625 0.476562 0.460938 0.475 0.453125 0.475 0.453125 0.479688 0.457812 0.479688 0.459375 0.478125 0.467187 0.478125 0.473437 0.484375 0.473437 0.489062 0.470313 0.492188 0.467187 0.492188 0.465625 0.49375 0.464063 0.49375 0.4625 0.492188 0.453125 0.492188 0.453125 0.50625 0.460938 0.50625 0.4625 0.507812 0.464063 0.507812 0.465625 0.509375 0.471875 0.509375 0.473437 0.510938 0.475 0.510938 0.478125 0.514063 0.478125 0.51875 0.479688 0.520312 0.479688 0.521875 0.478125 0.523438 0.478125 0.528125 0.479688 0.529688 0.48125 0.529688 0.482812 0.53125 0.492188 0.53125 0.5 0.523438 0.501562 0.523438 0.503125 0.521875 0.504687 0.521875 0.507812 0.51875 0.510938 0.51875 0.5125 0.517187 0.515625 0.517187 0.517187 0.51875 0.523438 0.51875 0.525 0.520312 0.53125 0.520312 0.532812 0.51875 0.534375 0.51875 0.539062 0.514063 0.539062 0.5125 0.540625 0.510938 0.540625 0.509375 0.542188 0.507812 0.542188 0.501562 0.540625 0.5 0.540625 0.495313 0.539062 0.49375 0.539062 0.4875 0.54375 0.482812 0.545313 0.482812 0.546875 0.48125 0.546875 0.479688 0.55 0.476562 0.55 0.475 0.551562 0.473437 0.551562 0.471875 0.55 0.470313 0.548437 0.470313 0.546875 0.46875 0.545313 0.46875 0.54375 0.470313 0.54375 0.471875 0.539062 0.476562 0.5375 0.476562 0.535937 0.478125 0.532812 0.478125 0.529688 0.475 0.529688 0.471875 0.528125 0.470313 0.528125 0.457812 0.526563 0.45625 0.526563 0.446875 0.504687 0.446875 0.504687 0.453125 0.503125 0.454688 0.492188 0.454688 0.489062 0.451562 0.489062 0.446875 0.798492
0 0.696875 0.628125 0.696875 0.640625 0.698438 0.642187 0.698438 0.646875 0.695312 0.65 0.692187 0.65 0.690625 0.651563 0.6875 0.651563 0.685938 0.65 0.679688 0.65 0.678125 0.648438 0.675 0.648438 0.671875 0.645312 0.670313 0.646875 0.670313 0.651563 0.671875 0.653125 0.671875 0.659375 0.676562 0.664062 0.676562 0.665625 0.68125 0.670313 0.68125 0.678125 0.678125 0.68125 0.670313 0.68125 0.66875 0.679688 0.66875 0.678125 0.667188 0.676562 0.667188 0.675 0.665625 0.673437 0.665625 0.671875 0.664062 0.670313 0.659375 0.670313 0.659375 0.703125 0.667188 0.703125 0.670313 0.7 0.671875 0.7 0.673437 0.701563 0.673437 0.704687 0.675 0.70625 0.675 0.715625 0.676562 0.717188 0.676562 0.71875 0.679688 0.721875 0.679688 0.723437 0.68125 0.725 0.68125 0.726562 0.682813 0.728125 0.689062 0.728125 0.690625 0.726562 0.698438 0.726562 0.7 0.725 0.701563 0.725 0.703125 0.726562 0.704687 0.726562 0.70625 0.728125 0.70625 0.729688 0.709375 0.732813 0.710938 0.732813 0.7125 0.734375 0.721875 0.734375 0.723437 0.732813 0.732813 0.732813 0.734375 0.734375 0.740625 0.734375 0.742188 0.732813 0.74375 0.732813 0.754687 0.721875 0.754687 0.71875 0.75625 0.717188 0.75625 0.714063 0.7625 0.707812 0.764063 0.707812 0.76875 0.703125 0.76875 0.701563 0.765625 0.698438 0.765625 0.696875 0.7625 0.69375 0.7625 0.692187 0.760938 0.690625 0.760938 0.6875 0.7625 0.685938 0.7625 0.682813 0.771875 0.673437 0.771875 0.671875 0.773438 0.670313 0.773438 0.667188 0.771875 0.665625 0.771875 0.664062 0.770312 0.6625 0.770312 0.660937 0.76875 0.660937 0.765625 0.657812 0.764063 0.657812 0.7625 0.65625 0.759375 0.65625 0.757812 0.654688 0.75625 0.654688 0.754687 0.653125 0.754687 0.65 0.753125 0.648438 0.753125 0.639063 0.751562 0.6375 0.751562 0.635938 0.748438 0.635938 0.746875 0.634375 0.745313 0.634375 0.74375 0.635938 0.742188 0.635938 0.740625 0.6375 0.734375 0.6375 0.732813 0.639063 0.729688 0.639063 0.728125 0.640625 0.725 0.640625 0.723437 0.639063 0.720312 0.639063 0.717188 0.635938 0.715625 0.635938 0.714063 0.634375 0.714063 0.628125 0.797218
0 0.3375 0.0171875 0.3375 0.015625 0.332812 0.0109375 0.328125 0.0109375 0.328125 0.01875 0.335938 0.01875 0.3375 0.0171875 0.342187 0.0203125 0.342187 0.025 0.34375 0.0265625 0.34375 0.028125 0.339063 0.0328125 0.339063 0.034375 0.3375 0.0359375 0.3375 0.0375 0.335938 0.0390625 0.335938 0.04375 0.3375 0.0453125 0.339063 0.0453125 0.340625 0.046875 0.340625 0.0484375 0.342187 0.05 0.342187 0.0546875 0.34375 0.05625 0.34375 0.059375 0.342187 0.0609375 0.342187 0.0640625 0.3375 0.06875 0.334375 0.06875 0.332812 0.0703125 0.328125 0.0703125 0.328125 0.071875 0.332812 0.071875 0.339063 0.078125 0.342187 0.078125 0.34375 0.0796875 0.351562 0.0796875 0.353125 0.08125 0.359375 0.08125 0.360938 0.0828125 0.3625 0.0828125 0.367188 0.0875 0.367188 0.0921875 0.36875 0.09375 0.36875 0.10625 0.370313 0.107813 0.370313 0.109375 0.379687 0.109375 0.38125 0.107813 0.3875 0.107813 0.389062 0.10625 0.392188 0.10625 0.395312 0.103125 0.395312 0.101562 0.398438 0.0984375 0.4 0.0984375 0.401563 0.096875 0.404687 0.096875 0.40625 0.0984375 0.409375 0.0984375 0.410937 0.1 0.4125 0.1 0.414062 0.101562 0.417188 0.101562 0.41875 0.103125 0.420312 0.103125 0.421875 0.101562 0.423438 0.101562 0.423438 0.1 0.425 0.0984375 0.425 0.0890625 0.423438 0.0875 0.423438 0.0859375 0.421875 0.084375 0.421875 0.0796875 0.420312 0.078125 0.420312 0.0703125 0.428125 0.0625 0.428125 0.0609375 0.429688 0.059375 0.428125 0.0578125 0.428125 0.05625 0.426562 0.0546875 0.426562 0.053125 0.420312 0.046875 0.420312 0.04375 0.421875 0.0421875 0.421875 0.0390625 0.423438 0.0375 0.423438 0.0359375 0.425 0.034375 0.425 0.0328125 0.429688 0.028125 0.429688 0.0265625 0.434375 0.021875 0.434375 0.01875 0.432813 0.0171875 0.432813 0.015625 0.43125 0.015625 0.429688 0.0140625 0.426562 0.0140625 0.425 0.0125 0.420312 0.0125 0.41875 0.0109375 0.417188 0.0109375 0.415625 0.009375 0.4125 0.009375 0.410937 0.0109375 0.396875 0.0109375 0.39375 0.0078125 0.39375 0.003125 0.365625 0.003125 0.365625 0.0078125 0.3625 0.0109375 0.360938 0.0109375 0.359375 0.0125 0.357812 0.0125 0.354688 0.015625 0.353125 0.015625 0.351562 0.0171875 0.35 0.0171875 0.348437 0.01875 0.345313 0.01875 0.34375 0.0203125 0.342187 0.0203125 0.796889
0 0.451562 0.534375 0.451562 0.545313 0.45 0.546875 0.45 0.548437 0.451562 0.55 0.451562 0.55625 0.453125 0.557813 0.453125 0.560938 0.454688 0.5625 0.454688 0.565625 0.453125 0.567187 0.453125 0.56875 0.451562 0.570312 0.45 0.570312 0.448438 0.571875 0.440625 0.571875 0.440625 0.590625 0.445312 0.590625 0.448438 0.59375 0.448438 0.598437 0.45 0.6 0.45 0.615625 0.451562 0.617188 0.451562 0.61875 0.454688 0.621875 0.457812 0.621875 0.460938 0.625 0.460938 0.626562 0.464063 0.629687 0.464063 0.63125 0.470313 0.6375 0.479688 0.6375 0.48125 0.635938 0.482812 0.635938 0.4875 0.63125 0.4875 0.629687 0.490625 0.626562 0.49375 0.626562 0.495313 0.628125 0.503125 0.628125 0.504687 0.626562 0.50625 0.626562 0.509375 0.623438 0.509375 0.621875 0.510938 0.620313 0.509375 0.61875 0.509375 0.6125 0.507812 0.610937 0.507812 0.607813 0.509375 0.60625 0.510938 0.60625 0.520312 0.596875 0.520312 0.590625 0.51875 0.589063 0.51875 0.585938 0.517187 0.584375 0.517187 0.582812 0.5125 0.578125 0.5125 0.570312 0.514063 0.56875 0.514063 0.567187 0.515625 0.565625 0.515625 0.5625 0.517187 0.560938 0.517187 0.554688 0.515625 0.553125 0.515625 0.551562 0.514063 0.55 0.5125 0.55 0.504687 0.542188 0.504687 0.534375 0.49375 0.534375 0.49375 0.540625 0.489062 0.545313 0.484375 0.545313 0.482812 0.546875 0.470313 0.546875 0.467187 0.54375 0.467187 0.542188 0.465625 0.540625 0.465625 0.534375 0.792862
0 0.621875 0.003125 0.621875 0.0109375 0.628125 0.0109375 0.63125 0.0140625 0.63125 0.015625 0.634375 0.01875 0.634375 0.0203125 0.635938 0.021875 0.635938 0.0234375 0.640625 0.028125 0.642187 0.028125 0.645312 0.03125 0.646875 0.03125 0.648438 0.0328125 0.648438 0.034375 0.65 0.0359375 0.65 0.0375 0.651563 0.0390625 0.651563 0.040625 0.653125 0.0421875 0.654688 0.0421875 0.65625 0.04375 0.657812 0.04375 0.659375 0.0453125 0.665625 0.0453125 0.667188 0.04375 0.670313 0.04375 0.671875 0.0421875 0.673437 0.0421875 0.678125 0.0375 0.7 0.0375 0.701563 0.0359375 0.703125 0.0359375 0.703125 0.034375 0.704687 0.0328125 0.704687 0.028125 0.709375 0.0234375 0.714063 0.0234375 0.715625 0.021875 0.71875 0.021875 0.721875 0.01875 0.721875 0.0125 0.71875 0.009375 0.71875 0.003125 0.785621
0 0.359375 0.146875 0.359375 0.159375 0.360938 0.160938 0.360938 0.1625 0.3625 0.164062 0.3625 0.165625 0.35625 0.171875 0.354688 0.171875 0.351562 0.175 0.35 0.175 0.345313 0.179688 0.340625 0.179688 0.340625 0.189063 0.345313 0.189063 0.346875 0.190625 0.346875 0.195312 0.348437 0.196875 0.348437 0.2 0.35 0.201562 0.35 0.203125 0.353125 0.20625 0.357812 0.20625 0.360938 0.203125 0.3625 0.203125 0.365625 0.2 0.367188 0.201562 0.371875 0.201562 0.373437 0.203125 0.375 0.203125 0.378125 0.20625 0.38125 0.20625 0.382812 0.207813 0.384375 0.20625 0.385938 0.20625 0.389062 0.203125 0.390625 0.203125 0.395312 0.198437 0.403125 0.198437 0.404687 0.196875 0.404687 0.195312 0.40625 0.19375 0.40625 0.1875 0.404687 0.185937 0.404687 0.179688 0.403125 0.178125 0.403125 0.176563 0.404687 0.175 0.404687 0.173438 0.410937 0.167187 0.410937 0.165625 0.4125 0.164062 0.4125 0.1625 0.410937 0.160938 0.410937 0.157813 0.409375 0.15625 0.407813 0.15625 0.40625 0.154687 0.404687 0.154687 0.401563 0.151562 0.401563 0.146875 0.770002
0 0.275 0.003125 0.275 0.0109375 0.271875 0.0140625 0.271875 0.015625 0.270312 0.0171875 0.270312 0.01875 0.26875 0.0203125 0.26875 0.021875 0.267188 0.0234375 0.267188 0.025 0.265625 0.0265625 0.265625 0.028125 0.264062 0.0296875 0.259375 0.0296875 0.259375 0.0578125 0.270312 0.0578125 0.271875 0.059375 0.273438 0.059375 0.276563 0.0625 0.276563 0.0640625 0.278125 0.065625 0.278125 0.0671875 0.279687 0.06875 0.292188 0.06875 0.29375 0.0703125 0.295312 0.0703125 0.296875 0.071875 0.3 0.071875 0.301562 0.0734375 0.30625 0.0734375 0.307813 0.071875 0.310937 0.071875 0.315625 0.0671875 0.317187 0.0671875 0.323438 0.0609375 0.325 0.0609375 0.332812 0.053125 0.332812 0.0515625 0.334375 0.05 0.334375 0.040625 0.335938 0.0390625 0.335938 0.0375 0.3375 0.0359375 0.3375 0.034375 0.339063 0.0328125 0.339063 0.0265625 0.340625 0.025 0.340625 0.0171875 0.339063 0.015625 0.339063 0.0140625 0.334375 0.009375 0.334375 0.003125 0.763896
0 0.346875 0.915625 0.346875 0.920313 0.342187 0.925 0.340625 0.925 0.334375 0.93125 0.332812 0.93125 0.33125 0.932813 0.329688 0.932813 0.328125 0.934375 0.325 0.934375 0.323438 0.935938 0.31875 0.935938 0.317187 0.934375 0.3125 0.934375 0.310937 0.935938 0.307813 0.935938 0.301562 0.942187 0.3 0.942187 0.298438 0.94375 0.296875 0.94375 0.292188 0.948438 0.284375 0.948438 0.282813 0.946875 0.28125 0.946875 0.279687 0.945312 0.271875 0.945312 0.271875 0.976562 0.276563 0.976562 0.279687 0.979688 0.279687 0.990625 0.276563 0.99375 0.271875 0.99375 0.271875 0.998438 0.35625 0.998438 0.35625 0.992188 0.3625 0.985937 0.3625 0.984375 0.365625 0.98125 0.367188 0.98125 0.370313 0.978125 0.371875 0.978125 0.375 0.975 0.375 0.973437 0.378125 0.970312 0.378125 0.96875 0.379687 0.967188 0.379687 0.964063 0.373437 0.957812 0.373437 0.95625 0.371875 0.954687 0.371875 0.953125 0.370313 0.951563 0.370313 0.939062 0.351562 0.920313 0.351562 0.915625 0.762043
0 0.526563 0.378125 0.526563 0.382812 0.520312 0.389062 0.520312 0.392188 0.51875 0.39375 0.51875 0.396875 0.517187 0.398438 0.517187 0.4 0.514063 0.403125 0.5125 0.403125 0.510938 0.404687 0.509375 0.404687 0.507812 0.40625 0.50625 0.40625 0.503125 0.409375 0.503125 0.4125 0.501562 0.414062 0.496875 0.414062 0.496875 0.425 0.501562 0.425 0.50625 0.429688 0.50625 0.43125 0.509375 0.434375 0.509375 0.4375 0.510938 0.439063 0.510938 0.445312 0.5125 0.446875 0.5125 0.448438 0.51875 0.454688 0.521875 0.454688 0.523438 0.45625 0.528125 0.45625 0.532812 0.460938 0.532812 0.4625 0.534375 0.464063 0.534375 0.465625 0.535937 0.467187 0.5375 0.467187 0.539062 0.46875 0.548437 0.46875 0.55 0.467187 0.553125 0.467187 0.554688 0.465625 0.560938 0.465625 0.5625 0.467187 0.571875 0.467187 0.575 0.464063 0.575 0.4625 0.576563 0.460938 0.576563 0.453125 0.579687 0.45 0.58125 0.45 0.584375 0.446875 0.585938 0.446875 0.592188 0.440625 0.592188 0.434375 0.59375 0.432813 0.59375 0.420312 0.592188 0.41875 0.592188 0.417188 0.589063 0.414062 0.589063 0.404687 0.5875 0.403125 0.5875 0.401563 0.582812 0.396875 0.582812 0.395312 0.58125 0.39375 0.579687 0.39375 0.575 0.389062 0.573438 0.389062 0.571875 0.3875 0.570312 0.3875 0.56875 0.385938 0.567187 0.385938 0.565625 0.384375 0.5625 0.384375 0.560938 0.382812 0.560938 0.378125 0.760708
0 0 0.265625 0 0.348437 0.00625 0.348437 0.0078125 0.35 0.015625 0.35 0.015625 0.348437 0.0171875 0.346875 0.0171875 0.339063 0.0203125 0.335938 0.03125 0.335938 0.0328125 0.3375 0.0359375 0.334375 0.0359375 0.332812 0.034375 0.33125 0.034375 0.328125 0.03125 0.325 0.0296875 0.325 0.025 0.320312 0.025 0.317187 0.0234375 0.315625 0.0234375 0.314063 0.025 0.3125 0.025 0.309375 0.028125 0.30625 0.0328125 0.30625 0.034375 0.304688 0.0515625 0.304688 0.0515625 0.301562 0.0453125 0.301562 0.04375 0.3 0.0375 0.3 0.0359375 0.298438 0.034375 0.298438 0.03125 0.295312 0.0296875 0.295312 0.0234375 0.289062 0.021875 0.289062 0.0203125 0.2875 0.01875 0.2875 0.0171875 0.285937 0.015625 0.285937 0.0140625 0.284375 0.0140625 0.273438 0.015625 0.271875 0.015625 0.265625 0.731839
0 0 0.790625 0 0.875 0.0078125 0.875 0.0125 0.870313 0.0125 0.86875 0.0203125 0.860937 0.021875 0.860937 0.0234375 0.859375 0.025 0.859375 0.0296875 0.854688 0.0296875 0.853125 0.03125 0.851562 0.03125 0.842188 0.0296875 0.840625 0.0296875 0.8375 0.028125 0.835938 0.028125 0.834375 0.0265625 0.832812 0.0265625 0.83125 0.025 0.829687 0.025 0.826563 0.0234375 0.825 0.0234375 0.821875 0.01875 0.817187 0.01875 0.815625 0.0171875 0.814062 0.0171875 0.8125 0.015625 0.810938 0.015625 0.809375 0.0140625 0.807813 0.0140625 0.80625 0.0125 0.804688 0.0125 0.803125 0.0109375 0.801562 0.0109375 0.8 0.009375 0.798437 0.009375 0.796875 0.0078125 0.795313 0.0078125 0.790625 0.731736
0 0.517187 0.653125 0.517187 0.659375 0.515625 0.660937 0.515625 0.6625 0.514063 0.664062 0.5125 0.664062 0.510938 0.665625 0.507812 0.665625 0.504687 0.6625 0.504687 0.660937 0.503125 0.659375 0.5 0.659375 0.498437 0.660937 0.495313 0.660937 0.49375 0.6625 0.492188 0.6625 0.490625 0.664062 0.490625 0.665625 0.492188 0.667188 0.492188 0.670313 0.49375 0.671875 0.49375 0.675 0.495313 0.676562 0.495313 0.678125 0.49375 0.679688 0.49375 0.682813 0.4875 0.689062 0.4875 0.690625 0.482812 0.695312 0.478125 0.695312 0.478125 0.710938 0.4875 0.710938 0.489062 0.7125 0.492188 0.7125 0.49375 0.714063 0.495313 0.714063 0.496875 0.715625 0.496875 0.71875 0.498437 0.720312 0.498437 0.726562 0.501562 0.729688 0.504687 0.729688 0.50625 0.73125 0.509375 0.73125 0.510938 0.729688 0.5125 0.729688 0.514063 0.728125 0.515625 0.728125 0.517187 0.726562 0.51875 0.726562 0.520312 0.725 0.521875 0.725 0.526563 0.729688 0.528125 0.729688 0.529688 0.73125 0.534375 0.73125 0.5375 0.728125 0.5375 0.726562 0.542188 0.721875 0.542188 0.720312 0.54375 0.71875 0.54375 0.714063 0.545313 0.7125 0.551562 0.7125 0.553125 0.710938 0.554688 0.710938 0.557813 0.707812 0.564062 0.707812 0.564062 0.696875 0.559375 0.696875 0.557813 0.695312 0.55625 0.695312 0.54375 0.682813 0.542188 0.682813 0.5375 0.678125 0.5375 0.675 0.535937 0.673437 0.535937 0.667188 0.534375 0.665625 0.534375 0.6625 0.532812 0.660937 0.532812 0.659375 0.53125 0.657812 0.53125 0.653125 0.726935
0 0.964063 0.359375 0.964063 0.365625 0.965625 0.365625 0.96875 0.36875 0.96875 0.371875 0.965625 0.375 0.964063 0.375 0.960938 0.378125 0.959375 0.378125 0.957812 0.379687 0.954687 0.379687 0.953125 0.38125 0.951563 0.38125 0.95 0.382812 0.948438 0.382812 0.946875 0.384375 0.946875 0.385938 0.945312 0.3875 0.940625 0.3875 0.940625 0.40625 0.946875 0.40625 0.954687 0.414062 0.951563 0.417188 0.95 0.417188 0.945312 0.421875 0.940625 0.421875 0.940625 0.429688 0.946875 0.429688 0.948438 0.43125 0.95 0.43125 0.951563 0.432813 0.95625 0.432813 0.957812 0.434375 0.970312 0.434375 0.971875 0.435937 0.973437 0.435937 0.976562 0.439063 0.976562 0.440625 0.971875 0.445312 0.971875 0.446875 0.970312 0.448438 0.970312 0.45 0.96875 0.451562 0.96875 0.459375 0.970312 0.460938 0.970312 0.464063 0.971875 0.465625 0.971875 0.470313 0.998438 0.470313 0.998438 0.359375 0.719691
0 0.221875 0.921875 0.221875 0.926562 0.220313 0.928125 0.220313 0.935938 0.21875 0.9375 0.21875 0.939062 0.215625 0.942187 0.207813 0.942187 0.20625 0.940625 0.196875 0.940625 0.196875 0.998438 0.289062 0.998438 0.289062 0.951563 0.282813 0.951563 0.279687 0.954687 0.265625 0.954687 0.264062 0.953125 0.264062 0.951563 0.267188 0.948438 0.267188 0.946875 0.26875 0.945312 0.270312 0.945312 0.271875 0.94375 0.271875 0.939062 0.26875 0.935938 0.26875 0.934375 0.267188 0.932813 0.267188 0.929688 0.265625 0.928125 0.265625 0.921875 0.25 0.921875 0.25 0.928125 0.251563 0.929688 0.251563 0.93125 0.253125 0.932813 0.253125 0.9375 0.251563 0.939062 0.251563 0.942187 0.253125 0.94375 0.253125 0.946875 0.251563 0.948438 0.245312 0.948438 0.24375 0.946875 0.24375 0.945312 0.242188 0.94375 0.242188 0.940625 0.234375 0.932813 0.232812 0.932813 0.228125 0.928125 0.228125 0.921875 0.709445
0 0.979688 0.540625 0.979688 0.545313 0.978125 0.546875 0.978125 0.55 0.976562 0.551562 0.976562 0.559375 0.978125 0.560938 0.978125 0.5625 0.98125 0.565625 0.982813 0.565625 0.985937 0.56875 0.9875 0.56875 0.989062 0.570312 0.989062 0.573438 0.990625 0.575 0.990625 0.576563 0.984375 0.582812 0.982813 0.582812 0.98125 0.58125 0.978125 0.58125 0.976562 0.579687 0.975 0.579687 0.971875 0.576563 0.970312 0.576563 0.96875 0.578125 0.96875 0.584375 0.970312 0.585938 0.970312 0.5875 0.971875 0.589063 0.971875 0.59375 0.973437 0.595312 0.973437 0.596875 0.976562 0.6 0.982813 0.6 0.984375 0.601562 0.984375 0.609375 0.982813 0.610937 0.98125 0.610937 0.979688 0.6125 0.979688 0.614062 0.978125 0.615625 0.976562 0.615625 0.975 0.617188 0.973437 0.617188 0.971875 0.61875 0.970312 0.61875 0.96875 0.620313 0.96875 0.621875 0.967188 0.623438 0.967188 0.625 0.964063 0.628125 0.959375 0.628125 0.959375 0.6375 0.965625 0.6375 0.96875 0.640625 0.970312 0.640625 0.971875 0.642187 0.973437 0.642187 0.982813 0.651563 0.982813 0.653125 0.989062 0.659375 0.990625 0.659375 0.992188 0.660937 0.99375 0.660937 0.995313 0.6625 0.995313 0.664062 0.996875 0.665625 0.996875 0.670313 0.998438 0.670313 0.998438 0.540625 0.690622
0 0.3 0.484375 0.3 0.496875 0.301562 0.498437 0.301562 0.501562 0.3 0.503125 0.3 0.50625 0.298438 0.507812 0.298438 0.509375 0.292188 0.515625 0.292188 0.51875 0.289062 0.521875 0.284375 0.521875 0.284375 0.535937 0.290625 0.535937 0.292188 0.5375 0.29375 0.5375 0.296875 0.540625 0.296875 0.545313 0.298438 0.546875 0.298438 0.548437 0.3 0.55 0.3 0.551562 0.301562 0.551562 0.303125 0.553125 0.307813 0.553125 0.309375 0.554688 0.3125 0.554688 0.314063 0.55625 0.315625 0.55625 0.31875 0.553125 0.31875 0.551562 0.320312 0.55 0.320312 0.546875 0.321875 0.545313 0.321875 0.54375 0.323438 0.542188 0.323438 0.540625 0.328125 0.535937 0.329688 0.535937 0.33125 0.534375 0.342187 0.534375 0.34375 0.532812 0.346875 0.532812 0.351562 0.528125 0.351562 0.526563 0.35 0.525 0.35 0.520312 0.345313 0.515625 0.345313 0.510938 0.34375 0.509375 0.34375 0.507812 0.345313 0.50625 0.345313 0.501562 0.346875 0.5 0.346875 0.49375 0.345313 0.492188 0.3375 0.492188 0.335938 0.49375 0.332812 0.49375 0.33125 0.495313 0.321875 0.495313 0.320312 0.49375 0.31875 0.49375 0.317187 0.492188 0.315625 0.492188 0.3125 0.489062 0.3125 0.484375 0.665359
0 0.790625 0.003125 0.790625 0.0078125 0.801562 0.0078125 0.803125 0.009375 0.804688 0.009375 0.814062 0.01875 0.825 0.01875 0.826563 0.0171875 0.828125 0.0171875 0.829687 0.01875 0.835938 0.01875 0.8375 0.0203125 0.842188 0.0203125 0.84375 0.01875 0.846875 0.01875 0.848437 0.0171875 0.859375 0.0171875 0.860937 0.01875 0.867188 0.01875 0.86875 0.0171875 0.870313 0.0171875 0.873438 0.0140625 0.875 0.0140625 0.876562 0.0125 0.879687 0.0125 0.88125 0.0109375 0.882812 0.0109375 0.884375 0.009375 0.885938 0.009375 0.885938 0.003125 0.660806
0 0.732813 0 0.732813 0.003125 0.729688 0.00625 0.729688 0.009375 0.726562 0.0125 0.71875 0.0125 0.714063 0.0078125 0.709375 0.0078125 0.709375 0.0234375 0.714063 0.0234375 0.717188 0.0265625 0.717188 0.0296875 0.715625 0.03125 0.715625 0.034375 0.717188 0.0359375 0.717188 0.040625 0.720312 0.04375 0.720312 0.0453125 0.725 0.05 0.726562 0.05 0.732813 0.05625 0.734375 0.05625 0.7375 0.059375 0.739062 0.059375 0.742188 0.0625 0.74375 0.0625 0.746875 0.065625 0.748438 0.065625 0.75 0.0671875 0.751562 0.0671875 0.753125 0.06875 0.75625 0.06875 0.757812 0.0703125 0.7625 0.0703125 0.764063 0.071875 0.765625 0.0703125 0.765625 0.0671875 0.767187 0.065625 0.767187 0.0640625 0.770312 0.0609375 0.771875 0.0609375 0.773438 0.059375 0.775 0.059375 0.779688 0.0546875 0.779688 0.053125 0.78125 0.0515625 0.782812 0.0515625 0.784375 0.05 0.785937 0.05 0.7875 0.0484375 0.789062 0.0484375 0.790625 0.046875 0.792188 0.046875 0.79375 0.0453125 0.795313 0.0453125 0.8 0.040625 0.8 0.0390625 0.801562 0.0375 0.801562 0.025 0.8 0.0234375 0.8 0.0203125 0.796875 0.0171875 0.796875 0.015625 0.795313 0.0140625 0.795313 0.0125 0.79375 0.0109375 0.79375 0.009375 0.789062 0.0046875 0.7875 0.0046875 0.785937 0.003125 0.785937 0 0.654259
0 0.6625 0.078125 0.6625 0.084375 0.660937 0.0859375 0.660937 0.0890625 0.659375 0.090625 0.659375 0.0921875 0.657812 0.09375 0.657812 0.107813 0.659375 0.109375 0.659375 0.110937 0.660937 0.1125 0.660937 0.11875 0.6625 0.120312 0.6625 0.125 0.664062 0.126563 0.664062 0.145313 0.6625 0.146875 0.6625 0.148438 0.659375 0.151562 0.659375 0.153125 0.660937 0.154687 0.660937 0.15625 0.6625 0.157813 0.6625 0.160938 0.664062 0.1625 0.664062 0.16875 0.665625 0.170312 0.665625 0.171875 0.667188 0.171875 0.66875 0.173438 0.682813 0.173438 0.684375 0.175 0.695312 0.175 0.7 0.170312 0.7 0.165625 0.698438 0.164062 0.698438 0.160938 0.696875 0.159375 0.696875 0.154687 0.701563 0.15 0.703125 0.15 0.704687 0.148438 0.70625 0.148438 0.70625 0.126563 0.707812 0.125 0.707812 0.123438 0.709375 0.121875 0.709375 0.120312 0.710938 0.11875 0.710938 0.117188 0.7125 0.115625 0.7125 0.114063 0.710938 0.1125 0.710938 0.109375 0.709375 0.107813 0.709375 0.09375 0.70625 0.090625 0.7 0.090625 0.698438 0.0890625 0.695312 0.0890625 0.69375 0.0875 0.69375 0.0859375 0.692187 0.084375 0.692187 0.078125 0.640647
0 0.8875 0.109375 0.8875 0.115625 0.882812 0.120312 0.871875 0.120312 0.86875 0.123438 0.86875 0.126563 0.867188 0.128125 0.867188 0.134375 0.865625 0.135937 0.865625 0.1375 0.8625 0.140625 0.860937 0.140625 0.859375 0.142188 0.857813 0.142188 0.85625 0.14375 0.851562 0.14375 0.848437 0.146875 0.848437 0.148438 0.846875 0.15 0.846875 0.151562 0.845312 0.153125 0.845312 0.160938 0.84375 0.1625 0.84375 0.165625 0.842188 0.167187 0.842188 0.16875 0.840625 0.170312 0.840625 0.171875 0.835938 0.176563 0.835938 0.1875 0.8375 0.189063 0.8375 0.201562 0.839063 0.203125 0.840625 0.203125 0.846875 0.209375 0.848437 0.209375 0.85 0.210938 0.851562 0.210938 0.853125 0.2125 0.857813 0.2125 0.859375 0.214062 0.860937 0.214062 0.8625 0.215625 0.865625 0.215625 0.867188 0.217187 0.873438 0.217187 0.875 0.215625 0.890625 0.215625 0.890625 0.2125 0.8875 0.209375 0.8875 0.207813 0.889063 0.20625 0.890625 0.20625 0.892187 0.204688 0.892187 0.203125 0.895312 0.2 0.895312 0.198437 0.896875 0.196875 0.896875 0.19375 0.898438 0.192188 0.898438 0.190625 0.9 0.189063 0.9 0.1875 0.901563 0.185937 0.901563 0.184375 0.903125 0.182812 0.904688 0.182812 0.914062 0.173438 0.914062 0.170312 0.915625 0.16875 0.915625 0.160938 0.917188 0.159375 0.917188 0.134375 0.915625 0.132812 0.914062 0.132812 0.9125 0.13125 0.909375 0.13125 0.904688 0.126563 0.904688 0.121875 0.903125 0.120312 0.903125 0.117188 0.901563 0.115625 0.901563 0.109375 0.608522
0 0.003125 0.953125 0.003125 0.998438 0.0828125 0.998438 0.0828125 0.995313 0.0765625 0.995313 0.075 0.99375 0.075 0.990625 0.0734375 0.989062 0.0734375 0.9875 0.071875 0.985937 0.071875 0.984375 0.06875 0.98125 0.0671875 0.98125 0.065625 0.979688 0.0625 0.979688 0.0609375 0.978125 0.053125 0.978125 0.05 0.975 0.046875 0.975 0.0421875 0.970312 0.040625 0.970312 0.0375 0.967188 0.0375 0.965625 0.0359375 0.964063 0.034375 0.964063 0.0328125 0.9625 0.03125 0.9625 0.0265625 0.957812 0.0265625 0.953125 0.597145
0 0.890625 0.003125 0.890625 0.0078125 0.89375 0.0109375 0.895312 0.0109375 0.896875 0.0125 0.915625 0.0125 0.920313 0.0171875 0.921875 0.0171875 0.923437 0.01875 0.928125 0.01875 0.929688 0.0171875 0.93125 0.0171875 0.932813 0.015625 0.935938 0.015625 0.9375 0.0140625 0.945312 0.0140625 0.946875 0.0125 0.954687 0.0125 0.95625 0.0140625 0.960938 0.0140625 0.9625 0.015625 0.96875 0.015625 0.970312 0.0140625 0.971875 0.0140625 0.973437 0.0125 0.973437 0.0109375 0.975 0.009375 0.975 0.003125 0.59519
0 0.671875 0.0921875 0.676562 0.0921875 0.676562 0.084375 0.671875 0.084375 0.671875 0.0921875 0.671875 0.096875 0.66875 0.1 0.66875 0.101562 0.667188 0.103125 0.667188 0.107813 0.665625 0.109375 0.664062 0.109375 0.6625 0.107813 0.660937 0.107813 0.659375 0.10625 0.657812 0.10625 0.654688 0.103125 0.653125 0.103125 0.65 0.1 0.65 0.0984375 0.645312 0.09375 0.64375 0.09375 0.642187 0.0921875 0.640625 0.0921875 0.6375 0.0890625 0.6375 0.084375 0.571875 0.084375 0.571875 0.0890625 0.570312 0.090625 0.565625 0.090625 0.565625 0.139062 0.573438 0.139062 0.575 0.140625 0.578125 0.140625 0.590625 0.153125 0.592188 0.153125 0.596875 0.157813 0.598437 0.157813 0.603125 0.1625 0.604688 0.1625 0.607813 0.165625 0.609375 0.165625 0.6125 0.16875 0.614062 0.16875 0.615625 0.170312 0.617188 0.170312 0.61875 0.16875 0.626562 0.16875 0.628125 0.167187 0.635938 0.167187 0.6375 0.165625 0.640625 0.165625 0.642187 0.164062 0.64375 0.164062 0.645312 0.1625 0.646875 0.1625 0.653125 0.15625 0.654688 0.15625 0.65625 0.154687 0.657812 0.154687 0.659375 0.153125 0.660937 0.153125 0.660937 0.151562 0.665625 0.146875 0.66875 0.15 0.66875 0.151562 0.670313 0.153125 0.670313 0.167187 0.671875 0.16875 0.676562 0.16875 0.676562 0.096875 0.671875 0.096875 0.582482
0 0.764063 0.090625 0.764063 0.0953125 0.759375 0.1 0.745313 0.1 0.74375 0.0984375 0.739062 0.0984375 0.7375 0.1 0.732813 0.1 0.73125 0.101562 0.726562 0.101562 0.721875 0.10625 0.720312 0.10625 0.71875 0.107813 0.71875 0.109375 0.714063 0.114063 0.7125 0.114063 0.710938 0.1125 0.703125 0.1125 0.703125 0.15 0.707812 0.15 0.710938 0.153125 0.710938 0.154687 0.717188 0.160938 0.71875 0.160938 0.720312 0.1625 0.721875 0.1625 0.725 0.165625 0.725 0.167187 0.726562 0.16875 0.726562 0.173438 0.728125 0.175 0.728125 0.178125 0.73125 0.18125 0.732813 0.18125 0.734375 0.182812 0.735937 0.182812 0.739062 0.185937 0.742188 0.185937 0.74375 0.1875 0.746875 0.1875 0.75 0.190625 0.753125 0.190625 0.754687 0.192188 0.75625 0.192188 0.757812 0.19375 0.760938 0.19375 0.765625 0.198437 0.770312 0.198437 0.771875 0.196875 0.773438 0.196875 0.775 0.195312 0.779688 0.195312 0.78125 0.196875 0.784375 0.196875 0.785937 0.195312 0.789062 0.195312 0.790625 0.19375 0.790625 0.192188 0.792188 0.190625 0.792188 0.18125 0.790625 0.179688 0.790625 0.176563 0.792188 0.175 0.796875 0.175 0.798437 0.176563 0.803125 0.176563 0.804688 0.178125 0.809375 0.178125 0.810938 0.176563 0.8125 0.176563 0.815625 0.173438 0.815625 0.171875 0.817187 0.170312 0.817187 0.167187 0.825 0.159375 0.825 0.15 0.823438 0.148438 0.823438 0.139062 0.821875 0.1375 0.821875 0.13125 0.820312 0.129688 0.820312 0.126563 0.821875 0.125 0.821875 0.11875 0.823438 0.117188 0.823438 0.115625 0.820312 0.1125 0.815625 0.1125 0.814062 0.110937 0.807813 0.110937 0.80625 0.109375 0.804688 0.109375 0.801562 0.10625 0.8 0.10625 0.796875 0.103125 0.795313 0.103125 0.79375 0.101562 0.792188 0.101562 0.790625 0.1 0.782812 0.1 0.78125 0.0984375 0.778125 0.0984375 0.775 0.0953125 0.775 0.090625 0.545104
